name,label,Campus,PlacaFisica,CodigoMedicion,DAP_cm,Altura_m,Carbono_kg,Especie,EspecieID,Anio,proximo
BEN-0,Arbol nuevo,BEN,0,,0,0,0,,0,0,1040
COT-0,Arbol nuevo,COT,0,,0,0,0,,0,0,185
LIB-0,Arbol nuevo,LIB,0,,0,0,0,,0,0,369
LPA-0,Arbol nuevo,LPA,0,,0,0,0,,0,0,74
NIC-0,Arbol nuevo,NIC,0,,0,0,0,,0,0,264
OMD-0,Arbol nuevo,OMD,0,,0,0,0,,0,0,1694
SAL-0,Arbol nuevo,SAL,0,,0,0,0,,0,0,1946
SAR-0,Arbol nuevo,SAR,0,,0,0,0,,0,0,894
VLI-0,Arbol nuevo,VLI,0,,0,0,0,,0,0,80
BEN-837,837 - Yos,BEN,837,BEN-2025-0837,15.5,11.1,77.1,Yos,315,2025,0
BEN-1030,1030 - Higuerón,BEN,1030,BEN-2025-1030,25.2,7.0,145.3,Higuerón,183,2025,0
BEN-346,346 - Roble sabana,BEN,346,BEN-2025-0346,46.2,16.7,936.8,Roble sabana,6,2025,0
BEN-836,836 - Mango,BEN,836,BEN-2025-0836,19.8,11.1,113.1,Mango,14,2025,0
BEN-735,735 - Guachipelin,BEN,735,BEN-2025-0735,37.5,11.0,465.0,Guachipelin,141,2025,0
BEN-348,348 - Roble sabana,BEN,348,BEN-2025-0348,48.4,15.4,964.1,Roble sabana,6,2025,0
BEN-835,835 - Yos,BEN,835,BEN-2025-0835,20.6,14.5,170.6,Yos,315,2025,0
BEN-441,441 - Guanabana,BEN,441,BEN-2025-0441,37.2,13.5,535.1,Guanabana,47,2025,0
BEN-491,491 - Roble sabana,BEN,491,BEN-2025-0491,54.9,14.7,1206.2,Roble sabana,6,2025,0
BEN-834,834 - Jocote,BEN,834,BEN-2025-0834,52.4,12.0,985.0,Jocote,333,2025,0
BEN-142,142 - Jocote,BEN,142,BEN-2025-0142,25.0,6.5,135.0,Jocote,333,2025,0
BEN-349,349 - Roble sabana,BEN,349,BEN-2025-0349,71.3,15.4,2128.7,Roble sabana,6,2025,0
BEN-833,833 - Mango,BEN,833,BEN-2025-0833,25.1,7.4,133.1,Mango,14,2025,0
BEN-25,25 - Guayaba,BEN,25,BEN-2025-0025,16.8,7.5,67.1,Guayaba,297,2025,0
BEN-568,568 - higuerón,BEN,568,BEN-2025-0568,82.5,25.0,4402.3,higuerón,178,2025,0
BEN-524,524 - Guarumo,BEN,524,BEN-2025-0524,26.0,13.0,250.9,Guarumo,88,2025,0
BEN-827,827 - Cortez amarillo,BEN,827,BEN-2025-0827,19.4,7.5,89.9,Cortez amarillo,200,2025,0
BEN-634,634 - Cedro amargo,BEN,634,BEN-2025-0634,67.8,16.0,1927.5,Cedro amargo,9,2025,0
BEN-350,350 - Uruca,BEN,350,BEN-2025-0350,40.0,12.5,584.8,Uruca,359,2025,0
BEN-826,826 - Guachipelin,BEN,826,BEN-2025-0826,19.6,7.0,86.8,Guachipelin,141,2025,0
BEN-141,141 - Yos,BEN,141,BEN-2025-0141,71.5,16.7,2401.1,Yos,315,2025,0
BEN-351,351 - manteco,BEN,351,BEN-2025-0351,18.8,8.6,93.3,manteco,361,2025,0
BEN-825,825 - Guachipelin,BEN,825,BEN-2025-0825,34.6,8.8,332.2,Guachipelin,141,2025,0
BEN-1031,1031 - Cinamomun,BEN,1031,BEN-2025-1031,77.5,14.0,2466.8,Cinamomun,99,2025,0
BEN-525,525 - Uruca,BEN,525,BEN-2025-0525,15.4,6.8,52.0,Uruca,359,2025,0
BEN-824,824 - Cedro amargo,BEN,824,BEN-2025-0824,61.9,22.4,2083.3,Cedro amargo,9,2025,0
BEN-990,990 - No registrado,BEN,990,BEN-2025-0990,16.8,6.9,63.2,No registrado,131,2025,0
BEN-352,352 - Yos,BEN,352,BEN-2025-0352,42.3,18.7,897.5,Yos,315,2025,0
BEN-533,533 - Guachipelin,BEN,533,BEN-2025-0533,18.4,6.4,71.4,Guachipelin,141,2025,0
BEN-822,822 - guabillo,BEN,822,BEN-2025-0822,41.5,10.5,551.2,guabillo,210,2025,0
BEN-558,558 - barrabas,BEN,558,BEN-2025-0558,19.8,6.4,82.9,barrabas,168,2025,0
BEN-353,353 - Uruca,BEN,353,BEN-2025-0353,35.8,8.3,338.7,Uruca,359,2025,0
BEN-989,989 - Jacaranda,BEN,989,BEN-2025-0989,16.4,5.7,46.9,Jacaranda,8,2025,0
BEN-354,354 - Uruca,BEN,354,BEN-2025-0354,28.7,8.3,216.5,Uruca,359,2025,0
BEN-481,481 - Orgullo de la india,BEN,481,BEN-2025-0481,32.2,14.3,419.1,Orgullo de la india,229,2025,0
BEN-535,535 - pino australiano,BEN,535,BEN-2025-0535,81.5,23.1,4037.7,pino australiano,85,2025,0
BEN-811,"811 - calistemón, hisopo",BEN,811,BEN-2025-0811,29.6,8.8,240.5,"calistemón, hisopo",69,2025,0
BEN-988,988 - ira café,BEN,988,BEN-2025-0988,14.7,8.2,54.7,ira café,280,2025,0
BEN-526,526 - Uruca,BEN,526,BEN-2025-0526,12.2,6.8,32.4,Uruca,359,2025,0
BEN-810,810 - Aguacate,BEN,810,BEN-2025-0810,37.0,15.8,598.9,Aguacate,279,2025,0
BEN-865,865 - No registrado,BEN,865,BEN-2025-0865,31.6,9.8,299.3,No registrado,224,2025,0
BEN-355,355 - Cedro amargo,BEN,355,BEN-2025-0355,71.5,21.9,2739.3,Cedro amargo,9,2025,0
BEN-542,542 - Jocote,BEN,542,BEN-2025-0542,38.0,9.0,408.6,Jocote,333,2025,0
BEN-807,807 - Cortez amarillo,BEN,807,BEN-2025-0807,26.6,11.1,232.8,Cortez amarillo,200,2025,0
BEN-916,916 - Uruca,BEN,916,BEN-2025-0916,59.3,9.2,1030.3,Uruca,359,2025,0
BEN-357,357 - Jocote,BEN,357,BEN-2025-0357,50.8,9.5,770.8,Jocote,333,2025,0
BEN-806,806 - Aguacate,BEN,806,BEN-2025-0806,48.3,12.6,866.9,Aguacate,279,2025,0
BEN-140,140 - Guanacaste,BEN,140,BEN-2025-0140,64.3,14.5,1623.9,Guanacaste,1,2025,0
BEN-527,527 - Vainillo,BEN,527,BEN-2025-0527,12.9,5.9,32.5,Vainillo,347,2025,0
BEN-805,805 - jaboncillo,BEN,805,BEN-2025-0805,32.7,12.8,394.7,jaboncillo,314,2025,0
BEN-27,27 - Guayaba,BEN,27,BEN-2025-0027,19.1,6.9,81.7,Guayaba,297,2025,0
BEN-358,358 - Pirul,BEN,358,BEN-2025-0358,30.5,9.0,261.4,Pirul,320,2025,0
BEN-799,799 - Roble sabana,BEN,799,BEN-2025-0799,41.1,17.0,748.3,Roble sabana,6,2025,0
BEN-1033,1033 - Cinamomun,BEN,1033,BEN-2025-1033,13.6,4.0,26.7,Cinamomun,99,2025,0
BEN-359,359 - Cedro amargo,BEN,359,BEN-2025-0359,50.6,13.2,914.6,Cedro amargo,9,2025,0
BEN-798,798 - Roble sabana,BEN,798,BEN-2025-0798,56.4,17.0,1427.7,Roble sabana,6,2025,0
BEN-139,139 - Guanacaste,BEN,139,BEN-2025-0139,29.3,15.5,344.2,Guanacaste,1,2025,0
BEN-544,544 - Chicasquil,BEN,544,BEN-2025-0544,17.0,8.0,72.3,Chicasquil,112,2025,0
BEN-797,797 - Indio desnudo,BEN,797,BEN-2025-0797,37.7,12.2,508.7,Indio desnudo,62,2025,0
BEN-841,841 - ira café,BEN,841,BEN-2025-0841,16.0,8.7,67.7,ira café,280,2025,0
BEN-361,361 - Cedro amargo,BEN,361,BEN-2025-0361,43.7,16.9,820.4,Cedro amargo,9,2025,0
BEN-796,796 - Indio desnudo,BEN,796,BEN-2025-0796,38.4,12.2,529.6,Indio desnudo,62,2025,0
BEN-495,495 - Roble sabana,BEN,495,BEN-2025-0495,21.2,19.0,211.3,Roble sabana,6,2025,0
BEN-528,528 - Vainillo,BEN,528,BEN-2025-0528,15.3,5.9,46.0,Vainillo,347,2025,0
BEN-795,795 - Mango,BEN,795,BEN-2025-0795,17.3,5.4,49.0,Mango,14,2025,0
BEN-667,667 - Vainillo,BEN,667,BEN-2025-0667,23.6,9.2,157.3,Vainillo,347,2025,0
BEN-360,360 - Cedro amargo,BEN,360,BEN-2025-0360,39.4,16.9,663.7,Cedro amargo,9,2025,0
BEN-794,794 - Madero Negro,BEN,794,BEN-2025-0794,46.0,12.0,756.2,Madero Negro,186,2025,0
BEN-29,29 - Guayaba,BEN,29,BEN-2025-0029,23.2,7.3,126.9,Guayaba,297,2025,0
BEN-362,362 - Cedro amargo,BEN,362,BEN-2025-0362,44.3,16.9,845.4,Cedro amargo,9,2025,0
BEN-793,793 - Aguacate,BEN,793,BEN-2025-0793,59.0,16.6,1614.9,Aguacate,279,2025,0
BEN-1034,1034 - Roble sabana,BEN,1034,BEN-2025-1034,22.3,8.4,124.0,Roble sabana,6,2025,0
BEN-789,789 - manteco,BEN,789,BEN-2025-0789,19.8,8.7,105.3,manteco,361,2025,0
BEN-138,138 - Caoba,BEN,138,BEN-2025-0138,72.4,27.2,3376.7,Caoba,10,2025,0
BEN-545,545 - Chicasquil,BEN,545,BEN-2025-0545,14.5,8.0,52.2,Chicasquil,112,2025,0
BEN-788,788 - Uruca,BEN,788,BEN-2025-0788,23.6,5.1,99.4,Uruca,359,2025,0
BEN-768,768 - Cedro amargo,BEN,768,BEN-2025-0768,23.5,8.6,136.3,Cedro amargo,9,2025,0
BEN-363,363 - Jocote,BEN,363,BEN-2025-0363,49.8,9.9,764.3,Jocote,333,2025,0
BEN-787,787 - Uruca,BEN,787,BEN-2025-0787,19.2,5.1,64.9,Uruca,359,2025,0
BEN-829,829 - Jocote,BEN,829,BEN-2025-0829,75.5,17.2,2747.7,Jocote,333,2025,0
BEN-529,529 - Yos,BEN,529,BEN-2025-0529,27.9,8.0,198.5,Yos,315,2025,0
BEN-786,786 - manteco,BEN,786,BEN-2025-0786,17.8,7.6,76.2,manteco,361,2025,0
BEN-1035,1035 - Cedro amargo,BEN,1035,BEN-2025-1035,12.5,4.8,24.0,Cedro amargo,9,2025,0
BEN-364,364 - Jocote,BEN,364,BEN-2025-0364,47.5,9.9,693.5,Jocote,333,2025,0
BEN-785,785 - Yos,BEN,785,BEN-2025-0785,17.9,4.7,52.7,Yos,315,2025,0
BEN-711,711 - Guabillo,BEN,711,BEN-2025-0711,15.8,6.0,49.7,Guabillo,215,2025,0
BEN-365,365 - guaba,BEN,365,BEN-2025-0365,24.4,7.3,140.6,guaba,216,2025,0
BEN-784,784 - Madero Negro,BEN,784,BEN-2025-0784,18.7,4.9,60.1,Madero Negro,186,2025,0
BEN-30,30 - Guayaba,BEN,30,BEN-2025-0030,21.7,8.6,125.8,Guayaba,297,2025,0
BEN-366,366 - Guayaba,BEN,366,BEN-2025-0366,18.2,19.2,164.8,Guayaba,297,2025,0
BEN-783,783 - Uruca,BEN,783,BEN-2025-0783,30.7,5.4,178.0,Uruca,359,2025,0
BEN-494,494 - Guachipelin,BEN,494,BEN-2025-0494,34.3,17.8,562.3,Guachipelin,141,2025,0
BEN-137,137 - Caoba,BEN,137,BEN-2025-0137,18.9,11.0,107.7,Caoba,10,2025,0
BEN-555,555 - Cocobolo,BEN,555,BEN-2025-0555,35.5,16.0,556.7,Cocobolo,136,2025,0
BEN-778,778 - Uruca,BEN,778,BEN-2025-0778,20.2,8.1,103.8,Uruca,359,2025,0
BEN-136,136 - Caoba,BEN,136,BEN-2025-0136,57.2,21.8,1757.4,Caoba,10,2025,0
BEN-367,367 - Cedro amargo,BEN,367,BEN-2025-0367,43.7,16.4,802.5,Cedro amargo,9,2025,0
BEN-536,536 - Aguacate,BEN,536,BEN-2025-0536,23.1,8.9,146.7,Aguacate,279,2025,0
BEN-776,776 - manteco,BEN,776,BEN-2025-0776,22.0,6.4,102.3,manteco,361,2025,0
BEN-769,769 - Yos,BEN,769,BEN-2025-0769,18.2,12.5,117.0,Yos,315,2025,0
BEN-368,368 - Cedro amargo,BEN,368,BEN-2025-0368,42.2,19.4,851.4,Cedro amargo,9,2025,0
BEN-775,775 - Uruca,BEN,775,BEN-2025-0775,17.9,7.4,75.2,Uruca,359,2025,0
BEN-482,482 - Almendro de río,BEN,482,BEN-2025-0482,30.6,15.4,399.9,Almendro de río,44,2025,0
BEN-369,369 - Cedro amargo,BEN,369,BEN-2025-0369,52.1,18.5,1261.6,Cedro amargo,9,2025,0
BEN-774,774 - Uruca,BEN,774,BEN-2025-0774,24.1,6.2,121.1,Uruca,359,2025,0
BEN-135,135 - Caoba,BEN,135,BEN-2025-0135,68.9,21.5,2541.2,Caoba,10,2025,0
BEN-370,370 - Cedro amargo,BEN,370,BEN-2025-0370,39.7,18.5,724.4,Cedro amargo,9,2025,0
BEN-773,773 - Uruca,BEN,773,BEN-2025-0773,15.0,7.2,51.2,Uruca,359,2025,0
BEN-863,863 - No registrado,BEN,863,BEN-2025-0863,21.8,6.7,104.1,No registrado,132,2025,0
BEN-537,537 - Aguacate,BEN,537,BEN-2025-0537,28.6,14.6,333.6,Aguacate,279,2025,0
BEN-772,772 - Quizarra,BEN,772,BEN-2025-0772,19.2,7.2,85.3,Quizarra,261,2025,0
BEN-134,134 - Caoba,BEN,134,BEN-2025-0134,29.3,11.2,267.2,Caoba,10,2025,0
BEN-133,133 - Caoba,BEN,133,BEN-2025-0133,45.7,18.6,982.4,Caoba,10,2025,0
BEN-371,371 - Cedro amargo,BEN,371,BEN-2025-0371,47.7,18.5,1053.9,Cedro amargo,9,2025,0
BEN-767,767 - Manazana rosa,BEN,767,BEN-2025-0767,17.4,8.5,79.7,Manazana rosa,342,2025,0
BEN-31,31 - Mango,BEN,31,BEN-2025-0031,26.7,8.0,161.0,Mango,14,2025,0
BEN-372,372 - Cedro amargo,BEN,372,BEN-2025-0372,31.6,18.5,454.2,Cedro amargo,9,2025,0
BEN-766,766 - Cortez amarillo,BEN,766,BEN-2025-0766,14.1,5.8,38.3,Cortez amarillo,200,2025,0
BEN-800,800 - Manazana rosa,BEN,800,BEN-2025-0800,22.7,17.4,238.9,Manazana rosa,342,2025,0
BEN-538,538 - Guitite,BEN,538,BEN-2025-0538,16.8,6.0,56.4,Guitite,35,2025,0
BEN-765,765 - Indio desnudo,BEN,765,BEN-2025-0765,15.8,3.9,35.6,Indio desnudo,62,2025,0
BEN-132,132 - Caoba,BEN,132,BEN-2025-0132,35.4,17.4,554.0,Caoba,10,2025,0
BEN-373,373 - Cedro amargo,BEN,373,BEN-2025-0373,44.5,18.5,913.4,Cedro amargo,9,2025,0
BEN-764,764 - Indio desnudo,BEN,764,BEN-2025-0764,25.8,6.6,145.4,Indio desnudo,62,2025,0
BEN-131,131 - Caoba,BEN,131,BEN-2025-0131,41.1,27.4,1070.0,Caoba,10,2025,0
BEN-539,539 - Ron ron,BEN,539,BEN-2025-0539,25.1,12.6,227.9,Ron ron,52,2025,0
BEN-763,763 - Madero Negro,BEN,763,BEN-2025-0763,15.5,10.0,71.2,Madero Negro,186,2025,0
BEN-130,130 - Caoba,BEN,130,BEN-2025-0130,37.0,23.0,753.5,Caoba,10,2025,0
BEN-374,374 - Cedro amargo,BEN,374,BEN-2025-0374,57.5,18.5,1541.6,Cedro amargo,9,2025,0
BEN-762,762 - Jocote,BEN,762,BEN-2025-0762,21.0,6.0,88.9,Jocote,333,2025,0
BEN-770,770 - manteco,BEN,770,BEN-2025-0770,23.2,13.2,200.4,manteco,361,2025,0
BEN-540,540 - Ron ron,BEN,540,BEN-2025-0540,17.3,12.6,106.7,Ron ron,52,2025,0
BEN-761,761 - Madero Negro,BEN,761,BEN-2025-0761,26.2,10.0,207.7,Madero Negro,186,2025,0
BEN-493,493 - Guachipelin,BEN,493,BEN-2025-0493,24.0,17.8,272.2,Guachipelin,141,2025,0
BEN-757,757 - Madero Negro,BEN,757,BEN-2025-0757,19.7,12.2,135.6,Madero Negro,186,2025,0
BEN-191,191 - Jocote,BEN,191,BEN-2025-0191,38.2,10.9,479.4,Jocote,333,2025,0
BEN-375,375 - Cedro amargo,BEN,375,BEN-2025-0375,35.1,18.5,562.8,Cedro amargo,9,2025,0
BEN-756,756 - Manazana rosa,BEN,756,BEN-2025-0756,35.0,9.5,360.3,Manazana rosa,342,2025,0
BEN-129,129 - Caoba,BEN,129,BEN-2025-0129,71.7,23.2,2924.7,Caoba,10,2025,0
BEN-376,376 - Cedro amargo,BEN,376,BEN-2025-0376,48.0,18.0,1042.2,Cedro amargo,9,2025,0
BEN-755,755 - Manazana rosa,BEN,755,BEN-2025-0755,31.2,9.5,285.0,Manazana rosa,342,2025,0
BEN-128,128 - Caoba,BEN,128,BEN-2025-0128,52.7,24.5,1628.4,Caoba,10,2025,0
BEN-492,492 - Roble sabana,BEN,492,BEN-2025-0492,53.5,17.8,1324.7,Roble sabana,6,2025,0
BEN-754,754 - Manazana rosa,BEN,754,BEN-2025-0754,32.2,9.5,304.0,Manazana rosa,342,2025,0
BEN-470,470 - Jocote,BEN,470,BEN-2025-0470,0.3,5.0,0.0,Jocote,333,2025,0
BEN-377,377 - Uruca,BEN,377,BEN-2025-0377,25.7,6.8,148.3,Uruca,359,2025,0
BEN-753,753 - Madero Negro,BEN,753,BEN-2025-0753,32.2,13.0,388.1,Madero Negro,186,2025,0
BEN-192,192 - guaba,BEN,192,BEN-2025-0192,23.0,11.0,171.5,guaba,216,2025,0
BEN-910,910 - Guitite,BEN,910,BEN-2025-0910,22.4,5.1,89.2,Guitite,35,2025,0
BEN-752,752 - Madero Negro,BEN,752,BEN-2025-0752,20.3,12.1,143.2,Madero Negro,186,2025,0
BEN-127,127 - Caoba,BEN,127,BEN-2025-0127,44.1,17.2,859.5,Caoba,10,2025,0
BEN-541,541 - barrabas,BEN,541,BEN-2025-0541,15.5,7.0,53.9,barrabas,168,2025,0
BEN-751,751 - gavilancillo,BEN,751,BEN-2025-0751,29.0,13.0,313.5,gavilancillo,36,2025,0
BEN-193,193 - Vainillo,BEN,193,BEN-2025-0193,21.4,11.0,148.1,Vainillo,347,2025,0
BEN-378,378 - Guachipelin,BEN,378,BEN-2025-0378,38.0,14.2,582.9,Guachipelin,141,2025,0
BEN-379,379 - Guachipelin,BEN,379,BEN-2025-0379,21.3,14.2,179.3,Guachipelin,141,2025,0
BEN-744,744 - Jocote,BEN,744,BEN-2025-0744,18.4,4.0,49.5,Jocote,333,2025,0
BEN-126,126 - Caoba,BEN,126,BEN-2025-0126,34.3,19.2,560.8,Caoba,10,2025,0
BEN-380,380 - Sangrillo,BEN,380,BEN-2025-0380,27.2,14.4,298.8,Sangrillo,299,2025,0
BEN-743,743 - Uruca,BEN,743,BEN-2025-0743,16.2,10.0,77.9,Uruca,359,2025,0
BEN-125,125 - Caoba,BEN,125,BEN-2025-0125,46.6,19.0,1039.4,Caoba,10,2025,0
BEN-381,381 - Cedro amargo,BEN,381,BEN-2025-0381,85.6,19.2,3576.9,Cedro amargo,9,2025,0
BEN-742,742 - poró,BEN,742,BEN-2025-0742,24.6,5.8,119.5,poró,155,2025,0
BEN-723,723 - Guachipelin,BEN,723,BEN-2025-0723,46.8,9.0,624.9,Guachipelin,141,2025,0
BEN-548,548 - Guitite,BEN,548,BEN-2025-0548,15.2,6.4,48.3,Guitite,35,2025,0
BEN-741,741 - poró,BEN,741,BEN-2025-0741,30.3,6.0,187.7,poró,155,2025,0
BEN-194,194 - Uruca,BEN,194,BEN-2025-0194,25.9,7.8,167.2,Uruca,359,2025,0
BEN-382,382 - Cedro amargo,BEN,382,BEN-2025-0382,87.1,19.7,3774.7,Cedro amargo,9,2025,0
BEN-740,740 - Aguacate,BEN,740,BEN-2025-0740,16.8,10.0,83.9,Aguacate,279,2025,0
BEN-124,124 - Roble sabana,BEN,124,BEN-2025-0124,61.7,27.0,2455.1,Roble sabana,6,2025,0
BEN-549,549 - Guitite,BEN,549,BEN-2025-0549,16.8,7.1,64.3,Guitite,35,2025,0
BEN-739,739 - gavilancillo,BEN,739,BEN-2025-0739,38.0,15.0,608.3,gavilancillo,36,2025,0
BEN-123,123 - Roble sabana,BEN,123,BEN-2025-0123,56.6,10.2,964.5,Roble sabana,6,2025,0
BEN-383,383 - Yos,BEN,383,BEN-2025-0383,20.9,12.5,155.6,Yos,315,2025,0
BEN-384,384 - Yos,BEN,384,BEN-2025-0384,39.6,10.1,485.0,Yos,315,2025,0
BEN-550,550 - Cortez amarillo,BEN,550,BEN-2025-0550,11.5,12.0,44.6,Cortez amarillo,200,2025,0
BEN-733,733 - Madero Negro,BEN,733,BEN-2025-0733,19.0,9.2,101.1,Madero Negro,186,2025,0
BEN-917,917 - Aguacate,BEN,917,BEN-2025-0917,26.6,5.0,125.2,Aguacate,279,2025,0
BEN-385,385 - Lorito,BEN,385,BEN-2025-0385,20.0,11.2,130.1,Lorito,114,2025,0
BEN-732,732 - Madero Negro,BEN,732,BEN-2025-0732,13.7,9.2,51.9,Madero Negro,186,2025,0
BEN-195,195 - Madero Negro,BEN,195,BEN-2025-0195,33.0,12.0,383.4,Madero Negro,186,2025,0
BEN-546,546 - Chicasquil,BEN,546,BEN-2025-0546,12.3,8.0,37.3,Chicasquil,112,2025,0
BEN-386,386 - Lorito,BEN,386,BEN-2025-0386,32.0,15.5,439.8,Lorito,114,2025,0
BEN-730,730 - Madero Negro,BEN,730,BEN-2025-0730,17.0,8.8,77.8,Madero Negro,186,2025,0
BEN-122,122 - Jocote,BEN,122,BEN-2025-0122,51.8,17.7,1301.8,Jocote,333,2025,0
BEN-551,551 - barrabas,BEN,551,BEN-2025-0551,12.1,12.0,49.5,barrabas,168,2025,0
BEN-729,729 - Guachipelin,BEN,729,BEN-2025-0729,26.4,8.7,189.3,Guachipelin,141,2025,0
BEN-121,121 - Cinamomun,BEN,121,BEN-2025-0121,29.5,17.5,409.2,Cinamomun,99,2025,0
BEN-552,552 - Guachipelin,BEN,552,BEN-2025-0552,26.0,7.0,154.9,Guachipelin,141,2025,0
BEN-728,728 - Guachipelin,BEN,728,BEN-2025-0728,29.5,8.7,237.4,Guachipelin,141,2025,0
BEN-483,483 - Guanacaste,BEN,483,BEN-2025-0483,71.4,24.3,3009.7,Guanacaste,1,2025,0
BEN-387,387 - Cedro amargo,BEN,387,BEN-2025-0387,45.0,14.2,762.2,Cedro amargo,9,2025,0
BEN-727,727 - gavilancillo,BEN,727,BEN-2025-0727,30.0,12.8,331.9,gavilancillo,36,2025,0
BEN-196,196 - Madero Negro,BEN,196,BEN-2025-0196,35.8,13.5,496.2,Madero Negro,186,2025,0
BEN-388,388 - Cedro amargo,BEN,388,BEN-2025-0388,42.2,11.2,554.7,Cedro amargo,9,2025,0
BEN-553,553 - Caoba,BEN,553,BEN-2025-0553,60.8,15.5,1526.0,Caoba,10,2025,0
BEN-722,722 - Guachipelin,BEN,722,BEN-2025-0722,49.0,9.0,686.3,Guachipelin,141,2025,0
BEN-120,120 - Cinamomun,BEN,120,BEN-2025-0120,31.7,18.3,490.7,Cinamomun,99,2025,0
BEN-389,389 - Jocote,BEN,389,BEN-2025-0389,38.2,12.4,530.9,Jocote,333,2025,0
BEN-721,721 - Guachipelin,BEN,721,BEN-2025-0721,49.4,9.0,697.8,Guachipelin,141,2025,0
BEN-119,119 - Uruca,BEN,119,BEN-2025-0119,18.2,7.2,76.5,Uruca,359,2025,0
BEN-559,559 - barrabas,BEN,559,BEN-2025-0559,20.0,10.0,119.8,barrabas,168,2025,0
BEN-720,720 - Cedro amargo,BEN,720,BEN-2025-0720,14.8,8.0,50.4,Cedro amargo,9,2025,0
BEN-842,842 - ira café,BEN,842,BEN-2025-0842,18.2,9.7,96.5,ira café,280,2025,0
BEN-390,390 - Guachipelin,BEN,390,BEN-2025-0390,35.8,9.2,367.8,Guachipelin,141,2025,0
BEN-719,719 - gavilancillo,BEN,719,BEN-2025-0719,24.9,11.0,201.7,gavilancillo,36,2025,0
BEN-197,197 - Guarumo,BEN,197,BEN-2025-0197,31.2,12.5,353.0,Guarumo,88,2025,0
BEN-560,560 - Madero Negro,BEN,560,BEN-2025-0560,31.4,9.2,281.6,Madero Negro,186,2025,0
BEN-717,717 - gavilancillo,BEN,717,BEN-2025-0717,37.5,15.0,592.1,gavilancillo,36,2025,0
BEN-118,118 - Uruca,BEN,118,BEN-2025-0118,27.8,6.8,173.6,Uruca,359,2025,0
BEN-391,391 - Jocote,BEN,391,BEN-2025-0391,30.2,8.4,242.5,Jocote,333,2025,0
BEN-716,716 - Sangrillo,BEN,716,BEN-2025-0716,22.1,13.0,180.1,Sangrillo,300,2025,0
BEN-116,116 - Poro,BEN,116,BEN-2025-0116,71.9,20.0,2794.8,Poro,153,2025,0
BEN-392,392 - Yos,BEN,392,BEN-2025-0392,25.1,10.5,197.6,Yos,315,2025,0
BEN-715,715 - Sangrillo,BEN,715,BEN-2025-0715,20.9,13.0,160.7,Sangrillo,300,2025,0
BEN-561,561 - copey,BEN,561,BEN-2025-0561,115.3,17.9,6717.4,copey,110,2025,0
BEN-710,710 - Guabillo,BEN,710,BEN-2025-0710,16.0,6.0,51.0,Guabillo,215,2025,0
BEN-771,771 - manteco,BEN,771,BEN-2025-0771,14.0,7.2,44.9,manteco,361,2025,0
BEN-393,393 - Cedro amargo,BEN,393,BEN-2025-0393,53.8,15.5,1173.1,Cedro amargo,9,2025,0
BEN-709,709 - gavilancillo,BEN,709,BEN-2025-0709,26.0,12.0,235.7,gavilancillo,36,2025,0
BEN-198,198 - Uruca,BEN,198,BEN-2025-0198,31.4,7.0,227.6,Uruca,359,2025,0
BEN-562,562 - copey,BEN,562,BEN-2025-0562,9.3,12.8,30.4,copey,110,2025,0
BEN-394,394 - Yos,BEN,394,BEN-2025-0394,24.7,11.2,201.0,Yos,315,2025,0
BEN-395,395 - Aguacate,BEN,395,BEN-2025-0395,37.4,12.2,500.8,Aguacate,279,2025,0
BEN-705,705 - Higuerón,BEN,705,BEN-2025-0705,58.9,11.5,1209.1,Higuerón,183,2025,0
BEN-113,113 - Guachipelin,BEN,113,BEN-2025-0113,29.0,13.2,317.3,Guachipelin,141,2025,0
BEN-396,396 - Cedro amargo,BEN,396,BEN-2025-0396,55.0,14.3,1150.8,Cedro amargo,9,2025,0
BEN-703,703 - gavilancillo,BEN,703,BEN-2025-0703,22.2,18.0,234.2,gavilancillo,36,2025,0
BEN-112,112 - Guachipelin,BEN,112,BEN-2025-0112,43.0,14.4,758.2,Guachipelin,141,2025,0
BEN-563,563 - copey,BEN,563,BEN-2025-0563,98.6,17.5,4796.7,copey,110,2025,0
BEN-702,702 - gavilancillo,BEN,702,BEN-2025-0702,24.3,12.0,205.4,gavilancillo,36,2025,0
BEN-886,886 - Poro,BEN,886,BEN-2025-0886,71.4,14.9,2122.3,Poro,3,2025,0
BEN-399,399 - Jocote,BEN,399,BEN-2025-0399,62.7,10.9,1317.0,Jocote,333,2025,0
BEN-701,701 - Sangrillo,BEN,701,BEN-2025-0701,34.0,23.0,676.4,Sangrillo,300,2025,0
BEN-199,199 - lagarto blanco,BEN,199,BEN-2025-0199,17.4,10.3,92.2,lagarto blanco,383,2025,0
BEN-695,695 - gavilancillo,BEN,695,BEN-2025-0695,21.9,10.5,149.7,gavilancillo,36,2025,0
BEN-111,111 - Guachipelin,BEN,111,BEN-2025-0111,42.9,14.0,738.3,Guachipelin,141,2025,0
BEN-564,564 - higuerón,BEN,564,BEN-2025-0564,60.8,25.0,2362.1,higuerón,178,2025,0
BEN-694,694 - gavilancillo,BEN,694,BEN-2025-0694,20.8,10.5,134.8,gavilancillo,36,2025,0
BEN-110,110 - Guachipelin,BEN,110,BEN-2025-0110,23.9,9.7,168.2,Guachipelin,141,2025,0
BEN-397,397 - Jocote,BEN,397,BEN-2025-0397,54.8,10.9,1000.2,Jocote,333,2025,0
BEN-693,693 - gavilancillo,BEN,693,BEN-2025-0693,22.9,9.0,145.4,gavilancillo,36,2025,0
BEN-255,255 - Madero Negro,BEN,255,BEN-2025-0255,22.5,10.0,152.3,Madero Negro,186,2025,0
BEN-398,398 - Jocote,BEN,398,BEN-2025-0398,47.2,10.9,738.8,Jocote,333,2025,0
BEN-692,692 - gavilancillo,BEN,692,BEN-2025-0692,19.0,9.0,99.4,gavilancillo,36,2025,0
BEN-200,200 - Cedro amargo,BEN,200,BEN-2025-0200,39.8,12.2,526.4,Cedro amargo,9,2025,0
BEN-565,565 - higuerón,BEN,565,BEN-2025-0565,114.5,26.0,8857.8,higuerón,178,2025,0
BEN-691,691 - gavilancillo,BEN,691,BEN-2025-0691,24.8,19.0,306.2,gavilancillo,36,2025,0
BEN-109,109 - Guachipelin,BEN,109,BEN-2025-0109,34.3,23.2,693.2,Guachipelin,141,2025,0
BEN-400,400 - Cedro amargo,BEN,400,BEN-2025-0400,60.2,16.2,1525.6,Cedro amargo,9,2025,0
BEN-690,690 - Vainillo,BEN,690,BEN-2025-0690,25.9,11.0,218.6,Vainillo,347,2025,0
BEN-108,108 - Guachipelin,BEN,108,BEN-2025-0108,33.5,18.3,549.2,Guachipelin,141,2025,0
BEN-401,401 - Aguacate,BEN,401,BEN-2025-0401,40.2,8.2,425.8,Aguacate,279,2025,0
BEN-689,689 - Vainillo,BEN,689,BEN-2025-0689,11.1,8.6,32.0,Vainillo,347,2025,0
BEN-779,779 - Uruca,BEN,779,BEN-2025-0779,20.7,6.2,88.4,Uruca,359,2025,0
BEN-633,633 - Cedro amargo,BEN,633,BEN-2025-0633,67.2,16.0,1892.9,Cedro amargo,9,2025,0
BEN-570,570 - Higuerón,BEN,570,BEN-2025-0570,76.9,8.2,1600.6,Higuerón,183,2025,0
BEN-684,684 - Vainillo,BEN,684,BEN-2025-0684,20.9,6.0,88.0,Vainillo,347,2025,0
BEN-804,804 - jaboncillo,BEN,804,BEN-2025-0804,19.4,12.8,136.6,jaboncillo,314,2025,0
BEN-402,402 - Cedro amargo,BEN,402,BEN-2025-0402,50.5,12.8,888.9,Cedro amargo,9,2025,0
BEN-683,683 - Vainillo,BEN,683,BEN-2025-0683,14.3,6.5,43.2,Vainillo,347,2025,0
BEN-202,202 - higuerón,BEN,202,BEN-2025-0202,34.3,9.0,331.5,higuerón,175,2025,0
BEN-571,571 - higuerón,BEN,571,BEN-2025-0571,58.5,25.0,2183.4,higuerón,178,2025,0
BEN-682,682 - Vainillo,BEN,682,BEN-2025-0682,17.9,10.5,99.2,Vainillo,347,2025,0
BEN-223,223 - Madero Negro,BEN,223,BEN-2025-0223,26.9,9.5,210.6,Madero Negro,186,2025,0
BEN-403,403 - Cedro amargo,BEN,403,BEN-2025-0403,52.1,16.2,1135.9,Cedro amargo,9,2025,0
BEN-681,681 - Vainillo,BEN,681,BEN-2025-0681,17.5,11.0,98.2,Vainillo,347,2025,0
BEN-224,224 - Madero Negro,BEN,224,BEN-2025-0224,25.0,13.6,239.9,Madero Negro,186,2025,0
BEN-404,404 - Cedro amargo,BEN,404,BEN-2025-0404,38.3,16.2,607.4,Cedro amargo,9,2025,0
BEN-680,680 - Vainillo,BEN,680,BEN-2025-0680,20.8,6.3,90.5,Vainillo,347,2025,0
BEN-201,201 - Manazana rosa,BEN,201,BEN-2025-0201,42.6,9.0,515.8,Manazana rosa,342,2025,0
BEN-572,572 - Jocote,BEN,572,BEN-2025-0572,22.3,5.6,95.2,Jocote,333,2025,0
BEN-679,679 - Vainillo,BEN,679,BEN-2025-0679,19.6,6.3,80.2,Vainillo,347,2025,0
BEN-203,203 - Cinamomun,BEN,203,BEN-2025-0203,60.8,11.6,1298.7,Cinamomun,99,2025,0
BEN-405,405 - Cedro amargo,BEN,405,BEN-2025-0405,36.9,13.4,485.1,Cedro amargo,9,2025,0
BEN-678,678 - Cedro amargo,BEN,678,BEN-2025-0678,14.0,5.5,33.6,Cedro amargo,9,2025,0
BEN-225,225 - Madero Negro,BEN,225,BEN-2025-0225,25.0,11.0,203.3,Madero Negro,186,2025,0
BEN-674,674 - Guayaba,BEN,674,BEN-2025-0674,16.6,9.6,79.3,Guayaba,297,2025,0
BEN-226,226 - Madero Negro,BEN,226,BEN-2025-0226,26.8,11.0,234.3,Madero Negro,186,2025,0
BEN-573,573 - Jocote,BEN,573,BEN-2025-0573,24.5,6.5,129.5,Jocote,333,2025,0
BEN-673,673 - Uruca,BEN,673,BEN-2025-0673,16.0,11.0,81.8,Uruca,359,2025,0
BEN-484,484 - Ilan ilan,BEN,484,BEN-2025-0484,37.4,15.2,595.9,Ilan ilan,74,2025,0
BEN-407,407 - Cedro amargo,BEN,407,BEN-2025-0407,50.7,13.4,926.8,Cedro amargo,9,2025,0
BEN-672,672 - Vainillo,BEN,672,BEN-2025-0672,27.0,9.5,212.2,Vainillo,347,2025,0
BEN-204,204 - Madero Negro,BEN,204,BEN-2025-0204,32.0,13.0,383.2,Madero Negro,186,2025,0
BEN-406,406 - Cedro amargo,BEN,406,BEN-2025-0406,52.8,13.4,1006.1,Cedro amargo,9,2025,0
BEN-671,671 - Vainillo,BEN,671,BEN-2025-0671,20.6,9.5,122.2,Vainillo,347,2025,0
BEN-227,227 - Madero Negro,BEN,227,BEN-2025-0227,20.0,10.5,124.4,Madero Negro,186,2025,0
BEN-574,574 - Manazana rosa,BEN,574,BEN-2025-0574,33.4,9.0,314.0,Manazana rosa,342,2025,0
BEN-408,408 - Cedro amargo,BEN,408,BEN-2025-0408,39.6,13.4,561.1,Cedro amargo,9,2025,0
BEN-670,670 - Vainillo,BEN,670,BEN-2025-0670,24.8,9.5,178.5,Vainillo,347,2025,0
BEN-228,228 - Madero Negro,BEN,228,BEN-2025-0228,35.5,13.8,496.1,Madero Negro,186,2025,0
BEN-843,843 - Guarumo,BEN,843,BEN-2025-0843,26.4,11.0,227.1,Guarumo,88,2025,0
BEN-575,575 - Cinamomun,BEN,575,BEN-2025-0575,24.8,9.4,177.0,Cinamomun,99,2025,0
BEN-669,669 - Jocote,BEN,669,BEN-2025-0669,44.3,16.0,874.6,Jocote,333,2025,0
BEN-205,205 - Madero Negro,BEN,205,BEN-2025-0205,30.7,13.0,352.1,Madero Negro,186,2025,0
BEN-409,409 - Cedro amargo,BEN,409,BEN-2025-0409,47.9,12.6,787.4,Cedro amargo,9,2025,0
BEN-668,668 - Vainillo,BEN,668,BEN-2025-0668,36.8,9.6,402.4,Vainillo,347,2025,0
BEN-229,229 - Madero Negro,BEN,229,BEN-2025-0229,35.5,14.5,515.6,Madero Negro,186,2025,0
BEN-459,459 - Cedro amargo,BEN,459,BEN-2025-0459,39.5,14.3,587.5,Cedro amargo,9,2025,0
BEN-410,410 - Cedro amargo,BEN,410,BEN-2025-0410,32.0,13.7,368.3,Cedro amargo,9,2025,0
BEN-230,230 - Madero Negro,BEN,230,BEN-2025-0230,20.6,9.0,117.2,Madero Negro,186,2025,0
BEN-576,576 - Guarumo,BEN,576,BEN-2025-0576,25.9,13.0,248.9,Guarumo,88,2025,0
BEN-663,663 - Cedro amargo,BEN,663,BEN-2025-0663,89.5,16.2,3429.2,Cedro amargo,9,2025,0
BEN-918,918 - Guitite,BEN,918,BEN-2025-0918,18.2,4.2,50.4,Guitite,35,2025,0
BEN-411,411 - Cedro amargo,BEN,411,BEN-2025-0411,32.0,13.7,369.7,Cedro amargo,9,2025,0
BEN-580,580 - Guachipelin,BEN,580,BEN-2025-0580,38.5,11.0,490.6,Guachipelin,141,2025,0
BEN-662,662 - Cedro amargo,BEN,662,BEN-2025-0662,58.7,16.2,1450.5,Cedro amargo,9,2025,0
BEN-206,206 - Madero Negro,BEN,206,BEN-2025-0206,41.2,17.0,790.8,Madero Negro,186,2025,0
BEN-231,231 - Madero Negro,BEN,231,BEN-2025-0231,32.5,14.8,437.6,Madero Negro,186,2025,0
BEN-581,581 - Madero Negro,BEN,581,BEN-2025-0581,24.5,7.5,144.8,Madero Negro,186,2025,0
BEN-661,661 - Guayaba,BEN,661,BEN-2025-0661,26.4,5.9,139.9,Guayaba,297,2025,0
BEN-232,232 - Madero Negro,BEN,232,BEN-2025-0232,30.0,13.0,335.9,Madero Negro,186,2025,0
BEN-413,413 - Cedro amargo,BEN,413,BEN-2025-0413,71.4,14.7,2002.3,Cedro amargo,9,2025,0
BEN-660,660 - Guayaba,BEN,660,BEN-2025-0660,24.7,5.9,122.1,Guayaba,297,2025,0
BEN-792,792 - Aguacate,BEN,792,BEN-2025-0792,30.0,12.5,326.7,Aguacate,279,2025,0
BEN-414,414 - Yos,BEN,414,BEN-2025-0414,32.8,17.2,502.2,Yos,315,2025,0
BEN-659,659 - Guayaba,BEN,659,BEN-2025-0659,22.5,5.7,98.3,Guayaba,297,2025,0
BEN-460,460 - Uruca,BEN,460,BEN-2025-0460,49.4,13.2,941.1,Uruca,359,2025,0
BEN-207,207 - Uruca,BEN,207,BEN-2025-0207,35.8,9.0,361.8,Uruca,359,2025,0
BEN-582,582 - Guachipelin,BEN,582,BEN-2025-0582,37.1,12.0,486.8,Guachipelin,141,2025,0
BEN-415,415 - Indio desnudo,BEN,415,BEN-2025-0415,21.1,6.5,95.2,Indio desnudo,62,2025,0
BEN-658,658 - Uruca,BEN,658,BEN-2025-0658,19.8,8.0,98.6,Uruca,359,2025,0
BEN-233,233 - Madero Negro,BEN,233,BEN-2025-0233,33.0,13.0,408.0,Madero Negro,186,2025,0
BEN-416,416 - Manzana de agua,BEN,416,BEN-2025-0416,32.4,10.7,337.5,Manzana de agua,343,2025,0
BEN-657,657 - Mango,BEN,657,BEN-2025-0657,48.0,7.0,480.2,Mango,14,2025,0
BEN-234,234 - Madero Negro,BEN,234,BEN-2025-0234,26.5,13.6,270.2,Madero Negro,186,2025,0
BEN-1019,1019 - Uruca,BEN,1019,BEN-2025-1019,16.1,5.0,44.8,Uruca,359,2025,0
BEN-583,583 - Candelillo,BEN,583,BEN-2025-0583,21.9,9.0,132.8,Candelillo,325,2025,0
BEN-652,652 - Cedro amargo,BEN,652,BEN-2025-0652,36.1,11.3,406.4,Cedro amargo,9,2025,0
BEN-208,208 - Madero Negro,BEN,208,BEN-2025-0208,26.0,12.0,235.7,Madero Negro,186,2025,0
BEN-417,417 - Jocote,BEN,417,BEN-2025-0417,42.7,7.3,440.3,Jocote,333,2025,0
BEN-651,651 - Yos,BEN,651,BEN-2025-0651,29.4,8.7,235.8,Yos,315,2025,0
BEN-235,235 - Madero Negro,BEN,235,BEN-2025-0235,24.8,13.0,227.8,Madero Negro,186,2025,0
BEN-584,584 - Jocote,BEN,584,BEN-2025-0584,75.7,12.8,2192.8,Jocote,333,2025,0
BEN-650,650 - Guayaba,BEN,650,BEN-2025-0650,20.9,6.0,88.0,Guayaba,297,2025,0
BEN-236,236 - Madero Negro,BEN,236,BEN-2025-0236,29.4,14.5,351.0,Madero Negro,186,2025,0
BEN-418,418 - Mango,BEN,418,BEN-2025-0418,20.7,8.5,100.5,Mango,14,2025,0
BEN-649,649 - Roble sabana,BEN,649,BEN-2025-0649,16.9,8.0,67.8,Roble sabana,6,2025,0
BEN-987,987 - Uruca,BEN,987,BEN-2025-0987,16.9,8.9,77.3,Uruca,359,2025,0
BEN-585,585 - No registrado,BEN,585,BEN-2025-0585,13.7,7.8,45.6,No registrado,96,2025,0
BEN-648,648 - Roble sabana,BEN,648,BEN-2025-0648,15.5,12.0,78.0,Roble sabana,6,2025,0
BEN-736,736 - Guachipelin,BEN,736,BEN-2025-0736,22.0,11.0,156.7,Guachipelin,141,2025,0
BEN-419,419 - Jocote,BEN,419,BEN-2025-0419,26.6,10.7,226.0,Jocote,333,2025,0
BEN-647,647 - Guayaba,BEN,647,BEN-2025-0647,20.5,5.5,79.1,Guayaba,297,2025,0
BEN-209,209 - Madero Negro,BEN,209,BEN-2025-0209,40.5,12.0,582.2,Madero Negro,186,2025,0
BEN-586,586 - Guarumo,BEN,586,BEN-2025-0586,12.9,5.0,28.5,Guarumo,88,2025,0
BEN-646,646 - Roble sabana,BEN,646,BEN-2025-0646,20.5,10.0,119.6,Roble sabana,6,2025,0
BEN-237,237 - Madero Negro,BEN,237,BEN-2025-0237,24.9,14.0,243.4,Madero Negro,186,2025,0
BEN-421,421 - Manazana rosa,BEN,421,BEN-2025-0421,22.5,6.8,112.5,Manazana rosa,342,2025,0
BEN-642,642 - Jocote,BEN,642,BEN-2025-0642,37.8,8.0,368.8,Jocote,333,2025,0
BEN-238,238 - Madero Negro,BEN,238,BEN-2025-0238,29.4,13.0,322.4,Madero Negro,186,2025,0
BEN-464,464 - Aguacate,BEN,464,BEN-2025-0464,59.8,16.5,1651.5,Aguacate,279,2025,0
BEN-641,641 - Manazana rosa,BEN,641,BEN-2025-0641,50.8,11.8,912.2,Manazana rosa,342,2025,0
BEN-473,473 - Lorito,BEN,473,BEN-2025-0473,46.4,14.9,909.8,Lorito,114,2025,0
BEN-422,422 - Cedro amargo,BEN,422,BEN-2025-0422,55.2,14.6,1178.2,Cedro amargo,9,2025,0
BEN-640,640 - Guitite,BEN,640,BEN-2025-0640,15.0,6.0,44.7,Guitite,35,2025,0
BEN-210,210 - Laurel negro,BEN,210,BEN-2025-0210,42.5,10.9,558.7,Laurel negro,11,2025,0
BEN-591,591 - Madero Negro,BEN,591,BEN-2025-0591,22.0,12.3,170.9,Madero Negro,186,2025,0
BEN-639,639 - lagarto blanco,BEN,639,BEN-2025-0639,27.0,8.8,200.0,lagarto blanco,383,2025,0
BEN-107,107 - Guachipelin,BEN,107,BEN-2025-0107,43.3,14.5,773.2,Guachipelin,141,2025,0
BEN-423,423 - Guayaba,BEN,423,BEN-2025-0423,18.0,7.6,77.6,Guayaba,297,2025,0
BEN-638,638 - Indio desnudo,BEN,638,BEN-2025-0638,19.5,6.0,76.4,Indio desnudo,62,2025,0
BEN-106,106 - Aguacate,BEN,106,BEN-2025-0106,30.5,11.9,324.3,Aguacate,279,2025,0
BEN-424,424 - Manzana de agua,BEN,424,BEN-2025-0424,24.9,8.5,165.4,Manzana de agua,343,2025,0
BEN-637,637 - Madero Negro,BEN,637,BEN-2025-0637,43.2,13.0,706.8,Madero Negro,186,2025,0
BEN-724,724 - Guachipelin,BEN,724,BEN-2025-0724,37.2,9.0,391.2,Guachipelin,141,2025,0
BEN-592,592 - Madero Negro,BEN,592,BEN-2025-0592,28.9,12.3,298.2,Madero Negro,186,2025,0
BEN-211,211 - Madero Negro,BEN,211,BEN-2025-0211,37.4,11.6,482.0,Madero Negro,186,2025,0
BEN-425,425 - Yos,BEN,425,BEN-2025-0425,26.8,11.2,238.0,Yos,315,2025,0
BEN-631,631 - Cedro amargo,BEN,631,BEN-2025-0631,44.1,13.2,690.1,Cedro amargo,9,2025,0
BEN-105,105 - Roble sabana,BEN,105,BEN-2025-0105,34.2,9.5,326.6,Roble sabana,6,2025,0
BEN-426,426 - Jocote,BEN,426,BEN-2025-0426,40.6,9.2,474.8,Jocote,333,2025,0
BEN-630,630 - Candelillo,BEN,630,BEN-2025-0630,34.9,9.3,352.4,Candelillo,325,2025,0
BEN-104,104 - Roble sabana,BEN,104,BEN-2025-0104,31.4,7.5,228.2,Roble sabana,6,2025,0
BEN-593,593 - Madero Negro,BEN,593,BEN-2025-0593,29.3,12.3,306.6,Madero Negro,186,2025,0
BEN-629,629 - Candelillo,BEN,629,BEN-2025-0629,22.9,9.2,147.9,Candelillo,325,2025,0
BEN-485,485 - Cirri colorado,BEN,485,BEN-2025-0485,28.0,9.2,223.6,Cirri colorado,244,2025,0
BEN-427,427 - Jocote,BEN,427,BEN-2025-0427,29.9,7.2,210.9,Jocote,333,2025,0
BEN-628,628 - Candelillo,BEN,628,BEN-2025-0628,40.8,9.2,480.5,Candelillo,325,2025,0
BEN-212,212 - Guanacastillo (Albizia),BEN,212,BEN-2025-0212,30.8,14.2,379.7,Guanacastillo (Albizia),37,2025,0
BEN-428,428 - Aguacate,BEN,428,BEN-2025-0428,25.3,11.2,211.8,Aguacate,279,2025,0
BEN-627,627 - Uruca,BEN,627,BEN-2025-0627,43.3,10.0,578.9,Uruca,359,2025,0
BEN-103,103 - Caoba,BEN,103,BEN-2025-0103,75.3,31.7,4121.8,Caoba,10,2025,0
BEN-594,594 - Madero Negro,BEN,594,BEN-2025-0594,39.4,12.3,561.1,Madero Negro,186,2025,0
BEN-625,625 - Cedro amargo,BEN,625,BEN-2025-0625,77.9,19.4,2973.0,Cedro amargo,9,2025,0
BEN-102,102 - Roble sabana,BEN,102,BEN-2025-0102,39.4,14.0,589.6,Roble sabana,6,2025,0
BEN-429,429 - Jocote,BEN,429,BEN-2025-0429,35.4,8.2,328.9,Jocote,333,2025,0
BEN-624,624 - Yos,BEN,624,BEN-2025-0624,56.4,8.6,882.5,Yos,315,2025,0
BEN-190,190 - Yos,BEN,190,BEN-2025-0190,29.1,17.5,398.0,Yos,315,2025,0
BEN-620,620 - Madero Negro,BEN,620,BEN-2025-0620,23.1,4.8,90.7,Madero Negro,186,2025,0
BEN-213,213 - Yos,BEN,213,BEN-2025-0213,26.1,13.5,260.4,Yos,315,2025,0
BEN-463,463 - Jocote,BEN,463,BEN-2025-0463,28.4,7.2,189.2,Jocote,333,2025,0
BEN-619,619 - Uruca,BEN,619,BEN-2025-0619,39.4,8.0,401.3,Uruca,359,2025,0
BEN-101,101 - Mango,BEN,101,BEN-2025-0101,16.9,4.5,40.5,Mango,14,2025,0
BEN-430,430 - Ron ron,BEN,430,BEN-2025-0430,45.1,15.4,879.0,Ron ron,52,2025,0
BEN-618,618 - Madero Negro,BEN,618,BEN-2025-0618,59.3,15.5,1546.8,Madero Negro,186,2025,0
BEN-431,431 - Mango,BEN,431,BEN-2025-0431,30.7,7.5,203.3,Mango,14,2025,0
BEN-100,100 - Mango,BEN,100,BEN-2025-0100,19.8,8.3,90.1,Mango,14,2025,0
BEN-432,432 - Aguacate,BEN,432,BEN-2025-0432,37.9,12.2,514.5,Aguacate,279,2025,0
BEN-926,926 - Roble sabana,BEN,926,BEN-2025-0926,81.0,14.0,2566.4,Roble sabana,6,2025,0
BEN-595,595 - Madero Negro,BEN,595,BEN-2025-0595,23.9,5.2,103.5,Madero Negro,186,2025,0
BEN-433,433 - Mango,BEN,433,BEN-2025-0433,23.9,8.2,131.3,Mango,14,2025,0
BEN-566,566 - Jocote,BEN,566,BEN-2025-0566,18.8,7.8,87.0,Jocote,333,2025,0
BEN-614,614 - Targua,BEN,614,BEN-2025-0614,24.3,6.5,127.4,Targua,129,2025,0
BEN-214,214 - Madero Negro,BEN,214,BEN-2025-0214,21.0,14.2,173.8,Madero Negro,186,2025,0
BEN-434,434 - Cedro amargo,BEN,434,BEN-2025-0434,64.9,17.2,1867.0,Cedro amargo,9,2025,0
BEN-613,613 - Higuerón,BEN,613,BEN-2025-0613,14.5,6.2,42.8,Higuerón,183,2025,0
BEN-98,98 - Guachipelin,BEN,98,BEN-2025-0098,55.4,11.9,1095.9,Guachipelin,141,2025,0
BEN-435,435 - Jocote,BEN,435,BEN-2025-0435,30.4,9.2,264.0,Jocote,333,2025,0
BEN-461,461 - Cedro amargo,BEN,461,BEN-2025-0461,42.9,11.6,589.8,Cedro amargo,9,2025,0
BEN-608,608 - Targua,BEN,608,BEN-2025-0608,18.4,6.8,74.8,Targua,129,2025,0
BEN-97,97 - Ceiba,BEN,97,BEN-2025-0097,50.3,12.2,917.5,Ceiba,92,2025,0
BEN-596,596 - Madero Negro,BEN,596,BEN-2025-0596,35.5,7.2,298.9,Madero Negro,186,2025,0
BEN-436,436 - Mango,BEN,436,BEN-2025-0436,33.9,11.2,340.6,Mango,14,2025,0
BEN-607,607 - Targua,BEN,607,BEN-2025-0607,13.0,6.9,37.3,Targua,129,2025,0
BEN-780,780 - Uruca,BEN,780,BEN-2025-0780,14.3,6.2,41.5,Uruca,359,2025,0
BEN-597,597 - poró,BEN,597,BEN-2025-0597,36.0,10.0,397.2,poró,155,2025,0
BEN-606,606 - Targua,BEN,606,BEN-2025-0606,15.1,7.5,54.0,Targua,129,2025,0
BEN-215,215 - Madero Negro,BEN,215,BEN-2025-0215,22.0,12.5,173.1,Madero Negro,186,2025,0
BEN-437,437 - Uruca,BEN,437,BEN-2025-0437,27.9,9.2,221.6,Uruca,359,2025,0
BEN-602,602 - Madero Negro,BEN,602,BEN-2025-0602,37.6,13.0,532.5,Madero Negro,186,2025,0
BEN-603,603 - Targua,BEN,603,BEN-2025-0603,30.8,7.0,218.9,Targua,129,2025,0
BEN-438,438 - Mango,BEN,438,BEN-2025-0438,23.2,9.2,135.1,Mango,14,2025,0
BEN-605,605 - Targua,BEN,605,BEN-2025-0605,19.1,6.5,77.9,Targua,129,2025,0
BEN-1032,1032 - Guanacaste,BEN,1032,BEN-2025-1032,17.1,,2.3,Guanacaste,1,2025,0
BEN-604,604 - Targua,BEN,604,BEN-2025-0604,23.0,13.4,200.0,Targua,129,2025,0
BEN-964,964 - chirca venenosa,BEN,964,BEN-2025-0964,18.4,,2.8,chirca venenosa,355,2025,0
BEN-462,462 - Cedro amargo,BEN,462,BEN-2025-0462,54.5,11.5,952.8,Cedro amargo,9,2025,0
BEN-862,862 - No registrado,BEN,862,BEN-2025-0862,20.2,6.7,89.4,No registrado,132,2025,0
BEN-216,216 - Madero Negro,BEN,216,BEN-2025-0216,28.8,14.6,338.4,Madero Negro,186,2025,0
BEN-963,963 - chirca venenosa,BEN,963,BEN-2025-0963,17.4,,2.5,chirca venenosa,355,2025,0
BEN-962,962 - chirca venenosa,BEN,962,BEN-2025-0962,20.2,,3.4,chirca venenosa,355,2025,0
BEN-781,781 - Uruca,BEN,781,BEN-2025-0781,21.8,6.2,98.1,Uruca,359,2025,0
BEN-217,217 - Madero Negro,BEN,217,BEN-2025-0217,37.2,14.6,570.3,Madero Negro,186,2025,0
BEN-945,945 - Manzana de agua,BEN,945,BEN-2025-0945,22.3,,4.1,Manzana de agua,343,2025,0
BEN-831,831 - Manzana de agua,BEN,831,BEN-2025-0831,17.6,,2.5,Manzana de agua,343,2025,0
BEN-828,828 - Higuerón,BEN,828,BEN-2025-0828,186.1,12.0,13064.2,Higuerón,183,2025,0
BEN-218,218 - Madero Negro,BEN,218,BEN-2025-0218,28.0,14.0,309.2,Madero Negro,186,2025,0
BEN-816,816 - Guanacaste,BEN,816,BEN-2025-0816,55.9,,25.3,Guanacaste,1,2025,0
BEN-815,815 - Guanacaste,BEN,815,BEN-2025-0815,55.8,,25.2,Guanacaste,1,2025,0
BEN-927,927 - Mango,BEN,927,BEN-2025-0927,38.5,7.9,336.3,Mango,14,2025,0
BEN-219,219 - Guanacaste,BEN,219,BEN-2025-0219,45.5,14.0,780.4,Guanacaste,1,2025,0
BEN-814,814 - Guanacaste,BEN,814,BEN-2025-0814,83.8,,57.7,Guanacaste,1,2025,0
BEN-809,809 - No identificada,BEN,809,BEN-2025-0809,15.9,,2.0,No identificada,388,2025,0
BEN-189,189 - Yos,BEN,189,BEN-2025-0189,33.5,17.5,530.4,Yos,315,2025,0
BEN-220,220 - Madero Negro,BEN,220,BEN-2025-0220,30.9,14.0,378.0,Madero Negro,186,2025,0
BEN-802,802 - Manzana de agua,BEN,802,BEN-2025-0802,47.1,,19.0,Manzana de agua,343,2025,0
BEN-699,699 - Guanacaste,BEN,699,BEN-2025-0699,79.6,,52.0,Guanacaste,1,2025,0
BEN-188,188 - Jocote,BEN,188,BEN-2025-0188,50.0,13.0,952.4,Jocote,333,2025,0
BEN-626,626 - Guanacaste,BEN,626,BEN-2025-0626,136.4,,156.0,Guanacaste,1,2025,0
BEN-554,554 - chirca venenosa,BEN,554,BEN-2025-0554,17.0,,2.4,chirca venenosa,355,2025,0
BEN-221,221 - Jocote,BEN,221,BEN-2025-0221,41.0,13.0,635.3,Jocote,333,2025,0
BEN-974,974 - Mango,BEN,974,BEN-2025-0974,14.2,4.7,29.4,Mango,14,2025,0
BEN-975,975 - Jacaranda,BEN,975,BEN-2025-0975,41.6,11.9,552.5,Jacaranda,8,2025,0
BEN-894,894 - Uruca,BEN,894,BEN-2025-0894,22.6,8.5,135.0,Uruca,359,2025,0
BEN-976,976 - Cas,BEN,976,BEN-2025-0976,18.8,6.4,74.9,Cas,296,2025,0
BEN-187,187 - guaba,BEN,187,BEN-2025-0187,50.4,16.0,1137.9,guaba,216,2025,0
BEN-977,977 - Cas,BEN,977,BEN-2025-0977,17.1,7.8,71.7,Cas,296,2025,0
BEN-477,"477 - h. caballo, guijarro",BEN,477,BEN-2025-0477,27.4,8.7,204.7,"h. caballo, guijarro",345,2025,0
BEN-486,486 - Almendro de río,BEN,486,BEN-2025-0486,35.7,14.2,513.2,Almendro de río,44,2025,0
BEN-978,978 - Jacaranda,BEN,978,BEN-2025-0978,28.4,11.0,238.9,Jacaranda,8,2025,0
BEN-928,928 - Mango,BEN,928,BEN-2025-0928,40.2,7.9,367.6,Mango,14,2025,0
BEN-979,979 - Jacaranda,BEN,979,BEN-2025-0979,30.3,9.1,235.5,Jacaranda,8,2025,0
BEN-186,186 - Cedro amargo,BEN,186,BEN-2025-0186,123.9,24.2,9101.1,Cedro amargo,9,2025,0
BEN-980,980 - Jacaranda,BEN,980,BEN-2025-0980,22.5,11.2,150.3,Jacaranda,8,2025,0
BEN-818,818 - Carao,BEN,818,BEN-2025-0818,57.6,25.4,2141.0,Carao,82,2025,0
BEN-520,520 - Guanacastillo (Albizia),BEN,520,BEN-2025-0520,18.4,,2.8,Guanacastillo (Albizia),37,2025,0
BEN-515,515 - Guanacastillo (Albizia),BEN,515,BEN-2025-0515,18.5,,2.8,Guanacastillo (Albizia),37,2025,0
BEN-510,510 - Guanacaste,BEN,510,BEN-2025-0510,74.6,,45.5,Guanacaste,1,2025,0
BEN-981,981 - Jacaranda,BEN,981,BEN-2025-0981,30.9,13.0,324.2,Jacaranda,8,2025,0
BEN-467,467 - Jocote,BEN,467,BEN-2025-0467,43.3,9.4,552.4,Jocote,333,2025,0
BEN-184,184 - Laurel negro,BEN,184,BEN-2025-0184,17.5,8.0,71.9,Laurel negro,11,2025,0
BEN-185,185 - Laurel negro,BEN,185,BEN-2025-0185,18.0,7.5,72.4,Laurel negro,11,2025,0
BEN-635,635 - Guachipelin,BEN,635,BEN-2025-0635,44.6,10.0,614.9,Guachipelin,141,2025,0
BEN-96,96 - Cocobolo,BEN,96,BEN-2025-0096,21.3,11.0,146.7,Cocobolo,136,2025,0
BEN-95,95 - Cocobolo,BEN,95,BEN-2025-0095,29.8,15.0,370.5,Cocobolo,136,2025,0
BEN-589,589 - Madero Negro,BEN,589,BEN-2025-0589,37.9,11.5,491.9,Madero Negro,186,2025,0
BEN-982,982 - Guachipelin,BEN,982,BEN-2025-0982,19.1,7.5,86.8,Guachipelin,141,2025,0
BEN-929,929 - Yos,BEN,929,BEN-2025-0929,38.3,8.5,396.1,Yos,315,2025,0
BEN-983,983 - Yos,BEN,983,BEN-2025-0983,36.3,10.4,416.8,Yos,315,2025,0
BEN-183,183 - Cedro amargo,BEN,183,BEN-2025-0183,60.9,20.7,1892.5,Cedro amargo,9,2025,0
BEN-984,984 - Yos,BEN,984,BEN-2025-0984,29.5,8.5,233.5,Yos,315,2025,0
BEN-182,182 - Laurel negro,BEN,182,BEN-2025-0182,25.7,10.0,187.3,Laurel negro,11,2025,0
BEN-985,985 - Cedro amargo,BEN,985,BEN-2025-0985,87.6,20.1,3883.8,Cedro amargo,9,2025,0
BEN-180,180 - Laurel negro,BEN,180,BEN-2025-0180,36.7,13.0,475.1,Laurel negro,11,2025,0
BEN-94,94 - Guayaba,BEN,94,BEN-2025-0094,31.0,10.0,292.8,Guayaba,297,2025,0
BEN-986,986 - Uruca,BEN,986,BEN-2025-0986,41.0,11.6,581.4,Uruca,359,2025,0
BEN-179,179 - Madero Negro,BEN,179,BEN-2025-0179,33.9,14.5,469.3,Madero Negro,186,2025,0
BEN-666,666 - Vainillo,BEN,666,BEN-2025-0666,16.1,7.2,59.6,Vainillo,347,2025,0
BEN-178,178 - Madero Negro,BEN,178,BEN-2025-0178,32.5,16.0,465.0,Madero Negro,186,2025,0
BEN-93,93 - Uruca,BEN,93,BEN-2025-0093,23.1,7.0,121.7,Uruca,359,2025,0
BEN-32,32 - Mango,BEN,32,BEN-2025-0032,20.1,8.0,90.2,Mango,14,2025,0
BEN-92,92 - Llama del bosque,BEN,92,BEN-2025-0092,57.0,14.0,1318.1,Llama del bosque,331,2025,0
BEN-91,91 - Uruca,BEN,91,BEN-2025-0091,18.4,9.0,93.1,Uruca,359,2025,0
BEN-90,90 - Caoba,BEN,90,BEN-2025-0090,30.7,12.0,310.2,Caoba,10,2025,0
BEN-737,737 - Guachipelin,BEN,737,BEN-2025-0737,23.4,11.0,177.7,Guachipelin,141,2025,0
BEN-487,487 - Guachipelin,BEN,487,BEN-2025-0487,46.0,13.7,836.6,Guachipelin,141,2025,0
BEN-33,33 - Guayaba,BEN,33,BEN-2025-0033,20.2,7.3,95.6,Guayaba,297,2025,0
BEN-89,89 - Pirul,BEN,89,BEN-2025-0089,25.0,12.5,224.6,Pirul,320,2025,0
BEN-239,239 - Jocote,BEN,239,BEN-2025-0239,28.6,9.0,228.8,Jocote,333,2025,0
BEN-830,830 - mandarina,BEN,830,BEN-2025-0830,1.3,5.0,0.2,mandarina,103,2025,0
BEN-88,88 - Targua,BEN,88,BEN-2025-0088,26.1,9.5,198.1,Targua,129,2025,0
BEN-34,34 - Guachipelin,BEN,34,BEN-2025-0034,49.5,9.7,742.7,Guachipelin,141,2025,0
BEN-632,632 - Yos,BEN,632,BEN-2025-0632,32.8,10.3,336.2,Yos,315,2025,0
BEN-240,240 - Madero Negro,BEN,240,BEN-2025-0240,33.5,12.0,395.3,Madero Negro,186,2025,0
BEN-222,222 - Guanacaste,BEN,222,BEN-2025-0222,73.8,18.0,2545.6,Guanacaste,1,2025,0
BEN-665,665 - Guitite,BEN,665,BEN-2025-0665,12.1,4.6,23.5,Guitite,35,2025,0
BEN-35,35 - Roble sabana,BEN,35,BEN-2025-0035,40.8,15.7,692.2,Roble sabana,6,2025,0
BEN-241,241 - Jocote,BEN,241,BEN-2025-0241,25.8,9.0,185.5,Jocote,333,2025,0
BEN-623,623 - Guayaba,BEN,623,BEN-2025-0623,16.4,7.0,60.5,Guayaba,297,2025,0
BEN-938,938 - Roble sabana,BEN,938,BEN-2025-0938,19.3,7.4,83.2,Roble sabana,6,2025,0
BEN-991,991 - Jocote,BEN,991,BEN-2025-0991,31.9,7.2,239.5,Jocote,333,2025,0
BEN-36,36 - Roble sabana,BEN,36,BEN-2025-0036,32.0,11.5,330.9,Roble sabana,6,2025,0
BEN-242,242 - Madero Negro,BEN,242,BEN-2025-0242,32.5,12.9,393.2,Madero Negro,186,2025,0
BEN-87,87 - Cenizaro,BEN,87,BEN-2025-0087,31.2,15.3,413.2,Cenizaro,312,2025,0
BEN-992,992 - No registrado,BEN,992,BEN-2025-0992,19.0,6.9,81.1,No registrado,131,2025,0
BEN-738,738 - Guachipelin,BEN,738,BEN-2025-0738,33.8,11.0,376.2,Guachipelin,141,2025,0
BEN-939,939 - Cortez amarillo,BEN,939,BEN-2025-0939,19.5,9.2,106.9,Cortez amarillo,200,2025,0
BEN-37,37 - Cedro amargo,BEN,37,BEN-2025-0037,57.0,22.8,1782.8,Cedro amargo,9,2025,0
BEN-443,443 - Cedro amargo,BEN,443,BEN-2025-0443,90.6,22.9,4603.7,Cedro amargo,9,2025,0
BEN-243,243 - Madero Negro,BEN,243,BEN-2025-0243,29.5,14.0,343.9,Madero Negro,186,2025,0
BEN-244,244 - Jocote,BEN,244,BEN-2025-0244,32.4,9.5,307.8,Jocote,333,2025,0
BEN-622,622 - Guayaba,BEN,622,BEN-2025-0622,22.9,7.0,119.6,Guayaba,297,2025,0
BEN-993,993 - Dama,BEN,993,BEN-2025-0993,12.7,8.2,40.6,Dama,100,2025,0
BEN-245,245 - Madero Negro,BEN,245,BEN-2025-0245,32.7,12.0,376.3,Madero Negro,186,2025,0
BEN-246,246 - Jocote,BEN,246,BEN-2025-0246,25.7,9.0,184.0,Jocote,333,2025,0
BEN-38,38 - gavilancillo,BEN,38,BEN-2025-0038,37.3,15.0,585.6,gavilancillo,36,2025,0
BEN-488,488 - Guachipelin,BEN,488,BEN-2025-0488,33.1,8.8,303.1,Guachipelin,141,2025,0
BEN-820,820 - Aguacate,BEN,820,BEN-2025-0820,37.0,10.2,427.1,Aguacate,279,2025,0
BEN-86,86 - Cenizaro,BEN,86,BEN-2025-0086,26.1,17.5,318.8,Cenizaro,312,2025,0
BEN-940,940 - Dama,BEN,940,BEN-2025-0940,18.2,7.6,79.3,Dama,100,2025,0
BEN-247,247 - Jocote,BEN,247,BEN-2025-0247,21.2,8.0,113.4,Jocote,333,2025,0
BEN-664,664 - Uruca,BEN,664,BEN-2025-0664,21.8,7.0,108.1,Uruca,359,2025,0
BEN-469,469 - Guachipelin,BEN,469,BEN-2025-0469,25.6,5.9,131.5,Guachipelin,141,2025,0
BEN-39,39 - Roble sabana,BEN,39,BEN-2025-0039,33.3,19.0,530.7,Roble sabana,6,2025,0
BEN-249,249 - Madero Negro,BEN,249,BEN-2025-0249,16.4,12.0,92.1,Madero Negro,186,2025,0
BEN-621,621 - Madero Negro,BEN,621,BEN-2025-0621,40.2,7.0,376.8,Madero Negro,186,2025,0
BEN-250,250 - Madero Negro,BEN,250,BEN-2025-0250,23.0,12.0,183.6,Madero Negro,186,2025,0
BEN-994,994 - Cinamomun,BEN,994,BEN-2025-0994,24.5,12.4,213.5,Cinamomun,99,2025,0
BEN-251,251 - Guanacaste,BEN,251,BEN-2025-0251,34.9,8.0,293.8,Guanacaste,1,2025,0
BEN-85,85 - Poro cuchillo,BEN,85,BEN-2025-0085,45.6,15.0,882.3,Poro cuchillo,151,2025,0
BEN-40,40 - Laurel negro,BEN,40,BEN-2025-0040,30.5,11.2,290.0,Laurel negro,11,2025,0
BEN-252,252 - Guanacaste,BEN,252,BEN-2025-0252,63.7,17.5,1844.5,Guanacaste,1,2025,0
BEN-612,612 - Targua,BEN,612,BEN-2025-0612,24.7,6.3,128.5,Targua,129,2025,0
BEN-253,253 - Madero Negro,BEN,253,BEN-2025-0253,23.8,13.5,215.7,Madero Negro,186,2025,0
BEN-1037,1037 - Guachipelin,BEN,1037,BEN-2025-1037,19.5,0.6,11.9,Guachipelin,141,2025,0
BEN-254,254 - Sahino,BEN,254,BEN-2025-0254,37.5,14.0,561.1,Sahino,65,2025,0
BEN-41,41 - Guaba,BEN,41,BEN-2025-0041,39.5,19.0,791.4,Guaba,212,2025,0
BEN-656,656 - Jocote,BEN,656,BEN-2025-0656,13.6,6.0,36.6,Jocote,333,2025,0
BEN-84,84 - Poro cuchillo,BEN,84,BEN-2025-0084,56.1,14.7,1325.5,Poro cuchillo,151,2025,0
BEN-611,611 - Higuerón,BEN,611,BEN-2025-0611,79.5,17.5,3091.7,Higuerón,183,2025,0
BEN-256,256 - Sahino,BEN,256,BEN-2025-0256,33.9,16.0,506.7,Sahino,65,2025,0
BEN-813,813 - Cinamomun,BEN,813,BEN-2025-0813,21.1,8.4,117.0,Cinamomun,99,2025,0
BEN-725,725 - Guachipelin,BEN,725,BEN-2025-0725,56.1,13.0,1204.5,Guachipelin,141,2025,0
BEN-42,42 - Guaba,BEN,42,BEN-2025-0042,29.4,19.0,433.3,Guaba,212,2025,0
BEN-257,257 - Madero Negro,BEN,257,BEN-2025-0257,28.0,9.0,219.2,Madero Negro,186,2025,0
BEN-258,258 - Indio desnudo,BEN,258,BEN-2025-0258,43.5,11.5,651.6,Indio desnudo,62,2025,0
BEN-950,950 - Mango,BEN,950,BEN-2025-0950,17.9,9.9,84.3,Mango,14,2025,0
BEN-43,43 - Candelillo,BEN,43,BEN-2025-0043,22.3,11.0,161.1,Candelillo,325,2025,0
BEN-83,83 - Aguacate,BEN,83,BEN-2025-0083,30.2,14.5,370.8,Aguacate,279,2025,0
BEN-259,259 - higuerón,BEN,259,BEN-2025-0259,43.4,15.0,797.7,higuerón,175,2025,0
BEN-260,260 - Indio desnudo,BEN,260,BEN-2025-0260,30.8,12.0,333.0,Indio desnudo,62,2025,0
BEN-956,956 - Guitite,BEN,956,BEN-2025-0956,14.7,6.5,45.4,Guitite,35,2025,0
BEN-997,997 - Guayaba,BEN,997,BEN-2025-0997,13.8,3.6,25.4,Guayaba,297,2025,0
BEN-44,44 - Candelillo,BEN,44,BEN-2025-0044,24.0,13.0,213.1,Candelillo,325,2025,0
BEN-82,82 - Cenizaro,BEN,82,BEN-2025-0082,26.4,12.6,252.6,Cenizaro,312,2025,0
BEN-261,261 - Sahino,BEN,261,BEN-2025-0261,29.0,12.0,294.5,Sahino,65,2025,0
BEN-655,655 - Madero Negro,BEN,655,BEN-2025-0655,27.8,12.0,270.2,Madero Negro,186,2025,0
BEN-998,998 - Guayaba,BEN,998,BEN-2025-0998,15.4,4.8,39.7,Guayaba,297,2025,0
BEN-698,698 - Sahino,BEN,698,BEN-2025-0698,22.9,8.0,132.7,Sahino,65,2025,0
BEN-45,45 - Candelillo,BEN,45,BEN-2025-0045,25.0,17.0,285.4,Candelillo,325,2025,0
BEN-523,523 - Guayaba,BEN,523,BEN-2025-0523,15.6,5.8,47.2,Guayaba,297,2025,0
BEN-262,262 - Sahino,BEN,262,BEN-2025-0262,19.5,15.2,157.6,Sahino,65,2025,0
BEN-999,999 - Mango,BEN,999,BEN-2025-0999,14.1,5.2,31.1,Mango,14,2025,0
BEN-895,895 - Uruca,BEN,895,BEN-2025-0895,23.7,6.5,120.9,Uruca,359,2025,0
BEN-46,46 - Guachipelin,BEN,46,BEN-2025-0046,19.8,10.0,117.3,Guachipelin,141,2025,0
BEN-530,530 - Capulin,BEN,530,BEN-2025-0530,17.5,4.9,52.3,Capulin,256,2025,0
BEN-263,263 - Guanacaste,BEN,263,BEN-2025-0263,161.0,28.0,17632.4,Guanacaste,1,2025,0
BEN-264,264 - Roble sabana,BEN,264,BEN-2025-0264,26.4,13.6,254.7,Roble sabana,6,2025,0
BEN-1000,1000 - Pirul,BEN,1000,BEN-2025-1000,24.1,6.8,129.8,Pirul,320,2025,0
BEN-1001,1001 - Yos,BEN,1001,BEN-2025-1001,14.3,7.7,49.5,Yos,315,2025,0
BEN-472,472 - Malinche,BEN,472,BEN-2025-0472,55.6,8.4,762.1,Malinche,5,2025,0
BEN-47,47 - Candelillo,BEN,47,BEN-2025-0047,38.0,23.2,854.4,Candelillo,325,2025,0
BEN-81,81 - Cortez amarillo,BEN,81,BEN-2025-0081,26.6,10.1,215.9,Cortez amarillo,200,2025,0
BEN-265,265 - Guanacaste,BEN,265,BEN-2025-0265,63.5,17.2,1808.2,Guanacaste,1,2025,0
BEN-654,654 - Madero Negro,BEN,654,BEN-2025-0654,23.8,11.0,183.9,Madero Negro,186,2025,0
BEN-697,697 - Ron ron,BEN,697,BEN-2025-0697,17.9,9.0,88.0,Ron ron,52,2025,0
BEN-48,48 - guaba,BEN,48,BEN-2025-0048,32.0,13.0,383.2,guaba,216,2025,0
BEN-531,531 - Capulin,BEN,531,BEN-2025-0531,14.3,4.9,34.7,Capulin,256,2025,0
BEN-448,448 - Aguacate,BEN,448,BEN-2025-0448,31.2,11.0,319.7,Aguacate,279,2025,0
BEN-266,266 - Mango,BEN,266,BEN-2025-0266,57.7,8.5,813.1,Mango,14,2025,0
BEN-953,953 - Cortez amarillo,BEN,953,BEN-2025-0953,25.6,12.5,236.5,Cortez amarillo,200,2025,0
BEN-478,478 - Cenizaro,BEN,478,BEN-2025-0478,46.3,17.2,1014.3,Cenizaro,312,2025,0
BEN-49,49 - Caoba,BEN,49,BEN-2025-0049,52.6,19.0,1330.7,Caoba,10,2025,0
BEN-267,267 - Cedro amargo,BEN,267,BEN-2025-0267,30.0,12.3,297.6,Cedro amargo,9,2025,0
BEN-610,610 - Targua,BEN,610,BEN-2025-0610,16.2,6.8,57.7,Targua,129,2025,0
BEN-80,80 - Cortez amarillo,BEN,80,BEN-2025-0080,21.0,6.8,98.0,Cortez amarillo,200,2025,0
BEN-268,268 - Cedro amargo,BEN,268,BEN-2025-0268,26.8,14.0,261.6,Cedro amargo,9,2025,0
BEN-1002,1002 - Cinamomun,BEN,1002,BEN-2025-1002,15.1,7.2,52.0,Cinamomun,99,2025,0
BEN-50,50 - Uruca,BEN,50,BEN-2025-0050,32.5,12.0,371.6,Uruca,359,2025,0
BEN-269,269 - Cedro amargo,BEN,269,BEN-2025-0269,25.5,14.0,236.3,Cedro amargo,9,2025,0
BEN-270,270 - Cedro amargo,BEN,270,BEN-2025-0270,33.8,13.7,412.9,Cedro amargo,9,2025,0
BEN-645,645 - Cedro amargo,BEN,645,BEN-2025-0645,77.5,20.5,3071.1,Cedro amargo,9,2025,0
BEN-1003,1003 - Uruca,BEN,1003,BEN-2025-1003,18.3,6.2,69.2,Uruca,359,2025,0
BEN-609,609 - Targua,BEN,609,BEN-2025-0609,12.0,6.8,31.3,Targua,129,2025,0
BEN-51,51 - Laurel negro,BEN,51,BEN-2025-0051,27.5,9.0,198.0,Laurel negro,11,2025,0
BEN-271,271 - Cedro amargo,BEN,271,BEN-2025-0271,43.5,13.2,671.0,Cedro amargo,9,2025,0
BEN-474,474 - Guapinol,BEN,474,BEN-2025-0474,25.4,14.9,266.5,Guapinol,207,2025,0
BEN-79,79 - Cortez amarillo,BEN,79,BEN-2025-0079,29.9,16.8,407.4,Cortez amarillo,200,2025,0
BEN-1004,1004 - Uruca,BEN,1004,BEN-2025-1004,19.0,6.0,72.1,Uruca,359,2025,0
BEN-748,748 - Madero Negro,BEN,748,BEN-2025-0748,17.4,9.0,83.0,Madero Negro,186,2025,0
BEN-53,53 - Guachipelin,BEN,53,BEN-2025-0053,30.8,13.0,354.5,Guachipelin,141,2025,0
BEN-272,272 - Cedro amargo,BEN,272,BEN-2025-0272,59.1,18.6,1637.8,Cedro amargo,9,2025,0
BEN-1005,1005 - Uruca,BEN,1005,BEN-2025-1005,13.7,5.2,33.2,Uruca,359,2025,0
BEN-78,78 - Cortez amarillo,BEN,78,BEN-2025-0078,19.5,13.0,139.5,Cortez amarillo,200,2025,0
BEN-3,3 - Guachipelin,BEN,3,BEN-2025-0003,50.2,15.4,1095.6,Guachipelin,141,2025,0
BEN-54,54 - Guachipelin,BEN,54,BEN-2025-0054,30.6,13.0,349.8,Guachipelin,141,2025,0
BEN-273,273 - Cedro amargo,BEN,273,BEN-2025-0273,27.7,9.8,211.9,Cedro amargo,9,2025,0
BEN-274,274 - Cedro amargo,BEN,274,BEN-2025-0274,49.6,16.2,1028.7,Cedro amargo,9,2025,0
BEN-449,"449 - calistemón, hisopo",BEN,449,BEN-2025-0449,24.7,7.7,150.1,"calistemón, hisopo",69,2025,0
BEN-1006,1006 - Yos,BEN,1006,BEN-2025-1006,14.0,7.7,47.2,Yos,315,2025,0
BEN-644,644 - lagarto blanco,BEN,644,BEN-2025-0644,24.5,9.0,166.9,lagarto blanco,383,2025,0
BEN-77,77 - Caoba,BEN,77,BEN-2025-0077,67.8,22.2,2521.3,Caoba,10,2025,0
BEN-55,55 - Cortez amarillo,BEN,55,BEN-2025-0055,30.0,18.0,432.9,Cortez amarillo,200,2025,0
BEN-275,275 - Cedro amargo,BEN,275,BEN-2025-0275,37.7,10.5,419.3,Cedro amargo,9,2025,0
BEN-852,852 - Jocote,BEN,852,BEN-2025-0852,38.4,7.5,362.5,Jocote,333,2025,0
BEN-276,276 - Cedro amargo,BEN,276,BEN-2025-0276,21.2,9.6,120.9,Cedro amargo,9,2025,0
BEN-712,712 - Guabillo,BEN,712,BEN-2025-0712,15.9,11.0,80.8,Guabillo,215,2025,0
BEN-5,5 - Chaperno,BEN,5,BEN-2025-0005,41.0,15.8,739.6,Chaperno,234,2025,0
BEN-56,56 - Laurel negro,BEN,56,BEN-2025-0056,18.3,16.0,135.1,Laurel negro,11,2025,0
BEN-76,76 - Caoba,BEN,76,BEN-2025-0076,71.4,24.2,2996.7,Caoba,10,2025,0
BEN-278,278 - Uruca,BEN,278,BEN-2025-0278,34.0,12.2,411.7,Uruca,359,2025,0
BEN-279,279 - Ron ron,BEN,279,BEN-2025-0279,23.9,15.2,238.3,Ron ron,52,2025,0
BEN-75,75 - Caoba,BEN,75,BEN-2025-0075,49.9,25.2,1489.1,Caoba,10,2025,0
BEN-1007,1007 - Yos,BEN,1007,BEN-2025-1007,14.1,8.2,50.4,Yos,315,2025,0
BEN-280,280 - Guanacastillo (Albizia),BEN,280,BEN-2025-0280,35.1,17.7,588.5,Guanacastillo (Albizia),37,2025,0
BEN-281,281 - Cedro amargo,BEN,281,BEN-2025-0281,36.9,18.2,614.4,Cedro amargo,9,2025,0
BEN-57,57 - Guachipelin,BEN,57,BEN-2025-0057,41.5,12.0,611.9,Guachipelin,141,2025,0
BEN-74,74 - Caoba,BEN,74,BEN-2025-0074,46.8,27.2,1386.6,Caoba,10,2025,0
BEN-282,282 - No registrado,BEN,282,BEN-2025-0282,25.9,11.0,217.7,No registrado,34,2025,0
BEN-954,954 - Mango,BEN,954,BEN-2025-0954,20.8,7.2,89.0,Mango,14,2025,0
BEN-643,643 - Guachipelin,BEN,643,BEN-2025-0643,91.7,17.8,4192.0,Guachipelin,141,2025,0
BEN-58,58 - Laurel negro,BEN,58,BEN-2025-0058,14.5,10.0,58.3,Laurel negro,11,2025,0
BEN-284,284 - Guanacastillo (Albizia),BEN,284,BEN-2025-0284,31.7,13.2,381.2,Guanacastillo (Albizia),37,2025,0
BEN-73,73 - Jocote,BEN,73,BEN-2025-0073,21.3,8.0,114.4,Jocote,333,2025,0
BEN-285,285 - Uruca,BEN,285,BEN-2025-0285,32.5,19.7,547.8,Uruca,359,2025,0
BEN-1008,1008 - manteco,BEN,1008,BEN-2025-1008,13.2,8.0,42.9,manteco,361,2025,0
BEN-1009,1009 - Yos,BEN,1009,BEN-2025-1009,11.9,6.6,30.1,Yos,315,2025,0
BEN-896,896 - Uruca,BEN,896,BEN-2025-0896,17.7,7.2,71.9,Uruca,359,2025,0
BEN-957,957 - Candelillo,BEN,957,BEN-2025-0957,16.3,9.1,72.9,Candelillo,325,2025,0
BEN-791,791 - Roble sabana,BEN,791,BEN-2025-0791,48.1,16.0,981.5,Roble sabana,6,2025,0
BEN-59,59 - Caoba,BEN,59,BEN-2025-0059,46.5,22.0,1160.1,Caoba,10,2025,0
BEN-286,286 - Uruca,BEN,286,BEN-2025-0286,36.0,19.7,672.9,Uruca,359,2025,0
BEN-444,444 - Malinche,BEN,444,BEN-2025-0444,22.0,12.2,153.9,Malinche,5,2025,0
BEN-688,688 - Vainillo,BEN,688,BEN-2025-0688,27.6,8.6,205.4,Vainillo,347,2025,0
BEN-451,451 - Mango,BEN,451,BEN-2025-0451,36.7,9.7,358.7,Mango,14,2025,0
BEN-287,287 - Guanacastillo (Albizia),BEN,287,BEN-2025-0287,54.5,21.2,1659.4,Guanacastillo (Albizia),37,2025,0
BEN-6,6 - copey,BEN,6,BEN-2025-0006,17.2,8.6,78.3,copey,110,2025,0
BEN-60,60 - Caoba,BEN,60,BEN-2025-0060,2.0,13.0,1.3,Caoba,10,2025,0
BEN-412,412 - higuerón,BEN,412,BEN-2025-0412,52.2,12.2,989.6,higuerón,178,2025,0
BEN-72,72 - Caoba,BEN,72,BEN-2025-0072,46.5,25.2,1289.5,Caoba,10,2025,0
BEN-636,636 - Guachipelin,BEN,636,BEN-2025-0636,40.1,10.0,495.0,Guachipelin,141,2025,0
BEN-1010,1010 - Roble sabana,BEN,1010,BEN-2025-1010,21.3,7.4,102.3,Roble sabana,6,2025,0
BEN-61,61 - Caoba,BEN,61,BEN-2025-0061,25.8,14.0,245.3,Caoba,10,2025,0
BEN-288,288 - Cedro amargo,BEN,288,BEN-2025-0288,32.0,8.3,250.2,Cedro amargo,9,2025,0
BEN-803,803 - Guayaba,BEN,803,BEN-2025-0803,26.2,6.5,148.5,Guayaba,297,2025,0
BEN-1011,1011 - Aguacate,BEN,1011,BEN-2025-1011,17.0,11.6,96.5,Aguacate,279,2025,0
BEN-1036,1036 - Guachipelin,BEN,1036,BEN-2025-1036,17.0,6.0,57.7,Guachipelin,141,2025,0
BEN-1017,1017 - Guayaba,BEN,1017,BEN-2025-1017,16.5,8.6,71.9,Guayaba,297,2025,0
BEN-356,356 - Cedro amargo,BEN,356,BEN-2025-0356,68.0,17.8,2107.0,Cedro amargo,9,2025,0
BEN-1012,1012 - Guayaba,BEN,1012,BEN-2025-1012,16.3,7.2,61.1,Guayaba,297,2025,0
BEN-996,996 - Guayaba,BEN,996,BEN-2025-0996,16.2,4.0,38.2,Guayaba,297,2025,0
BEN-289,289 - Cedro amargo,BEN,289,BEN-2025-0289,40.5,8.3,404.5,Cedro amargo,9,2025,0
BEN-832,832 - Mango,BEN,832,BEN-2025-0832,19.1,7.4,76.6,Mango,14,2025,0
BEN-995,995 - Yos,BEN,995,BEN-2025-0995,35.6,8.0,326.9,Yos,315,2025,0
BEN-875,875 - No registrado,BEN,875,BEN-2025-0875,17.7,5.7,60.0,No registrado,132,2025,0
BEN-7,7 - copey,BEN,7,BEN-2025-0007,18.9,12.0,123.0,copey,110,2025,0
BEN-961,961 - Uruca,BEN,961,BEN-2025-0961,12.9,6.7,35.8,Uruca,359,2025,0
BEN-1013,1013 - Cedro amargo,BEN,1013,BEN-2025-1013,21.8,13.0,162.0,Cedro amargo,9,2025,0
BEN-888,888 - No registrado,BEN,888,BEN-2025-0888,26.4,9.2,197.7,No registrado,132,2025,0
BEN-960,960 - Uruca,BEN,960,BEN-2025-0960,12.5,6.7,33.8,Uruca,359,2025,0
BEN-1014,1014 - manteco,BEN,1014,BEN-2025-1014,16.4,6.8,59.2,manteco,361,2025,0
BEN-959,959 - Roble sabana,BEN,959,BEN-2025-0959,19.8,10.3,113.6,Roble sabana,6,2025,0
BEN-687,687 - Vainillo,BEN,687,BEN-2025-0687,17.7,8.6,83.0,Vainillo,347,2025,0
BEN-452,452 - Cas,BEN,452,BEN-2025-0452,21.2,8.4,117.6,Cas,296,2025,0
BEN-290,290 - Sahino,BEN,290,BEN-2025-0290,35.5,18.0,611.3,Sahino,65,2025,0
BEN-812,812 - Cedro amargo,BEN,812,BEN-2025-0812,71.4,21.1,2655.7,Cedro amargo,9,2025,0
BEN-291,291 - Uruca,BEN,291,BEN-2025-0291,30.0,9.8,270.3,Uruca,359,2025,0
BEN-948,948 - Roble sabana,BEN,948,BEN-2025-0948,46.3,15.8,900.8,Roble sabana,6,2025,0
BEN-714,714 - Uruca,BEN,714,BEN-2025-0714,18.4,8.0,84.9,Uruca,359,2025,0
BEN-71,71 - Candelillo,BEN,71,BEN-2025-0071,42.5,23.2,1073.5,Candelillo,325,2025,0
BEN-293,293 - Uruca,BEN,293,BEN-2025-0293,36.5,12.5,485.3,Uruca,359,2025,0
BEN-947,947 - Caoba,BEN,947,BEN-2025-0947,33.5,15.8,458.6,Caoba,10,2025,0
BEN-8,8 - copey,BEN,8,BEN-2025-0008,20.1,13.5,152.8,copey,110,2025,0
BEN-292,292 - Uruca,BEN,292,BEN-2025-0292,29.2,12.5,307.7,Uruca,359,2025,0
BEN-946,946 - Roble sabana,BEN,946,BEN-2025-0946,46.5,15.8,906.3,Roble sabana,6,2025,0
BEN-489,489 - Roble sabana,BEN,489,BEN-2025-0489,33.5,10.7,343.3,Roble sabana,6,2025,0
BEN-1015,1015 - Guayaba,BEN,1015,BEN-2025-1015,17.0,7.9,71.5,Guayaba,297,2025,0
BEN-1016,1016 - Poro,BEN,1016,BEN-2025-1016,31.3,8.0,251.0,Poro,153,2025,0
BEN-294,294 - Ron ron,BEN,294,BEN-2025-0294,17.5,9.2,85.5,Ron ron,52,2025,0
BEN-944,944 - Aguacate,BEN,944,BEN-2025-0944,23.8,8.6,152.2,Aguacate,279,2025,0
BEN-897,897 - Uruca,BEN,897,BEN-2025-0897,19.3,6.5,79.5,Uruca,359,2025,0
BEN-453,453 - Cedro amargo,BEN,453,BEN-2025-0453,81.0,20.2,3325.7,Cedro amargo,9,2025,0
BEN-70,70 - Candelillo,BEN,70,BEN-2025-0070,24.1,19.5,294.7,Candelillo,325,2025,0
BEN-943,943 - Mango,BEN,943,BEN-2025-0943,36.8,6.2,254.3,Mango,14,2025,0
BEN-295,295 - Roble sabana,BEN,295,BEN-2025-0295,27.1,10.0,211.9,Roble sabana,6,2025,0
BEN-884,884 - No registrado,BEN,884,BEN-2025-0884,49.8,18.8,1259.6,No registrado,224,2025,0
BEN-296,296 - Ron ron,BEN,296,BEN-2025-0296,22.8,7.2,121.5,Ron ron,52,2025,0
BEN-790,790 - Mango,BEN,790,BEN-2025-0790,44.8,10.2,560.0,Mango,14,2025,0
BEN-942,942 - No registrado,BEN,942,BEN-2025-0942,20.6,10.1,127.6,No registrado,285,2025,0
BEN-9,9 - copey,BEN,9,BEN-2025-0009,20.1,13.2,150.2,copey,110,2025,0
BEN-601,601 - Madero Negro,BEN,601,BEN-2025-0601,59.8,16.0,1612.9,Madero Negro,186,2025,0
BEN-941,941 - Guanabana,BEN,941,BEN-2025-0941,18.8,8.2,90.3,Guanabana,47,2025,0
BEN-1018,1018 - Guitite,BEN,1018,BEN-2025-1018,16.1,6.9,57.6,Guitite,35,2025,0
BEN-297,297 - gavilancillo,BEN,297,BEN-2025-0297,43.5,22.9,1113.7,gavilancillo,36,2025,0
BEN-937,937 - Guarumo,BEN,937,BEN-2025-0937,19.7,10.0,116.4,Guarumo,88,2025,0
BEN-1020,1020 - Guayaba,BEN,1020,BEN-2025-1020,18.2,7.0,74.8,Guayaba,297,2025,0
BEN-177,177 - Madero Negro,BEN,177,BEN-2025-0177,33.3,16.0,488.6,Madero Negro,186,2025,0
BEN-298,298 - Aceituno,BEN,298,BEN-2025-0298,25.1,12.6,228.3,Aceituno,328,2025,0
BEN-69,69 - Guachipelin,BEN,69,BEN-2025-0069,19.7,12.0,133.8,Guachipelin,141,2025,0
BEN-479,479 - Guachipelin,BEN,479,BEN-2025-0479,43.4,14.2,765.4,Guachipelin,141,2025,0
BEN-10,10 - Madero Negro,BEN,10,BEN-2025-0010,29.5,14.0,343.9,Madero Negro,186,2025,0
BEN-299,299 - Sahino,BEN,299,BEN-2025-0299,51.2,18.2,1298.1,Sahino,65,2025,0
BEN-934,934 - Roble sabana,BEN,934,BEN-2025-0934,57.2,14.2,1273.0,Roble sabana,6,2025,0
BEN-1021,1021 - Guayaba,BEN,1021,BEN-2025-1021,15.9,7.8,61.8,Guayaba,297,2025,0
BEN-600,600 - Candelillo,BEN,600,BEN-2025-0600,31.2,8.0,249.3,Candelillo,325,2025,0
BEN-300,300 - Cedro amargo,BEN,300,BEN-2025-0300,26.8,12.8,243.5,Cedro amargo,9,2025,0
BEN-686,686 - Guayaba,BEN,686,BEN-2025-0686,18.0,6.0,64.9,Guayaba,297,2025,0
BEN-454,454 - ira café,BEN,454,BEN-2025-0454,69.1,12.5,1787.1,ira café,280,2025,0
BEN-301,301 - Ron ron,BEN,301,BEN-2025-0301,22.5,16.9,229.6,Ron ron,52,2025,0
BEN-932,932 - Cedro amargo,BEN,932,BEN-2025-0932,107.2,18.3,5447.7,Cedro amargo,9,2025,0
BEN-68,68 - Guanacastillo (Albizia),BEN,68,BEN-2025-0068,22.2,13.0,181.8,Guanacastillo (Albizia),37,2025,0
BEN-1022,1022 - Guayaba,BEN,1022,BEN-2025-1022,14.0,5.6,36.8,Guayaba,297,2025,0
BEN-302,302 - Roble sabana,BEN,302,BEN-2025-0302,56.7,17.4,1464.8,Roble sabana,6,2025,0
BEN-905,905 - Guayaba,BEN,905,BEN-2025-0905,27.7,8.4,202.9,Guayaba,297,2025,0
BEN-931,931 - Mango,BEN,931,BEN-2025-0931,27.6,7.0,155.5,Mango,14,2025,0
BEN-11,11 - Guaba,BEN,11,BEN-2025-0011,21.7,7.0,107.1,Guaba,212,2025,0
BEN-599,599 - poró,BEN,599,BEN-2025-0599,15.9,10.0,75.0,poró,155,2025,0
BEN-930,930 - Yos,BEN,930,BEN-2025-0930,31.7,10.7,322.4,Yos,315,2025,0
BEN-653,653 - Roble sabana,BEN,653,BEN-2025-0653,18.0,10.0,91.8,Roble sabana,6,2025,0
BEN-1023,1023 - Uruca,BEN,1023,BEN-2025-1023,17.5,7.0,69.1,Uruca,359,2025,0
BEN-303,303 - Uruca,BEN,303,BEN-2025-0303,27.6,12.9,281.5,Uruca,359,2025,0
BEN-874,874 - No registrado,BEN,874,BEN-2025-0874,24.6,5.7,117.4,No registrado,132,2025,0
BEN-925,925 - Mango,BEN,925,BEN-2025-0925,50.9,9.7,697.5,Mango,14,2025,0
BEN-1024,1024 - Cedro amargo,BEN,1024,BEN-2025-1024,20.9,9.0,111.6,Cedro amargo,9,2025,0
BEN-67,67 - Guachipelin,BEN,67,BEN-2025-0067,40.4,11.0,541.3,Guachipelin,141,2025,0
BEN-304,304 - Cocobolo,BEN,304,BEN-2025-0304,21.1,12.7,160.3,Cocobolo,136,2025,0
BEN-924,924 - Mango,BEN,924,BEN-2025-0924,30.6,7.8,208.9,Mango,14,2025,0
BEN-749,749 - Jocote,BEN,749,BEN-2025-0749,48.3,11.0,779.2,Jocote,333,2025,0
BEN-305,305 - gavilancillo,BEN,305,BEN-2025-0305,43.2,14.7,776.0,gavilancillo,36,2025,0
BEN-456,456 - Jacaranda,BEN,456,BEN-2025-0456,36.7,11.7,423.1,Jacaranda,8,2025,0
BEN-923,923 - guabillo,BEN,923,BEN-2025-0923,35.7,5.5,245.5,guabillo,210,2025,0
BEN-12,12 - Guanacaste,BEN,12,BEN-2025-0012,67.8,19.4,2269.9,Guanacaste,1,2025,0
BEN-598,598 - poró,BEN,598,BEN-2025-0598,22.9,10.0,157.9,poró,155,2025,0
BEN-306,306 - Ron ron,BEN,306,BEN-2025-0306,26.6,15.6,302.3,Ron ron,52,2025,0
BEN-922,922 - Poro,BEN,922,BEN-2025-0922,115.0,21.6,7493.3,Poro,3,2025,0
BEN-307,307 - Roble sabana,BEN,307,BEN-2025-0307,33.3,14.8,435.5,Roble sabana,6,2025,0
BEN-590,590 - Madero Negro,BEN,590,BEN-2025-0590,35.4,9.6,371.8,Madero Negro,186,2025,0
BEN-2,2 - Lorito,BEN,2,BEN-2025-0002,56.7,17.3,1537.8,Lorito,114,2025,0
BEN-1025,1025 - No registrado,BEN,1025,BEN-2025-1025,20.7,8.5,113.2,No registrado,371,2025,0
BEN-308,308 - Ron ron,BEN,308,BEN-2025-0308,25.0,15.2,261.8,Ron ron,52,2025,0
BEN-66,66 - Caoba,BEN,66,BEN-2025-0066,60.5,20.0,1842.4,Caoba,10,2025,0
BEN-309,309 - Roble sabana,BEN,309,BEN-2025-0309,37.0,13.1,491.1,Roble sabana,6,2025,0
BEN-1,1 - Lorito,BEN,1,BEN-2025-0001,45.1,19.1,1041.4,Lorito,114,2025,0
BEN-955,955 - gavilancillo,BEN,955,BEN-2025-0955,13.3,9.7,50.6,gavilancillo,36,2025,0
BEN-1026,1026 - Uruca,BEN,1026,BEN-2025-1026,39.1,8.8,425.6,Uruca,359,2025,0
BEN-522,522 - Guayaba,BEN,522,BEN-2025-0522,14.7,5.8,41.8,Guayaba,297,2025,0
BEN-310,310 - Cedro amargo,BEN,310,BEN-2025-0310,27.5,12.3,249.4,Cedro amargo,9,2025,0
BEN-851,851 - Uruca,BEN,851,BEN-2025-0851,20.2,5.8,79.9,Uruca,359,2025,0
BEN-475,475 - Guachipelin,BEN,475,BEN-2025-0475,34.1,13.2,442.5,Guachipelin,141,2025,0
BEN-311,311 - Cedro amargo,BEN,311,BEN-2025-0311,28.1,12.5,263.9,Cedro amargo,9,2025,0
BEN-921,921 - Jocote,BEN,921,BEN-2025-0921,68.6,11.1,1606.7,Jocote,333,2025,0
BEN-1027,1027 - Yos,BEN,1027,BEN-2025-1027,60.2,14.5,1514.3,Yos,315,2025,0
BEN-457,457 - Jacaranda,BEN,457,BEN-2025-0457,42.7,11.7,577.3,Jacaranda,8,2025,0
BEN-65,65 - Guachipelin,BEN,65,BEN-2025-0065,19.3,9.0,102.6,Guachipelin,141,2025,0
BEN-920,920 - Uruca,BEN,920,BEN-2025-0920,30.4,9.6,272.0,Uruca,359,2025,0
BEN-312,312 - Cedro amargo,BEN,312,BEN-2025-0312,32.1,13.7,372.3,Cedro amargo,9,2025,0
BEN-13,13 - Guayaba,BEN,13,BEN-2025-0013,18.7,10.2,106.0,Guayaba,297,2025,0
BEN-313,"313 - chirraca, bálsamo",BEN,313,BEN-2025-0313,19.2,13.8,142.1,"chirraca, bálsamo",258,2025,0
BEN-853,853 - Cedro amargo,BEN,853,BEN-2025-0853,33.4,14.6,422.9,Cedro amargo,9,2025,0
BEN-919,919 - Guitite,BEN,919,BEN-2025-0919,23.3,6.6,118.2,Guitite,35,2025,0
BEN-915,915 - Guayaba,BEN,915,BEN-2025-0915,30.6,5.0,165.9,Guayaba,297,2025,0
BEN-176,176 - Madero Negro,BEN,176,BEN-2025-0176,30.0,14.6,367.7,Madero Negro,186,2025,0
BEN-521,521 - Guitite,BEN,521,BEN-2025-0521,14.3,9.7,59.0,Guitite,35,2025,0
BEN-64,"64 - gallinazo, vainillo",BEN,64,BEN-2025-0064,105.4,36.2,9681.3,"gallinazo, vainillo",339,2025,0
BEN-175,175 - Madero Negro,BEN,175,BEN-2025-0175,17.4,11.5,100.5,Madero Negro,186,2025,0
BEN-174,174 - Madero Negro,BEN,174,BEN-2025-0174,22.3,8.5,131.8,Madero Negro,186,2025,0
BEN-173,173 - Madero Negro,BEN,173,BEN-2025-0173,38.6,15.0,628.0,Madero Negro,186,2025,0
BEN-314,314 - Cedro amargo,BEN,314,BEN-2025-0314,33.0,15.4,430.2,Cedro amargo,9,2025,0
BEN-914,914 - Guayaba,BEN,914,BEN-2025-0914,24.7,9.4,175.8,Guayaba,297,2025,0
BEN-685,685 - Guayaba,BEN,685,BEN-2025-0685,15.2,6.2,47.1,Guayaba,297,2025,0
BEN-315,315 - Roble sabana,BEN,315,BEN-2025-0315,33.6,15.5,460.4,Roble sabana,6,2025,0
BEN-913,913 - Guayaba,BEN,913,BEN-2025-0913,30.4,10.5,292.4,Guayaba,297,2025,0
BEN-172,172 - Madero Negro,BEN,172,BEN-2025-0172,32.3,15.0,436.6,Madero Negro,186,2025,0
BEN-958,958 - Roble sabana,BEN,958,BEN-2025-0958,19.5,10.3,110.4,Roble sabana,6,2025,0
BEN-171,171 - Roble sabana,BEN,171,BEN-2025-0171,44.5,20.0,997.8,Roble sabana,6,2025,0
BEN-965,965 - Mango,BEN,965,BEN-2025-0965,22.1,7.9,108.3,Mango,14,2025,0
BEN-170,170 - Roble sabana,BEN,170,BEN-2025-0170,57.5,20.2,1696.1,Roble sabana,6,2025,0
BEN-966,966 - Uruca,BEN,966,BEN-2025-0966,17.6,6.2,63.7,Uruca,359,2025,0
BEN-700,700 - Sangrillo,BEN,700,BEN-2025-0700,19.1,23.0,208.6,Sangrillo,300,2025,0
BEN-316,316 - Caoba,BEN,316,BEN-2025-0316,37.4,13.2,500.5,Caoba,10,2025,0
BEN-726,726 - Guachipelin,BEN,726,BEN-2025-0726,40.5,12.3,593.5,Guachipelin,141,2025,0
BEN-912,912 - Guayaba,BEN,912,BEN-2025-0912,34.4,8.9,331.0,Guayaba,297,2025,0
BEN-169,169 - Roble sabana,BEN,169,BEN-2025-0169,52.8,19.5,1386.7,Roble sabana,6,2025,0
BEN-518,518 - Mango,BEN,518,BEN-2025-0518,21.3,5.0,70.4,Mango,14,2025,0
BEN-63,63 - Caoba,BEN,63,BEN-2025-0063,27.1,12.0,240.5,Caoba,10,2025,0
BEN-911,911 - No registrado,BEN,911,BEN-2025-0911,25.3,6.6,139.7,No registrado,224,2025,0
BEN-16,16 - Lorito,BEN,16,BEN-2025-0016,29.1,6.2,177.3,Lorito,114,2025,0
BEN-967,967 - Cas,BEN,967,BEN-2025-0967,16.8,6.6,60.7,Cas,296,2025,0
BEN-167,167 - Mango,BEN,167,BEN-2025-0167,37.1,7.3,293.4,Mango,14,2025,0
BEN-968,968 - Cas,BEN,968,BEN-2025-0968,11.5,6.6,28.2,Cas,296,2025,0
BEN-168,168 - Mango,BEN,168,BEN-2025-0168,36.9,7.4,293.2,Mango,14,2025,0
BEN-317,317 - Uruca,BEN,317,BEN-2025-0317,24.1,10.6,183.5,Uruca,359,2025,0
BEN-969,969 - barrabas,BEN,969,BEN-2025-0969,13.2,4.9,29.5,barrabas,168,2025,0
BEN-439,439 - Mango,BEN,439,BEN-2025-0439,26.6,9.2,178.5,Mango,14,2025,0
BEN-970,970 - barrabas,BEN,970,BEN-2025-0970,14.8,6.7,47.1,barrabas,168,2025,0
BEN-750,750 - Madero Negro,BEN,750,BEN-2025-0750,40.7,11.0,549.5,Madero Negro,186,2025,0
BEN-971,971 - Roble sabana,BEN,971,BEN-2025-0971,14.3,7.2,44.6,Roble sabana,6,2025,0
BEN-17,17 - Sahino,BEN,17,BEN-2025-0017,20.7,7.5,102.7,Sahino,65,2025,0
BEN-972,972 - Llama del bosque,BEN,972,BEN-2025-0972,88.6,19.2,4146.4,Llama del bosque,331,2025,0
BEN-166,166 - Guachipelin,BEN,166,BEN-2025-0166,31.5,8.9,276.3,Guachipelin,141,2025,0
BEN-318,318 - Cocobolo,BEN,318,BEN-2025-0318,25.1,12.4,224.9,Cocobolo,136,2025,0
BEN-973,973 - Guanabana,BEN,973,BEN-2025-0973,16.3,5.2,47.5,Guanabana,47,2025,0
BEN-677,677 - Aguacate,BEN,677,BEN-2025-0677,18.0,10.0,96.6,Aguacate,279,2025,0
BEN-319,319 - Sahino,BEN,319,BEN-2025-0319,42.9,23.8,1116.2,Sahino,65,2025,0
BEN-507,507 - Mango,BEN,507,BEN-2025-0507,11.9,6.0,24.8,Mango,14,2025,0
BEN-909,909 - Poro,BEN,909,BEN-2025-0909,66.8,17.3,2083.2,Poro,3,2025,0
BEN-782,782 - Aguacate,BEN,782,BEN-2025-0782,26.6,12.7,258.5,Aguacate,279,2025,0
BEN-165,165 - Guachipelin,BEN,165,BEN-2025-0165,39.5,8.9,438.3,Guachipelin,141,2025,0
BEN-62,62 - Caoba,BEN,62,BEN-2025-0062,39.8,15.0,626.7,Caoba,10,2025,0
BEN-908,908 - Poro,BEN,908,BEN-2025-0908,112.2,9.9,3881.3,Poro,3,2025,0
BEN-320,320 - Roble sabana,BEN,320,BEN-2025-0320,37.7,12.2,484.8,Roble sabana,6,2025,0
BEN-458,458 - Cedro amargo,BEN,458,BEN-2025-0458,37.6,14.2,526.2,Cedro amargo,9,2025,0
BEN-904,904 - Guayaba,BEN,904,BEN-2025-0904,27.8,8.4,205.0,Guayaba,297,2025,0
BEN-163,163 - Madero Negro,BEN,163,BEN-2025-0163,20.0,10.9,128.1,Madero Negro,186,2025,0
BEN-321,321 - Guanacaste,BEN,321,BEN-2025-0321,47.3,12.5,773.6,Guanacaste,1,2025,0
BEN-496,496 - Guitite,BEN,496,BEN-2025-0496,15.9,9.0,69.1,Guitite,35,2025,0
BEN-903,903 - Mango,BEN,903,BEN-2025-0903,33.5,9.8,300.0,Mango,14,2025,0
BEN-906,906 - Guayaba,BEN,906,BEN-2025-0906,37.6,5.3,264.4,Guayaba,297,2025,0
BEN-18,18 - Sahino,BEN,18,BEN-2025-0018,25.4,9.0,179.6,Sahino,65,2025,0
BEN-322,322 - higuerón,BEN,322,BEN-2025-0322,72.2,18.9,2697.2,higuerón,175,2025,0
BEN-902,902 - Mango,BEN,902,BEN-2025-0902,37.0,8.1,315.5,Mango,14,2025,0
BEN-801,801 - Cas,BEN,801,BEN-2025-0801,26.8,8.8,196.5,Cas,296,2025,0
BEN-497,497 - Aguacate,BEN,497,BEN-2025-0497,19.2,15.0,151.1,Aguacate,279,2025,0
BEN-901,901 - Cedro amargo,BEN,901,BEN-2025-0901,85.3,13.1,2631.7,Cedro amargo,9,2025,0
BEN-162,162 - Uruca,BEN,162,BEN-2025-0162,32.5,9.0,297.0,Uruca,359,2025,0
BEN-900,900 - Mango,BEN,900,BEN-2025-0900,39.6,10.8,455.3,Mango,14,2025,0
BEN-160,160 - Madero Negro,BEN,160,BEN-2025-0160,22.6,6.5,109.9,Madero Negro,186,2025,0
BEN-323,323 - Madero Negro,BEN,323,BEN-2025-0323,37.3,13.9,551.0,Madero Negro,186,2025,0
BEN-899,899 - Mango,BEN,899,BEN-2025-0899,35.0,10.8,353.2,Mango,14,2025,0
BEN-159,159 - Madero Negro,BEN,159,BEN-2025-0159,31.0,11.2,319.8,Madero Negro,186,2025,0
BEN-324,324 - Madero Negro,BEN,324,BEN-2025-0324,29.0,9.5,244.8,Madero Negro,186,2025,0
BEN-898,898 - Uruca,BEN,898,BEN-2025-0898,20.1,6.5,86.4,Uruca,359,2025,0
BEN-840,840 - Mango,BEN,840,BEN-2025-0840,26.5,6.7,138.3,Mango,14,2025,0
BEN-325,325 - Roble sabana,BEN,325,BEN-2025-0325,35.3,9.1,336.5,Roble sabana,6,2025,0
BEN-19,19 - Mango,BEN,19,BEN-2025-0019,17.8,8.0,70.4,Mango,14,2025,0
BEN-499,499 - Chaperno,BEN,499,BEN-2025-0499,18.4,9.5,97.1,Chaperno,236,2025,0
BEN-893,893 - No registrado,BEN,893,BEN-2025-0893,21.6,5.9,92.8,No registrado,132,2025,0
BEN-498,498 - Chaperno,BEN,498,BEN-2025-0498,14.0,9.5,55.6,Chaperno,236,2025,0
BEN-326,326 - Guanacaste,BEN,326,BEN-2025-0326,108.6,15.4,4957.3,Guanacaste,1,2025,0
BEN-892,892 - Cas,BEN,892,BEN-2025-0892,16.6,5.3,49.6,Cas,296,2025,0
BEN-158,158 - Madero Negro,BEN,158,BEN-2025-0158,24.9,14.3,247.4,Madero Negro,186,2025,0
BEN-327,327 - Cortez amarillo,BEN,327,BEN-2025-0327,16.0,6.2,52.0,Cortez amarillo,200,2025,0
BEN-891,891 - Roble sabana,BEN,891,BEN-2025-0891,45.6,11.6,686.1,Roble sabana,6,2025,0
BEN-157,157 - Madero Negro,BEN,157,BEN-2025-0157,26.1,12.4,243.7,Madero Negro,186,2025,0
BEN-500,500 - Guayaba,BEN,500,BEN-2025-0500,17.6,6.8,68.3,Guayaba,297,2025,0
BEN-890,890 - Pitanga,BEN,890,BEN-2025-0890,19.2,7.0,83.7,Pitanga,167,2025,0
BEN-155,155 - lagarto blanco,BEN,155,BEN-2025-0155,25.6,12.4,234.3,lagarto blanco,383,2025,0
BEN-328,328 - Roble sabana,BEN,328,BEN-2025-0328,63.5,10.9,1282.3,Roble sabana,6,2025,0
BEN-889,889 - No registrado,BEN,889,BEN-2025-0889,17.3,7.6,72.1,No registrado,132,2025,0
BEN-154,154 - Manazana rosa,BEN,154,BEN-2025-0154,26.2,7.8,171.2,Manazana rosa,342,2025,0
BEN-329,329 - Uruca,BEN,329,BEN-2025-0329,21.1,18.5,215.9,Uruca,359,2025,0
BEN-476,476 - Roble sabana,BEN,476,BEN-2025-0476,51.9,15.9,1140.7,Roble sabana,6,2025,0
BEN-506,506 - Guitite,BEN,506,BEN-2025-0506,20.9,12.0,151.0,Guitite,35,2025,0
BEN-887,887 - Poro,BEN,887,BEN-2025-0887,54.9,9.5,875.1,Poro,3,2025,0
BEN-883,883 - No registrado,BEN,883,BEN-2025-0883,27.3,6.9,169.1,No registrado,132,2025,0
BEN-20,20 - Manazana rosa,BEN,20,BEN-2025-0020,20.8,8.8,117.4,Manazana rosa,342,2025,0
BEN-330,330 - Cenizaro,BEN,330,BEN-2025-0330,47.1,16.2,1002.1,Cenizaro,312,2025,0
BEN-882,882 - No registrado,BEN,882,BEN-2025-0882,30.4,17.0,425.7,No registrado,224,2025,0
BEN-817,817 - Guitite,BEN,817,BEN-2025-0817,32.4,7.6,259.4,Guitite,35,2025,0
BEN-501,501 - Guayaba,BEN,501,BEN-2025-0501,13.1,7.0,38.3,Guayaba,297,2025,0
BEN-881,881 - Madero Negro,BEN,881,BEN-2025-0881,55.9,19.6,1645.2,Madero Negro,186,2025,0
BEN-676,676 - Madero Negro,BEN,676,BEN-2025-0676,23.0,6.0,107.0,Madero Negro,186,2025,0
BEN-331,331 - Cenizaro,BEN,331,BEN-2025-0331,38.8,16.2,675.0,Cenizaro,312,2025,0
BEN-332,332 - Yos,BEN,332,BEN-2025-0332,33.4,13.4,427.7,Yos,315,2025,0
BEN-879,879 - Yos,BEN,879,BEN-2025-0879,19.7,8.3,100.3,Yos,315,2025,0
BEN-153,153 - Manazana rosa,BEN,153,BEN-2025-0153,29.5,5.7,170.8,Manazana rosa,342,2025,0
BEN-152,152 - guaba,BEN,152,BEN-2025-0152,33.8,12.0,402.6,guaba,216,2025,0
BEN-505,505 - Guitite,BEN,505,BEN-2025-0505,14.5,7.0,47.1,Guitite,35,2025,0
BEN-878,878 - No registrado,BEN,878,BEN-2025-0878,51.2,14.5,1090.1,No registrado,224,2025,0
BEN-480,480 - Lorito,BEN,480,BEN-2025-0480,32.3,14.2,417.6,Lorito,114,2025,0
BEN-333,333 - Roble sabana,BEN,333,BEN-2025-0333,47.7,14.2,878.9,Roble sabana,6,2025,0
BEN-877,877 - No registrado,BEN,877,BEN-2025-0877,23.9,7.5,137.3,No registrado,132,2025,0
BEN-21,21 - Manazana rosa,BEN,21,BEN-2025-0021,17.5,10.9,97.5,Manazana rosa,342,2025,0
BEN-502,502 - Guayaba,BEN,502,BEN-2025-0502,13.5,7.0,40.7,Guayaba,297,2025,0
BEN-876,876 - No registrado,BEN,876,BEN-2025-0876,15.3,7.7,56.9,No registrado,132,2025,0
BEN-872,872 - No registrado,BEN,872,BEN-2025-0872,57.6,18.6,1678.4,No registrado,224,2025,0
BEN-907,907 - Guayaba,BEN,907,BEN-2025-0907,20.9,5.5,82.6,Guayaba,297,2025,0
BEN-334,334 - Roble sabana,BEN,334,BEN-2025-0334,74.0,18.9,2695.8,Roble sabana,6,2025,0
BEN-871,871 - Guayaba,BEN,871,BEN-2025-0871,24.8,11.2,203.4,Guayaba,297,2025,0
BEN-885,885 - Mango,BEN,885,BEN-2025-0885,37.3,8.2,325.4,Mango,14,2025,0
BEN-335,335 - Orgullo de la india,BEN,335,BEN-2025-0335,20.2,8.2,104.9,Orgullo de la india,229,2025,0
BEN-870,870 - Poro,BEN,870,BEN-2025-0870,92.9,18.8,4351.6,Poro,3,2025,0
BEN-440,440 - Cedro amargo,BEN,440,BEN-2025-0440,74.4,17.9,2538.9,Cedro amargo,9,2025,0
BEN-336,336 - Roble sabana,BEN,336,BEN-2025-0336,54.2,17.4,1340.0,Roble sabana,6,2025,0
BEN-869,869 - No registrado,BEN,869,BEN-2025-0869,16.3,5.5,49.4,No registrado,132,2025,0
BEN-151,151 - Madero Negro,BEN,151,BEN-2025-0151,30.9,7.0,220.3,Madero Negro,186,2025,0
BEN-503,503 - Guayaba,BEN,503,BEN-2025-0503,17.4,7.0,68.3,Guayaba,297,2025,0
BEN-868,868 - Yos,BEN,868,BEN-2025-0868,18.6,6.3,71.8,Yos,315,2025,0
BEN-150,150 - manteco,BEN,150,BEN-2025-0150,25.4,10.5,202.6,manteco,361,2025,0
BEN-339,339 - Guachipelin,BEN,339,BEN-2025-0339,42.2,11.0,592.8,Guachipelin,141,2025,0
BEN-867,867 - No registrado,BEN,867,BEN-2025-0867,14.6,6.0,42.6,No registrado,94,2025,0
BEN-148,148 - Manazana rosa,BEN,148,BEN-2025-0148,23.4,9.0,152.0,Manazana rosa,342,2025,0
BEN-490,490 - Vainillo,BEN,490,BEN-2025-0490,38.7,9.4,439.6,Vainillo,347,2025,0
BEN-866,866 - Poro,BEN,866,BEN-2025-0866,50.5,13.6,974.8,Poro,3,2025,0
BEN-758,758 - Mango,BEN,758,BEN-2025-0758,122.0,18.0,6718.9,Mango,14,2025,0
BEN-861,861 - Uruca,BEN,861,BEN-2025-0861,22.8,5.9,104.1,Uruca,359,2025,0
BEN-22,22 - Guanacaste,BEN,22,BEN-2025-0022,60.9,14.8,1476.9,Guanacaste,1,2025,0
BEN-504,504 - Guayaba,BEN,504,BEN-2025-0504,18.3,7.0,75.7,Guayaba,297,2025,0
BEN-860,860 - Yos,BEN,860,BEN-2025-0860,40.5,15.3,704.2,Yos,315,2025,0
BEN-1028,1028 - Uruca,BEN,1028,BEN-2025-1028,26.7,6.0,145.0,Uruca,359,2025,0
BEN-338,338 - Guachipelin,BEN,338,BEN-2025-0338,40.3,10.5,518.6,Guachipelin,141,2025,0
BEN-859,859 - Yos,BEN,859,BEN-2025-0859,49.9,15.3,1078.6,Yos,315,2025,0
BEN-147,147 - Manazana rosa,BEN,147,BEN-2025-0147,34.4,9.0,333.5,Manazana rosa,342,2025,0
BEN-508,508 - Mango,BEN,508,BEN-2025-0508,14.4,6.0,36.5,Mango,14,2025,0
BEN-858,858 - Uruca,BEN,858,BEN-2025-0858,20.8,9.0,119.7,Uruca,359,2025,0
BEN-146,146 - Manazana rosa,BEN,146,BEN-2025-0146,25.1,10.4,196.2,Manazana rosa,342,2025,0
BEN-337,337 - Guachipelin,BEN,337,BEN-2025-0337,39.6,10.5,500.4,Guachipelin,141,2025,0
BEN-857,857 - Guayaba,BEN,857,BEN-2025-0857,23.9,9.5,165.5,Guayaba,297,2025,0
BEN-759,759 - Jocote,BEN,759,BEN-2025-0759,52.5,8.0,720.7,Jocote,333,2025,0
BEN-509,509 - Guitite,BEN,509,BEN-2025-0509,16.6,7.9,68.2,Guitite,35,2025,0
BEN-856,856 - Guayaba,BEN,856,BEN-2025-0856,26.1,9.5,198.2,Guayaba,297,2025,0
BEN-23,23 - Guanacaste,BEN,23,BEN-2025-0023,59.4,15.0,1418.4,Guanacaste,1,2025,0
BEN-340,340 - Roble sabana,BEN,340,BEN-2025-0340,43.3,13.4,690.8,Roble sabana,6,2025,0
BEN-342,342 - Roble sabana,BEN,342,BEN-2025-0342,54.1,15.5,1220.0,Roble sabana,6,2025,0
BEN-854,854 - Uruca,BEN,854,BEN-2025-0854,20.9,6.5,93.6,Uruca,359,2025,0
BEN-850,850 - Uruca,BEN,850,BEN-2025-0850,18.5,5.8,66.8,Uruca,359,2025,0
BEN-675,675 - Cedro amargo,BEN,675,BEN-2025-0675,27.0,10.7,215.4,Cedro amargo,9,2025,0
BEN-341,341 - Roble sabana,BEN,341,BEN-2025-0341,46.6,15.5,900.0,Roble sabana,6,2025,0
BEN-849,849 - Guayaba,BEN,849,BEN-2025-0849,25.0,7.2,146.3,Guayaba,297,2025,0
BEN-145,145 - Laurel negro,BEN,145,BEN-2025-0145,29.2,10.9,259.8,Laurel negro,11,2025,0
BEN-511,511 - Uruca,BEN,511,BEN-2025-0511,14.0,7.0,43.8,Uruca,359,2025,0
BEN-848,848 - Poro,BEN,848,BEN-2025-0848,54.1,15.2,1264.8,Poro,153,2025,0
BEN-465,465 - Jocote,BEN,465,BEN-2025-0465,40.9,8.5,454.9,Jocote,333,2025,0
BEN-343,343 - Roble sabana,BEN,343,BEN-2025-0343,42.5,16.2,770.6,Roble sabana,6,2025,0
BEN-847,847 - ira café,BEN,847,BEN-2025-0847,25.9,9.2,190.2,ira café,280,2025,0
BEN-144,144 - Laurel negro,BEN,144,BEN-2025-0144,30.3,10.0,262.0,Laurel negro,11,2025,0
BEN-512,512 - Guayaba,BEN,512,BEN-2025-0512,18.0,11.0,104.0,Guayaba,297,2025,0
BEN-846,846 - Jocote,BEN,846,BEN-2025-0846,30.9,7.2,225.2,Jocote,333,2025,0
BEN-873,873 - Madero Negro,BEN,873,BEN-2025-0873,25.6,8.9,181.1,Madero Negro,186,2025,0
BEN-344,344 - Roble sabana,BEN,344,BEN-2025-0344,39.7,16.2,671.6,Roble sabana,6,2025,0
BEN-845,845 - ira café,BEN,845,BEN-2025-0845,21.8,9.7,139.4,ira café,280,2025,0
BEN-24,24 - Guanacaste,BEN,24,BEN-2025-0024,53.4,15.0,1141.5,Guanacaste,1,2025,0
BEN-345,345 - Roble sabana,BEN,345,BEN-2025-0345,50.9,16.2,1112.9,Roble sabana,6,2025,0
BEN-844,844 - ira café,BEN,844,BEN-2025-0844,21.8,9.7,139.3,ira café,280,2025,0
BEN-1029,1029 - Madero Negro,BEN,1029,BEN-2025-1029,15.8,9.0,68.2,Madero Negro,186,2025,0
BEN-567,567 - Caoba,BEN,567,BEN-2025-0567,17.5,8.3,74.0,Caoba,10,2025,0
BEN-513,513 - Guayaba,BEN,513,BEN-2025-0513,20.3,8.0,103.8,Guayaba,297,2025,0
BEN-839,839 - ira café,BEN,839,BEN-2025-0839,19.5,6.9,84.8,ira café,280,2025,0
BEN-143,143 - Jocote,BEN,143,BEN-2025-0143,39.5,7.6,387.6,Jocote,333,2025,0
BEN-347,347 - Roble sabana,BEN,347,BEN-2025-0347,51.5,16.7,1167.1,Roble sabana,6,2025,0
BEN-838,838 - Mango,BEN,838,BEN-2025-0838,23.5,12.5,175.6,Mango,14,2025,0
BEN-760,760 - Madero Negro,BEN,760,BEN-2025-0760,22.9,10.0,157.9,Madero Negro,186,2025,0
BEN-516,516 - Guitite,BEN,516,BEN-2025-0516,14.0,7.0,43.8,Guitite,35,2025,0
BEN-181,181 - Laurel negro,BEN,181,BEN-2025-0181,19.0,12.0,116.6,Laurel negro,11,2025,0
BEN-579,579 - Madero Negro,BEN,579,BEN-2025-0579,31.6,12.0,350.9,Madero Negro,186,2025,0
BEN-569,569 - higuerón,BEN,569,BEN-2025-0569,24.0,25.0,354.7,higuerón,178,2025,0
BEN-578,578 - gavilancillo,BEN,578,BEN-2025-0578,53.9,12.0,1043.0,gavilancillo,36,2025,0
BEN-588,588 - Guabillo,BEN,588,BEN-2025-0588,45.5,12.0,738.2,Guabillo,215,2025,0
BEN-577,577 - Higuerón,BEN,577,BEN-2025-0577,50.8,7.0,607.4,Higuerón,183,2025,0
BEN-1039,1039 - Indio desnudo,BEN,1039,BEN-2024-1039,0.4,7.5,0.0,Indio desnudo,62,2024,0
BEN-935,935 - Guachipelin,BEN,935,BEN-2024-0935,17.7,5.0,54.4,Guachipelin,141,2024,0
BEN-933,933 - Guarumo,BEN,933,BEN-2024-0933,15.2,5.0,39.9,Guarumo,88,2024,0
BEN-1038,1038 - No identificada,BEN,1038,BEN-2024-1038,0.4,6.2,0.0,No identificada,388,2024,0
BEN-557,557 - Guitite,BEN,557,BEN-2024-0557,17.1,8.3,75.2,Guitite,35,2024,0
BEN-99,99 - Guachipelin,BEN,99,BEN-2024-0099,30.4,12.8,341.0,Guachipelin,141,2024,0
BEN-718,718 - Guanacaste,BEN,718,BEN-2023-0718,30.5,,7.4,Guanacaste,1,2023,0
BEN-821,821 - Laurel negro,BEN,821,BEN-2023-0821,22.2,5.0,81.8,Laurel negro,11,2023,0
BEN-747,747 - Higuerón,BEN,747,BEN-2023-0747,68.6,5.0,871.3,Higuerón,183,2023,0
BEN-114,114 - Laurel negro,BEN,114,BEN-2023-0114,24.2,10.3,171.2,Laurel negro,11,2023,0
BEN-115,115 - Yos,BEN,115,BEN-2023-0115,39.9,14.0,643.3,Yos,315,2023,0
BEN-615,615 - Targua,BEN,615,BEN-2023-0615,11.1,5.0,21.2,Targua,129,2023,0
BEN-616,616 - Targua,BEN,616,BEN-2023-0616,15.2,5.0,40.3,Targua,129,2023,0
BEN-617,617 - Targua,BEN,617,BEN-2023-0617,17.1,5.0,51.2,Targua,129,2023,0
BEN-117,117 - Jocote,BEN,117,BEN-2023-0117,29.9,8.5,242.1,Jocote,333,2023,0
BEN-587,587 - Guayaba,BEN,587,BEN-2023-0587,15.2,5.0,40.3,Guayaba,297,2023,0
BEN-420,420 - Aguacate,BEN,420,BEN-2023-0420,29.5,10.3,273.6,Aguacate,279,2023,0
BEN-713,713 - Sangrillo,BEN,713,BEN-2023-0713,17.3,5.0,52.5,Sangrillo,300,2023,0
BEN-819,819 - Uruca,BEN,819,BEN-2023-0819,22.1,5.0,86.4,Uruca,359,2023,0
BEN-706,706 - gavilancillo,BEN,706,BEN-2023-0706,19.7,5.0,68.4,gavilancillo,36,2023,0
BEN-708,708 - Uruca,BEN,708,BEN-2023-0708,24.0,5.0,102.3,Uruca,359,2023,0
BEN-731,731 - Madero Negro,BEN,731,BEN-2023-0731,12.3,5.0,26.2,Madero Negro,186,2023,0
BEN-547,547 - Mango,BEN,547,BEN-2023-0547,16.3,5.0,41.2,Mango,14,2023,0
BEN-745,745 - Guitite,BEN,745,BEN-2023-0745,12.7,5.0,27.9,Guitite,35,2023,0
BEN-746,746 - Higuerón,BEN,746,BEN-2023-0746,24.1,5.0,103.1,Higuerón,183,2023,0
BEN-777,777 - Uruca,BEN,777,BEN-2023-0777,20.1,5.0,71.2,Uruca,359,2023,0
BEN-556,556 - Cocobolo,BEN,556,BEN-2023-0556,29.6,5.0,156.9,Cocobolo,136,2023,0
BEN-543,543 - Cas,BEN,543,BEN-2023-0543,15.8,5.0,43.6,Cas,296,2023,0
BEN-808,808 - Roble sabana,BEN,808,BEN-2023-0808,73.7,5.0,958.1,Roble sabana,6,2023,0
BEN-823,823 - No registrado,BEN,823,BEN-2023-0823,13.3,5.0,30.7,No registrado,57,2023,0
BEN-466,466 - Yos,BEN,466,BEN-2023-0466,26.5,8.0,180.5,Yos,315,2023,0
BEN-517,517 - Guayaba,BEN,517,BEN-2023-0517,10.0,5.0,17.1,Guayaba,297,2023,0
BEN-514,514 - Jocote,BEN,514,BEN-2023-0514,17.3,5.0,52.5,Jocote,333,2023,0
BEN-149,149 - lagarto blanco,BEN,149,BEN-2023-0149,21.7,7.2,110.6,lagarto blanco,383,2023,0
BEN-855,855 - No registrado,BEN,855,BEN-2023-0855,17.9,5.0,56.2,No registrado,94,2023,0
BEN-880,880 - No registrado,BEN,880,BEN-2023-0880,27.5,5.0,135.0,No registrado,132,2023,0
BEN-532,532 - Guayaba,BEN,532,BEN-2023-0532,16.7,5.0,48.8,Guayaba,297,2023,0
BEN-864,864 - Guayaba,BEN,864,BEN-2023-0864,32.4,5.0,188.6,Guayaba,297,2023,0
BEN-471,471 - Malinche,BEN,471,BEN-2023-0471,63.6,8.0,975.9,Malinche,5,2023,0
BEN-519,519 - Mango,BEN,519,BEN-2023-0519,16.3,5.0,41.2,Mango,14,2023,0
BEN-164,164 - Madero Negro,BEN,164,BEN-2023-0164,17.4,10.5,94.6,Madero Negro,186,2023,0
BEN-936,936 - Cas,BEN,936,BEN-2023-0936,26.3,5.0,123.3,Cas,296,2023,0
BEN-949,949 - Roble sabana,BEN,949,BEN-2023-0949,53.6,5.0,500.4,Roble sabana,6,2023,0
BEN-15,15 - Chaperno,BEN,15,BEN-2023-0015,20.3,10.0,124.7,Chaperno,234,2023,0
BEN-14,14 - Chaperno,BEN,14,BEN-2023-0014,20.9,10.5,137.5,Chaperno,234,2023,0
BEN-283,283 - gavilancillo,BEN,283,BEN-2023-0283,33.9,18.4,570.8,gavilancillo,36,2023,0
BEN-450,450 - Yos,BEN,450,BEN-2023-0450,38.4,10.4,472.0,Yos,315,2023,0
BEN-277,277 - Vainillo,BEN,277,BEN-2023-0277,24.1,8.4,154.5,Vainillo,347,2023,0
BEN-447,447 - Malinche,BEN,447,BEN-2023-0447,27.6,7.2,163.8,Malinche,5,2023,0
BEN-248,248 - Jocote,BEN,248,BEN-2023-0248,22.6,8.1,131.7,Jocote,333,2023,0
BEN-696,696 - Vainillo,BEN,696,BEN-2023-0696,18.0,5.0,56.9,Vainillo,347,2023,0
BEN-952,952 - Dama,BEN,952,BEN-2023-0952,18.4,5.0,59.5,Dama,100,2023,0
BEN-951,951 - Dama,BEN,951,BEN-2023-0951,25.3,5.0,113.9,Dama,100,2023,0
BEN-446,446 - Malinche,BEN,446,BEN-2022-0446,20.6,5.5,73.1,Malinche,5,2022,0
BEN-445,445 - Malinche,BEN,445,BEN-2022-0445,23.3,6.0,100.6,Malinche,5,2022,0
BEN-161,161 - Cedro amargo,BEN,161,BEN-2022-0161,52.9,12.5,968.5,Cedro amargo,9,2022,0
BEN-442,442 - Almendro de playa,BEN,442,BEN-2022-0442,43.7,11.4,660.0,Almendro de playa,350,2022,0
BEN-468,468 - Yos,BEN,468,BEN-2022-0468,41.9,7.5,437.1,Yos,315,2022,0
BEN-52,52 - Guanabana,BEN,52,BEN-2021-0052,20.1,9.0,112.6,Guanabana,47,2021,0
BEN-4,4 - Madero Negro,BEN,4,BEN-2019-0004,31.2,12.0,331.9,Madero Negro,186,2019,0
BEN-26,26 - Eucalipto,BEN,26,BEN-2019-0026,18.1,6.0,77.6,Eucalipto,161,2019,0
BEN-28,28 - Guayaba,BEN,28,BEN-2019-0028,18.6,5.0,56.6,Guayaba,297,2019,0
BEN-156,156 - Lagarto,BEN,156,BEN-2019-0156,24.9,10.0,173.2,Lagarto,381,2019,0
BEN-455,455 - Jacaranda,BEN,455,BEN-2019-0455,21.7,7.0,60.4,Jacaranda,8,2019,0
COT-25,25 - Sota caballo,COT,25,COT-2025-0025,20.2,9.1,113.6,Sota caballo,386,2025,0
COT-91,91 - guabo machete,COT,91,COT-2025-0091,39.5,15.3,668.5,guabo machete,218,2025,0
COT-87,87 - guabo machete,COT,87,COT-2025-0087,33.0,15.3,463.3,guabo machete,218,2025,0
COT-90,90 - guabo machete,COT,90,COT-2025-0090,30.1,15.3,384.0,guabo machete,218,2025,0
COT-88,88 - guabo machete,COT,88,COT-2025-0088,29.0,15.3,355.9,guabo machete,218,2025,0
COT-92,92 - Cortez negro,COT,92,COT-2025-0092,22.3,11.2,163.3,Cortez negro,199,2025,0
COT-93,93 - Cortez negro,COT,93,COT-2025-0093,27.8,12.0,270.2,Cortez negro,199,2025,0
COT-94,94 - Cortez negro,COT,94,COT-2025-0094,23.2,14.1,211.9,Cortez negro,199,2025,0
COT-95,95 - Cortez negro,COT,95,COT-2025-0095,18.2,14.1,129.1,Cortez negro,199,2025,0
COT-96,96 - Manzana de agua,COT,96,COT-2025-0096,30.5,10.1,285.4,Manzana de agua,343,2025,0
COT-98,98 - higuerón,COT,98,COT-2025-0098,22.5,9.5,146.3,higuerón,175,2025,0
COT-100,100 - higuerón,COT,100,COT-2025-0100,28.0,6.0,159.8,higuerón,175,2025,0
COT-99,99 - higuerón,COT,99,COT-2025-0099,21.0,9.5,127.1,higuerón,175,2025,0
COT-101,101 - Manzana de agua,COT,101,COT-2025-0101,26.5,9.2,199.3,Manzana de agua,343,2025,0
COT-102,102 - Manzana de agua,COT,102,COT-2025-0102,21.5,9.0,127.9,Manzana de agua,343,2025,0
COT-103,103 - Aceituno,COT,103,COT-2025-0103,42.0,14.2,714.9,Aceituno,328,2025,0
COT-138,138 - Mango,COT,138,COT-2025-0138,44.1,10.4,549.9,Mango,14,2025,0
COT-116,116 - Nance,COT,116,COT-2025-0116,22.4,9.0,139.0,Nance,63,2025,0
COT-160,160 - Caoba,COT,160,COT-2025-0160,30.4,14.8,358.0,Caoba,10,2025,0
COT-155,155 - Caoba,COT,155,COT-2025-0155,24.3,13.3,208.6,Caoba,10,2025,0
COT-154,154 - Caoba,COT,154,COT-2025-0154,19.2,12.2,120.6,Caoba,10,2025,0
COT-153,153 - Caoba,COT,153,COT-2025-0153,28.3,18.3,365.0,Caoba,10,2025,0
COT-115,115 - Nance,COT,115,COT-2025-0115,18.7,9.0,96.2,Nance,63,2025,0
COT-152,152 - Sota caballo,COT,152,COT-2025-0152,23.9,13.0,211.3,Sota caballo,386,2025,0
COT-122,122 - Nance,COT,122,COT-2025-0122,12.2,6.0,29.3,Nance,63,2025,0
COT-123,123 - Amarillon,COT,123,COT-2025-0123,30.1,15.0,378.1,Amarillon,349,2025,0
COT-124,124 - higuerón,COT,124,COT-2025-0124,26.5,8.0,178.7,higuerón,175,2025,0
COT-128,128 - Almendro de playa,COT,128,COT-2025-0128,31.8,11.7,348.5,Almendro de playa,350,2025,0
COT-129,129 - Nance,COT,129,COT-2025-0129,28.3,11.0,261.9,Nance,63,2025,0
COT-131,"131 - manú platano, m. cuajada",COT,131,COT-2025-0131,42.1,11.1,592.9,"manú platano, m. cuajada",372,2025,0
COT-132,"132 - manú platano, m. cuajada",COT,132,COT-2025-0132,38.1,11.1,483.7,"manú platano, m. cuajada",372,2025,0
COT-130,"130 - manú platano, m. cuajada",COT,130,COT-2025-0130,28.4,11.1,265.6,"manú platano, m. cuajada",372,2025,0
COT-133,133 - higuerón,COT,133,COT-2025-0133,11.8,7.5,32.6,higuerón,175,2025,0
COT-134,134 - higuerón,COT,134,COT-2025-0134,14.9,10.6,68.7,higuerón,175,2025,0
COT-135,135 - cedro maría,COT,135,COT-2025-0135,24.9,10.0,187.3,cedro maría,71,2025,0
COT-136,136 - cedro maría,COT,136,COT-2025-0136,25.8,12.3,236.6,cedro maría,71,2025,0
COT-114,114 - Mango,COT,114,COT-2025-0114,41.7,10.0,475.8,Mango,14,2025,0
COT-13,13 - Sota caballo,COT,13,COT-2025-0013,26.5,13.0,260.8,Sota caballo,386,2025,0
COT-177,177 - Almendro de playa,COT,177,COT-2025-0177,20.4,14.1,163.0,Almendro de playa,350,2025,0
COT-31,31 - Sota caballo,COT,31,COT-2025-0031,22.5,16.8,228.1,Sota caballo,386,2025,0
COT-139,139 - Almendro de playa,COT,139,COT-2025-0139,25.4,11.0,210.0,Almendro de playa,350,2025,0
COT-172,172 - naranja,COT,172,COT-2025-0172,16.6,7.4,64.8,naranja,106,2025,0
COT-173,173 - naranja,COT,173,COT-2025-0173,13.9,9.2,53.4,naranja,106,2025,0
COT-174,174 - Almendro de playa,COT,174,COT-2025-0174,19.1,14.1,142.5,Almendro de playa,350,2025,0
COT-178,178 - mamey,COT,178,COT-2025-0178,18.5,5.0,59.5,mamey,241,2025,0
COT-159,159 - Sota caballo,COT,159,COT-2025-0159,21.0,11.2,144.5,Sota caballo,386,2025,0
COT-151,151 - Sota caballo,COT,151,COT-2025-0151,16.5,13.0,99.2,Sota caballo,386,2025,0
COT-149,149 - Sota caballo,COT,149,COT-2025-0149,24.2,13.0,216.7,Sota caballo,386,2025,0
COT-146,146 - Sota caballo,COT,146,COT-2025-0146,27.6,13.0,283.4,Sota caballo,386,2025,0
COT-111,111 - Lengua de vaca,COT,111,COT-2025-0111,17.0,13.6,109.2,Lengua de vaca,249,2025,0
COT-110,110 - pilón,COT,110,COT-2025-0110,22.9,19.0,260.3,pilón,205,2025,0
COT-157,157 - Sota caballo,COT,157,COT-2025-0157,16.5,11.2,88.4,Sota caballo,386,2025,0
COT-183,183 - Higuerón,COT,183,COT-2025-0183,12.5,,1.3,Higuerón,182,2025,0
COT-182,182 - Higuerón,COT,182,COT-2025-0182,16.2,,2.2,Higuerón,182,2025,0
COT-181,181 - Higuerón,COT,181,COT-2025-0181,11.4,,1.1,Higuerón,182,2025,0
COT-180,180 - Higuerón,COT,180,COT-2025-0180,14.3,,1.7,Higuerón,182,2025,0
COT-118,118 - Nance,COT,118,COT-2025-0118,27.7,9.0,214.4,Nance,63,2025,0
COT-158,158 - Sota caballo,COT,158,COT-2025-0158,21.7,11.2,154.5,Sota caballo,386,2025,0
COT-175,175 - Almendro de playa,COT,175,COT-2025-0175,20.5,14.4,167.3,Almendro de playa,350,2025,0
COT-150,150 - Sota caballo,COT,150,COT-2025-0150,17.6,13.0,113.2,Sota caballo,386,2025,0
COT-119,119 - Nance,COT,119,COT-2025-0119,18.4,9.0,93.1,Nance,63,2025,0
COT-156,156 - Llama del bosque,COT,156,COT-2025-0156,32.8,15.2,455.2,Llama del bosque,331,2025,0
COT-184,184 - Nance,COT,184,COT-2025-0184,13.8,7.0,42.6,Nance,63,2025,0
COT-179,179 - Manzana de agua,COT,179,COT-2025-0179,21.6,6.4,99.0,Manzana de agua,343,2025,0
COT-147,147 - Sota caballo,COT,147,COT-2025-0147,27.6,13.0,283.4,Sota caballo,386,2025,0
COT-145,145 - Amarillon,COT,145,COT-2025-0145,53.6,15.5,1258.7,Amarillon,349,2025,0
COT-144,144 - Aguacate,COT,144,COT-2025-0144,36.6,11.1,445.6,Aguacate,279,2025,0
COT-137,137 - cedro maría,COT,137,COT-2025-0137,26.3,9.3,197.9,cedro maría,71,2025,0
COT-143,143 - olozapo,COT,143,COT-2025-0143,15.4,5.9,46.6,olozapo,124,2025,0
COT-142,142 - olozapo,COT,142,COT-2025-0142,17.3,5.9,59.1,olozapo,124,2025,0
COT-140,140 - Manzana de agua,COT,140,COT-2025-0140,30.9,7.3,227.6,Manzana de agua,343,2025,0
COT-148,148 - Sota caballo,COT,148,COT-2025-0148,17.5,13.0,111.9,Sota caballo,386,2025,0
COT-109,109 - pilón,COT,109,COT-2025-0109,32.3,19.0,524.9,pilón,205,2025,0
COT-117,117 - Nance,COT,117,COT-2025-0117,14.0,9.0,53.3,Nance,63,2025,0
COT-120,120 - higo,COT,120,COT-2025-0120,24.0,9.0,160.0,higo,55,2025,0
COT-113,113 - Mango,COT,113,COT-2025-0113,39.1,10.0,417.2,Mango,14,2025,0
COT-176,176 - Almendro de playa,COT,176,COT-2025-0176,25.4,14.1,254.9,Almendro de playa,350,2025,0
COT-171,171 - mamón chino,COT,171,COT-2025-0171,24.0,10.3,177.8,mamón chino,265,2025,0
COT-108,108 - pilón,COT,108,COT-2025-0108,36.0,19.0,654.9,pilón,205,2025,0
COT-107,107 - pilón,COT,107,COT-2025-0107,45.0,19.0,1032.4,pilón,205,2025,0
COT-106,106 - Nance,COT,106,COT-2025-0106,13.5,8.0,45.1,Nance,63,2025,0
COT-105,105 - higuerón,COT,105,COT-2025-0105,25.5,10.0,196.6,higuerón,175,2025,0
COT-104,104 - Nance,COT,104,COT-2025-0104,14.8,13.0,79.5,Nance,63,2025,0
COT-1,1 - Mango,COT,1,COT-2025-0001,17.0,6.5,54.5,Mango,14,2025,0
COT-2,2 - Caoba,COT,2,COT-2025-0002,15.8,10.0,69.4,Caoba,10,2025,0
COT-5,5 - Sota caballo,COT,5,COT-2025-0005,16.0,18.2,121.1,Sota caballo,386,2025,0
COT-6,6 - Sota caballo,COT,6,COT-2025-0006,13.4,18.2,84.4,Sota caballo,386,2025,0
COT-4,4 - Sota caballo,COT,4,COT-2025-0004,10.0,18.2,46.4,Sota caballo,386,2025,0
COT-7,7 - Cenizaro,COT,7,COT-2025-0007,30.3,15.5,393.2,Cenizaro,312,2025,0
COT-8,8 - Cenizaro,COT,8,COT-2025-0008,36.7,14.1,539.9,Cenizaro,312,2025,0
COT-10,10 - Caoba,COT,10,COT-2025-0010,38.3,19.1,699.5,Caoba,10,2025,0
COT-9,9 - Caoba,COT,9,COT-2025-0009,23.1,19.0,248.4,Caoba,10,2025,0
COT-11,11 - Cenizaro,COT,11,COT-2025-0011,62.7,17.8,1930.4,Cenizaro,312,2025,0
COT-12,12 - Sota caballo,COT,12,COT-2025-0012,29.5,13.8,340.1,Sota caballo,386,2025,0
COT-14,14 - Cenizaro,COT,14,COT-2025-0014,27.6,18.3,369.9,Cenizaro,312,2025,0
COT-15,15 - Sota caballo,COT,15,COT-2025-0015,24.8,16.2,270.4,Sota caballo,386,2025,0
COT-16,16 - Sota caballo,COT,16,COT-2025-0016,21.2,14.3,178.2,Sota caballo,386,2025,0
COT-17,17 - Sota caballo,COT,17,COT-2025-0017,21.9,15.0,197.6,Sota caballo,386,2025,0
COT-18,18 - Cenizaro,COT,18,COT-2025-0018,23.4,14.0,214.4,Cenizaro,312,2025,0
COT-19,19 - Cenizaro,COT,19,COT-2025-0019,41.4,17.2,806.0,Cenizaro,312,2025,0
COT-20,20 - Sota caballo,COT,20,COT-2025-0020,31.0,20.2,506.3,Sota caballo,386,2025,0
COT-22,22 - Sota caballo,COT,22,COT-2025-0022,27.8,15.8,334.8,Sota caballo,386,2025,0
COT-23,23 - Caoba,COT,23,COT-2025-0023,28.1,16.8,336.5,Caoba,10,2025,0
COT-86,86 - mamón chino,COT,86,COT-2025-0086,18.6,8.6,91.8,mamón chino,265,2025,0
COT-26,26 - Cenizaro,COT,26,COT-2025-0026,76.5,27.5,4064.8,Cenizaro,312,2025,0
COT-29,29 - Sota caballo,COT,29,COT-2025-0029,26.9,18.3,351.0,Sota caballo,386,2025,0
COT-28,28 - Sota caballo,COT,28,COT-2025-0028,23.2,18.3,259.6,Sota caballo,386,2025,0
COT-30,30 - Sota caballo,COT,30,COT-2025-0030,16.3,18.3,126.3,Sota caballo,386,2025,0
COT-32,32 - Sota caballo,COT,32,COT-2025-0032,24.6,16.8,273.7,Sota caballo,386,2025,0
COT-33,33 - Cenizaro,COT,33,COT-2025-0033,38.4,20.2,783.6,Cenizaro,312,2025,0
COT-34,34 - Sota caballo,COT,34,COT-2025-0034,31.5,19.0,498.7,Sota caballo,386,2025,0
COT-35,35 - Sota caballo,COT,35,COT-2025-0035,16.0,19.8,129.3,Sota caballo,386,2025,0
COT-36,36 - Sota caballo,COT,36,COT-2025-0036,15.0,19.8,113.4,Sota caballo,386,2025,0
COT-37,37 - Sota caballo,COT,37,COT-2025-0037,13.1,15.0,69.3,Sota caballo,386,2025,0
COT-38,38 - Cenizaro,COT,38,COT-2025-0038,39.9,20.8,866.8,Cenizaro,312,2025,0
COT-42,42 - Sota caballo,COT,42,COT-2025-0042,23.1,15.5,226.1,Sota caballo,386,2025,0
COT-40,40 - Sota caballo,COT,40,COT-2025-0040,21.7,16.0,204.0,Sota caballo,386,2025,0
COT-43,43 - Sota caballo,COT,43,COT-2025-0043,24.1,16.0,252.7,Sota caballo,386,2025,0
COT-41,41 - Sota caballo,COT,41,COT-2025-0041,19.3,16.0,160.6,Sota caballo,386,2025,0
COT-39,39 - Sota caballo,COT,39,COT-2025-0039,16.8,16.0,121.0,Sota caballo,386,2025,0
COT-50,50 - Sota caballo,COT,50,COT-2025-0050,29.9,18.2,433.7,Sota caballo,386,2025,0
COT-49,49 - Sota caballo,COT,49,COT-2025-0049,25.0,18.2,301.0,Sota caballo,386,2025,0
COT-47,47 - Sota caballo,COT,47,COT-2025-0047,27.7,18.8,380.6,Sota caballo,386,2025,0
COT-48,48 - Sota caballo,COT,48,COT-2025-0048,20.0,12.0,138.0,Sota caballo,386,2025,0
COT-46,46 - Sota caballo,COT,46,COT-2025-0046,21.7,12.0,163.0,Sota caballo,386,2025,0
COT-44,44 - Sota caballo,COT,44,COT-2025-0044,21.3,12.0,157.0,Sota caballo,386,2025,0
COT-45,45 - Sota caballo,COT,45,COT-2025-0045,18.8,12.0,121.7,Sota caballo,386,2025,0
COT-51,51 - Caoba,COT,51,COT-2025-0051,14.6,12.0,68.1,Caoba,10,2025,0
COT-52,52 - Caoba,COT,52,COT-2025-0052,14.3,7.3,44.3,Caoba,10,2025,0
COT-53,53 - Cenizaro,COT,53,COT-2025-0053,32.9,13.8,424.8,Cenizaro,312,2025,0
COT-55,55 - Cenizaro,COT,55,COT-2025-0055,35.9,12.0,455.2,Cenizaro,312,2025,0
COT-56,56 - Cenizaro,COT,56,COT-2025-0056,22.0,9.5,139.8,Cenizaro,312,2025,0
COT-58,58 - Cenizaro,COT,58,COT-2025-0058,31.4,13.0,368.7,Cenizaro,312,2025,0
COT-59,59 - Cenizaro,COT,59,COT-2025-0059,26.3,11.0,225.5,Cenizaro,312,2025,0
COT-60,60 - Roble sabana,COT,60,COT-2025-0060,14.9,11.0,67.2,Roble sabana,6,2025,0
COT-61,61 - Cenizaro,COT,61,COT-2025-0061,27.2,13.6,284.9,Cenizaro,312,2025,0
COT-62,62 - Cenizaro,COT,62,COT-2025-0062,32.8,17.0,496.7,Cenizaro,312,2025,0
COT-63,63 - Cenizaro,COT,63,COT-2025-0063,36.3,13.0,495.6,Cenizaro,312,2025,0
COT-64,64 - Caoba,COT,64,COT-2025-0064,25.8,12.6,226.0,Caoba,10,2025,0
COT-65,65 - Cenizaro,COT,65,COT-2025-0065,28.5,12.2,288.0,Cenizaro,312,2025,0
COT-66,66 - Caoba,COT,66,COT-2025-0066,20.8,11.5,135.6,Caoba,10,2025,0
COT-67,67 - Caoba,COT,67,COT-2025-0067,37.5,17.2,617.5,Caoba,10,2025,0
COT-68,68 - Caoba,COT,68,COT-2025-0068,11.2,12.0,39.7,Caoba,10,2025,0
COT-69,69 - Espavel,COT,69,COT-2025-0069,56.0,19.0,1532.2,Espavel,13,2025,0
COT-70,70 - Espavel,COT,70,COT-2025-0070,34.8,16.5,520.2,Espavel,13,2025,0
COT-71,71 - Cenizaro,COT,71,COT-2025-0071,39.0,15.0,641.4,Cenizaro,312,2025,0
COT-72,72 - higo,COT,72,COT-2025-0072,32.4,12.0,369.3,higo,55,2025,0
COT-74,74 - Cortez amarillo,COT,74,COT-2025-0074,13.3,6.5,37.3,Cortez amarillo,200,2025,0
COT-76,76 - Cenizaro,COT,76,COT-2025-0076,44.8,14.8,842.2,Cenizaro,312,2025,0
COT-77,77 - Cenizaro,COT,77,COT-2025-0077,38.5,16.0,656.9,Cenizaro,312,2025,0
COT-78,78 - Cenizaro,COT,78,COT-2025-0078,50.4,16.5,1165.5,Cenizaro,312,2025,0
COT-79,79 - Nance,COT,79,COT-2025-0079,15.4,9.5,67.5,Nance,63,2025,0
COT-80,80 - Nance,COT,80,COT-2025-0080,24.8,11.0,200.0,Nance,63,2025,0
COT-81,81 - Nance,COT,81,COT-2025-0081,23.4,11.0,177.7,Nance,63,2025,0
COT-82,82 - Cenizaro,COT,82,COT-2025-0082,56.2,12.5,1172.5,Cenizaro,312,2025,0
COT-83,83 - Roble sabana,COT,83,COT-2025-0083,13.2,7.0,36.9,Roble sabana,6,2025,0
COT-168,168 - Cenizaro,COT,168,COT-2025-0168,25.6,12.2,231.4,Cenizaro,312,2025,0
COT-57,57 - Roble sabana,COT,57,COT-2025-0057,40.0,17.0,707.3,Roble sabana,6,2025,0
COT-170,170 - Aguacate,COT,170,COT-2025-0170,31.7,13.4,384.9,Aguacate,279,2025,0
COT-169,169 - Cenizaro,COT,169,COT-2025-0169,36.1,15.5,562.0,Cenizaro,312,2025,0
COT-166,166 - Nance,COT,166,COT-2025-0166,15.6,7.8,59.4,Nance,63,2025,0
COT-164,164 - Nance,COT,164,COT-2025-0164,15.4,8.4,61.3,Nance,63,2025,0
COT-165,165 - Nance,COT,165,COT-2025-0165,16.4,8.7,71.7,Nance,63,2025,0
COT-167,167 - Nance,COT,167,COT-2025-0167,19.8,5.6,74.7,Nance,63,2025,0
COT-163,163 - Almendro de río,COT,163,COT-2025-0163,24.0,8.2,148.8,Almendro de río,44,2025,0
COT-162,162 - Caoba,COT,162,COT-2025-0162,15.9,14.0,91.4,Caoba,10,2025,0
COT-112,112 - copey,COT,112,COT-2024-0112,14.5,8.6,55.3,copey,111,2024,0
COT-84,84 - Sacagundí,COT,84,COT-2024-0084,26.8,8.0,182.8,Sacagundí,324,2024,0
COT-75,75 - Roble sabana,COT,75,COT-2024-0075,15.2,7.5,51.9,Roble sabana,6,2024,0
COT-24,24 - Caoba,COT,24,COT-2024-0024,14.8,11.5,67.7,Caoba,10,2024,0
COT-21,21 - Cenizaro,COT,21,COT-2024-0021,28.7,16.0,360.8,Cenizaro,312,2024,0
COT-3,3 - Caoba,COT,3,COT-2024-0003,11.2,7.8,28.4,Caoba,10,2024,0
COT-89,89 - guabo machete,COT,89,COT-2024-0089,27.0,14.0,287.1,guabo machete,218,2024,0
COT-121,121 - lengua de vaca,COT,121,COT-2024-0121,12.1,7.6,34.7,lengua de vaca,116,2024,0
COT-97,97 - pilón,COT,97,COT-2023-0097,77.2,17.5,2942.0,pilón,205,2023,0
COT-73,73 - Gallinazo,COT,73,COT-2023-0073,16.1,14.2,102.1,Gallinazo,321,2023,0
COT-54,54 - Roble sabana,COT,54,COT-2023-0054,13.1,8.2,41.5,Roble sabana,6,2023,0
COT-141,141 - Marañon,COT,141,COT-2022-0141,15.2,4.0,33.9,Marañon,42,2022,0
COT-161,161 - Aguacate,COT,161,COT-2022-0161,11.1,2.3,11.6,Aguacate,279,2022,0
COT-127,127 - Amarillon,COT,127,COT-2021-0127,22.1,13.7,189.5,Amarillon,349,2021,0
COT-126,126 - No registrado,COT,126,COT-2021-0126,10.4,3.9,14.4,No registrado,64,2021,0
COT-125,125 - lengua de vaca,COT,125,COT-2021-0125,12.1,6.4,30.7,lengua de vaca,116,2021,0
COT-85,85 - Cenizaro,COT,85,COT-2021-0085,48.4,9.8,722.5,Cenizaro,312,2021,0
COT-27,27 - Cenizaro,COT,27,COT-2021-0027,43.5,15.0,809.7,Cenizaro,312,2021,0
LIB-81,81 - Almendro de playa,LIB,81,LIB-2025-0081,22.8,7.2,121.1,Almendro de playa,350,2025,0
LIB-343,343 - manteco,LIB,343,LIB-2025-0343,12.4,7.5,36.1,manteco,358,2025,0
LIB-266,266 - anona,LIB,266,LIB-2025-0266,13.5,8.7,48.2,anona,48,2025,0
LIB-10,10 - Vainillo,LIB,10,LIB-2025-0010,33.2,10.2,342.0,Vainillo,347,2025,0
LIB-189,189 - Laurel negro,LIB,189,LIB-2025-0189,18.9,12.0,115.3,Laurel negro,11,2025,0
LIB-351,351 - Mango,LIB,351,LIB-2025-0351,17.1,,2.1,Mango,14,2025,0
LIB-352,352 - Mango,LIB,352,LIB-2025-0352,18.3,,2.5,Mango,14,2025,0
LIB-360,360 - gavilancillo,LIB,360,LIB-2025-0360,23.3,,4.5,gavilancillo,36,2025,0
LIB-361,361 - gavilancillo,LIB,361,LIB-2025-0361,22.3,,4.1,gavilancillo,36,2025,0
LIB-364,364 - No identificada,LIB,364,LIB-2025-0364,11.5,,1.0,No identificada,388,2025,0
LIB-304,304 - Guarumo,LIB,304,LIB-2025-0304,22.1,12.7,176.9,Guarumo,88,2025,0
LIB-368,368 - Guanabana,LIB,368,LIB-2025-0368,11.4,7.3,29.8,Guanabana,47,2025,0
LIB-9,9 - Vainillo,LIB,9,LIB-2025-0009,18.8,8.8,95.6,Vainillo,347,2025,0
LIB-152,152 - Cedro amargo,LIB,152,LIB-2025-0152,55.3,23.0,1687.5,Cedro amargo,9,2025,0
LIB-359,359 - Jocote,LIB,359,LIB-2025-0359,13.2,5.8,33.6,Jocote,333,2025,0
LIB-121,121 - Laurel negro,LIB,121,LIB-2025-0121,40.6,14.0,618.5,Laurel negro,11,2025,0
LIB-265,265 - anona,LIB,265,LIB-2025-0265,15.9,8.7,67.3,anona,48,2025,0
LIB-358,358 - Guacimo,LIB,358,LIB-2025-0358,11.3,5.5,23.5,Guacimo,196,2025,0
LIB-190,190 - Guacimo,LIB,190,LIB-2025-0190,30.7,10.2,291.5,Guacimo,196,2025,0
LIB-357,357 - No registrado,LIB,357,LIB-2025-0357,11.2,5.5,23.0,No registrado,303,2025,0
LIB-356,356 - Guacimo,LIB,356,LIB-2025-0356,12.1,6.8,31.8,Guacimo,196,2025,0
LIB-355,355 - Guanabana,LIB,355,LIB-2025-0355,11.5,8.0,32.6,Guanabana,47,2025,0
LIB-8,8 - Vainillo,LIB,8,LIB-2025-0008,22.9,10.2,160.3,Vainillo,347,2025,0
LIB-354,354 - Guanabana,LIB,354,LIB-2025-0354,11.5,8.4,33.8,Guanabana,47,2025,0
LIB-133,133 - Madroño,LIB,133,LIB-2025-0133,31.5,11.5,337.3,Madroño,73,2025,0
LIB-48,48 - Guacimo,LIB,48,LIB-2025-0048,33.7,14.0,451.2,Guacimo,196,2025,0
LIB-264,264 - anona,LIB,264,LIB-2025-0264,25.7,8.7,179.2,anona,48,2025,0
LIB-47,47 - Guacimo,LIB,47,LIB-2025-0047,14.0,12.7,69.7,Guacimo,196,2025,0
LIB-191,191 - Laurel negro,LIB,191,LIB-2025-0191,26.9,10.9,219.8,Laurel negro,11,2025,0
LIB-46,46 - Guacimo,LIB,46,LIB-2025-0046,14.9,12.7,79.1,Guacimo,196,2025,0
LIB-7,7 - Vainillo,LIB,7,LIB-2025-0007,16.7,7.0,62.8,Vainillo,347,2025,0
LIB-263,263 - Almendro de río,LIB,263,LIB-2025-0263,19.8,9.7,114.6,Almendro de río,44,2025,0
LIB-45,45 - Guacimo,LIB,45,LIB-2025-0045,69.7,13.9,1975.8,Guacimo,196,2025,0
LIB-305,305 - Guarumo,LIB,305,LIB-2025-0305,21.6,12.7,168.8,Guarumo,88,2025,0
LIB-44,44 - Guacimo,LIB,44,LIB-2025-0044,55.3,12.6,1141.5,Guacimo,196,2025,0
LIB-135,135 - Cedro amargo,LIB,135,LIB-2025-0135,49.4,16.0,1010.4,Cedro amargo,9,2025,0
LIB-262,262 - Almendro de río,LIB,262,LIB-2025-0262,28.1,9.7,234.0,Almendro de río,44,2025,0
LIB-6,6 - Vainillo,LIB,6,LIB-2025-0006,13.5,7.0,40.7,Vainillo,347,2025,0
LIB-43,43 - Jocote,LIB,43,LIB-2025-0043,20.7,8.9,117.3,Jocote,333,2025,0
LIB-129,129 - Cocobolo,LIB,129,LIB-2025-0129,54.0,21.0,1619.0,Cocobolo,136,2025,0
LIB-42,42 - Guacimo,LIB,42,LIB-2025-0042,22.8,10.8,166.1,Guacimo,196,2025,0
LIB-192,192 - Laurel negro,LIB,192,LIB-2025-0192,34.3,10.7,355.7,Laurel negro,11,2025,0
LIB-261,261 - Nance,LIB,261,LIB-2025-0261,39.9,10.3,501.4,Nance,63,2025,0
LIB-41,41 - Guacimo,LIB,41,LIB-2025-0041,19.3,10.8,118.2,Guacimo,196,2025,0
LIB-5,5 - Vainillo,LIB,5,LIB-2025-0005,19.5,8.4,99.3,Vainillo,347,2025,0
LIB-260,260 - Madroño,LIB,260,LIB-2025-0260,20.8,8.3,112.2,Madroño,73,2025,0
LIB-40,40 - Guacimo,LIB,40,LIB-2025-0040,19.3,10.8,118.2,Guacimo,196,2025,0
LIB-306,306 - Guacimo,LIB,306,LIB-2025-0306,21.4,7.0,104.1,Guacimo,196,2025,0
LIB-39,39 - Guacimo,LIB,39,LIB-2025-0039,53.1,17.4,1351.2,Guacimo,196,2025,0
LIB-259,259 - Caimito,LIB,259,LIB-2025-0259,15.9,4.5,40.3,Caimito,98,2025,0
LIB-38,38 - Guacimo,LIB,38,LIB-2025-0038,48.5,12.8,884.3,Guacimo,196,2025,0
LIB-193,193 - Laurel negro,LIB,193,LIB-2025-0193,13.0,7.3,36.5,Laurel negro,11,2025,0
LIB-258,258 - Flor blanca,LIB,258,LIB-2025-0258,17.4,7.9,75.0,Flor blanca,286,2025,0
LIB-37,37 - Guacimo,LIB,37,LIB-2025-0037,41.3,18.0,830.9,Guacimo,196,2025,0
LIB-4,4 - Vainillo,LIB,4,LIB-2025-0004,15.1,8.5,59.5,Vainillo,347,2025,0
LIB-36,36 - Guacimo,LIB,36,LIB-2025-0036,28.5,6.2,170.0,Guacimo,196,2025,0
LIB-257,257 - Manzana de agua,LIB,257,LIB-2025-0257,22.4,12.0,173.9,Manzana de agua,343,2025,0
LIB-35,35 - Guacimo,LIB,35,LIB-2025-0035,28.0,10.0,237.9,Guacimo,196,2025,0
LIB-3,3 - Vainillo,LIB,3,LIB-2025-0003,21.4,7.2,106.4,Vainillo,347,2025,0
LIB-307,307 - Cortez negro,LIB,307,LIB-2025-0307,11.8,5.6,26.0,Cortez negro,199,2025,0
LIB-34,34 - Guacimo,LIB,34,LIB-2025-0034,34.7,15.8,526.3,Guacimo,196,2025,0
LIB-194,194 - Guacimo,LIB,194,LIB-2025-0194,20.5,11.0,135.7,Guacimo,196,2025,0
LIB-33,33 - Guacimo,LIB,33,LIB-2025-0033,14.5,5.3,37.9,Guacimo,196,2025,0
LIB-125,125 - huesillo,LIB,125,LIB-2025-0125,12.5,13.6,58.3,huesillo,40,2025,0
LIB-120,120 - Higuerón,LIB,120,LIB-2025-0120,23.1,14.0,208.8,Higuerón,179,2025,0
LIB-32,32 - Guacimo,LIB,32,LIB-2025-0032,14.6,8.5,55.5,Guacimo,196,2025,0
LIB-31,31 - Guacimo,LIB,31,LIB-2025-0031,21.5,12.2,162.1,Guacimo,196,2025,0
LIB-2,2 - Vainillo,LIB,2,LIB-2025-0002,19.0,12.0,124.3,Vainillo,347,2025,0
LIB-30,30 - Chaperno,LIB,30,LIB-2025-0030,33.3,18.7,551.7,Chaperno,236,2025,0
LIB-195,195 - Guacimo,LIB,195,LIB-2025-0195,17.7,11.0,100.5,Guacimo,196,2025,0
LIB-29,29 - Cedro amargo,LIB,29,LIB-2025-0029,82.8,28.0,4481.0,Cedro amargo,9,2025,0
LIB-308,308 - Marañon,LIB,308,LIB-2025-0308,11.1,8.2,30.9,Marañon,42,2025,0
LIB-28,28 - gavilancillo,LIB,28,LIB-2025-0028,29.5,4.4,139.6,gavilancillo,36,2025,0
LIB-1,1 - Cenizaro,LIB,1,LIB-2025-0001,136.3,21.0,10702.1,Cenizaro,312,2025,0
LIB-27,27 - Vainillo,LIB,27,LIB-2025-0027,12.3,4.4,23.4,Vainillo,347,2025,0
LIB-145,145 - Cenizaro,LIB,145,LIB-2025-0145,42.2,24.0,1086.4,Cenizaro,312,2025,0
LIB-26,26 - Vainillo,LIB,26,LIB-2025-0026,16.6,5.8,53.6,Vainillo,347,2025,0
LIB-196,196 - Guacimo,LIB,196,LIB-2025-0196,28.0,12.3,279.5,Guacimo,196,2025,0
LIB-25,25 - Vainillo,LIB,25,LIB-2025-0025,20.8,6.6,93.9,Vainillo,347,2025,0
LIB-23,23 - Vainillo,LIB,23,LIB-2025-0023,18.5,6.7,74.8,Vainillo,347,2025,0
LIB-124,124 - Laurel negro,LIB,124,LIB-2025-0124,20.1,15.2,157.2,Laurel negro,11,2025,0
LIB-362,362 - Guarumo,LIB,362,LIB-2025-0362,24.2,8.5,155.7,Guarumo,88,2025,0
LIB-22,22 - Vainillo,LIB,22,LIB-2025-0022,15.6,10.2,73.3,Vainillo,347,2025,0
LIB-21,21 - Vainillo,LIB,21,LIB-2025-0021,21.7,10.2,143.6,Vainillo,347,2025,0
LIB-197,197 - Guacimo,LIB,197,LIB-2025-0197,22.0,12.6,174.2,Guacimo,196,2025,0
LIB-17,17 - Vainillo,LIB,17,LIB-2025-0017,18.3,10.2,101.5,Vainillo,347,2025,0
LIB-20,20 - Jocote,LIB,20,LIB-2025-0020,22.7,7.0,117.4,Jocote,333,2025,0
LIB-309,309 - Caña fistula,LIB,309,LIB-2025-0309,16.4,12.6,95.7,Caña fistula,81,2025,0
LIB-19,19 - Jocote,LIB,19,LIB-2025-0019,23.5,7.0,126.0,Jocote,333,2025,0
LIB-353,353 - manteco,LIB,353,LIB-2025-0353,15.3,7.3,54.3,manteco,361,2025,0
LIB-18,18 - Vainillo,LIB,18,LIB-2025-0018,17.3,8.0,74.9,Vainillo,347,2025,0
LIB-341,341 - Guanacastillo (Albizia),LIB,341,LIB-2025-0341,12.0,8.0,35.5,Guanacastillo (Albizia),37,2025,0
LIB-198,198 - Laurel negro,LIB,198,LIB-2025-0198,20.7,16.1,174.5,Laurel negro,11,2025,0
LIB-346,346 - No registrado,LIB,346,LIB-2025-0346,13.8,7.0,42.6,No registrado,237,2025,0
LIB-347,"347 - guayabon, roble marfil",LIB,347,LIB-2025-0347,17.5,8.0,76.7,"guayabon, roble marfil",352,2025,0
LIB-348,348 - Laurel negro,LIB,348,LIB-2025-0348,17.3,8.0,70.2,Laurel negro,11,2025,0
LIB-310,310 - Caña fistula,LIB,310,LIB-2025-0310,16.3,16.6,117.1,Caña fistula,81,2025,0
LIB-349,349 - manteco,LIB,349,LIB-2025-0349,19.6,7.3,89.9,manteco,358,2025,0
LIB-350,350 - Guarumo,LIB,350,LIB-2025-0350,20.5,8.9,115.0,Guarumo,88,2025,0
LIB-199,199 - Guacimo,LIB,199,LIB-2025-0199,35.0,10.2,380.9,Guacimo,196,2025,0
LIB-153,153 - Pochote,LIB,153,LIB-2025-0153,55.6,17.6,1450.7,Pochote,4,2025,0
LIB-119,119 - Cedro amargo,LIB,119,LIB-2025-0119,87.0,19.9,3799.1,Cedro amargo,9,2025,0
LIB-202,202 - Caoba,LIB,202,LIB-2025-0202,28.8,18.9,387.9,Caoba,10,2025,0
LIB-311,311 - Caña fistula,LIB,311,LIB-2025-0311,15.0,7.0,50.4,Caña fistula,81,2025,0
LIB-203,203 - Guanacaste,LIB,203,LIB-2025-0203,77.3,17.4,2725.0,Guanacaste,1,2025,0
LIB-204,204 - Guacimo,LIB,204,LIB-2025-0204,26.1,16.0,297.3,Guacimo,196,2025,0
LIB-131,131 - Higuerón,LIB,131,LIB-2025-0131,123.0,14.9,6643.8,Higuerón,179,2025,0
LIB-205,205 - Guacimo,LIB,205,LIB-2025-0205,12.4,11.0,48.6,Guacimo,196,2025,0
LIB-313,313 - Guacimo,LIB,313,LIB-2025-0313,33.3,13.5,428.0,Guacimo,196,2025,0
LIB-154,154 - Cedro amargo,LIB,154,LIB-2025-0154,47.8,23.0,1253.5,Cedro amargo,9,2025,0
LIB-206,206 - Guacimo,LIB,206,LIB-2025-0206,18.2,11.0,106.4,Guacimo,196,2025,0
LIB-143,143 - Guarumo,LIB,143,LIB-2025-0143,35.7,8.4,340.9,Guarumo,88,2025,0
LIB-314,314 - Guacimo,LIB,314,LIB-2025-0314,28.5,10.7,260.0,Guacimo,196,2025,0
LIB-207,207 - Guacimo,LIB,207,LIB-2025-0207,25.1,16.0,274.5,Guacimo,196,2025,0
LIB-118,118 - Guacimo,LIB,118,LIB-2025-0118,41.8,12.3,633.0,Guacimo,196,2025,0
LIB-208,208 - Chaperno,LIB,208,LIB-2025-0208,29.8,18.8,441.7,Chaperno,236,2025,0
LIB-315,315 - Aceituno,LIB,315,LIB-2025-0315,14.8,4.5,34.8,Aceituno,328,2025,0
LIB-211,211 - Guanacaste,LIB,211,LIB-2025-0211,174.8,22.1,17342.5,Guanacaste,1,2025,0
LIB-363,363 - tempisque,LIB,363,LIB-2025-0363,16.3,8.0,66.3,tempisque,327,2025,0
LIB-155,155 - Guacimo,LIB,155,LIB-2025-0155,28.4,12.3,287.7,Guacimo,196,2025,0
LIB-212,212 - Mango,LIB,212,LIB-2025-0212,28.0,10.0,211.1,Mango,14,2025,0
LIB-146,146 - Caña fistula,LIB,146,LIB-2025-0146,12.2,8.3,37.8,Caña fistula,81,2025,0
LIB-213,213 - Mango,LIB,213,LIB-2025-0213,21.5,10.0,123.2,Mango,14,2025,0
LIB-316,316 - Cocobolo,LIB,316,LIB-2025-0316,14.9,11.0,70.8,Cocobolo,136,2025,0
LIB-214,214 - Carao,LIB,214,LIB-2025-0214,26.4,12.0,243.2,Carao,82,2025,0
LIB-317,317 - Cocobolo,LIB,317,LIB-2025-0317,12.5,6.7,33.6,Cocobolo,136,2025,0
LIB-156,156 - anona,LIB,156,LIB-2025-0156,20.2,10.0,122.2,anona,48,2025,0
LIB-117,117 - Laurel negro,LIB,117,LIB-2025-0117,33.0,10.3,319.1,Laurel negro,11,2025,0
LIB-215,215 - Carao,LIB,215,LIB-2025-0215,23.3,12.0,188.5,Carao,82,2025,0
LIB-142,142 - Guacimo,LIB,142,LIB-2025-0142,32.7,10.5,339.1,Guacimo,196,2025,0
LIB-216,216 - Almendro de río,LIB,216,LIB-2025-0216,23.5,9.3,157.3,Almendro de río,44,2025,0
LIB-128,128 - malacahuite,LIB,128,LIB-2025-0128,11.4,6.8,28.2,malacahuite,97,2025,0
LIB-217,217 - Almendro de río,LIB,217,LIB-2025-0217,25.0,9.3,178.4,Almendro de río,44,2025,0
LIB-318,318 - Cocobolo,LIB,318,LIB-2025-0318,14.6,12.5,75.0,Cocobolo,136,2025,0
LIB-218,218 - Nin,LIB,218,LIB-2025-0218,28.8,10.0,252.0,Nin,53,2025,0
LIB-157,157 - Mora,LIB,157,LIB-2025-0157,46.4,21.0,1188.1,Mora,240,2025,0
LIB-221,221 - Mango,LIB,221,LIB-2025-0221,17.8,10.4,86.4,Mango,14,2025,0
LIB-319,319 - Guachipelin,LIB,319,LIB-2025-0319,16.9,8.0,71.4,Guachipelin,141,2025,0
LIB-222,222 - Mango,LIB,222,LIB-2025-0222,23.9,8.6,135.9,Mango,14,2025,0
LIB-320,320 - Guachipelin,LIB,320,LIB-2025-0320,12.0,8.0,35.5,Guachipelin,141,2025,0
LIB-223,223 - Mango,LIB,223,LIB-2025-0223,17.8,6.5,59.9,Mango,14,2025,0
LIB-158,158 - Guarumo,LIB,158,LIB-2025-0158,26.8,9.5,209.0,Guarumo,88,2025,0
LIB-224,224 - Mango,LIB,224,LIB-2025-0224,15.3,7.3,48.2,Mango,14,2025,0
LIB-321,321 - Guanacaste,LIB,321,LIB-2025-0321,32.4,11.5,334.9,Guanacaste,1,2025,0
LIB-141,141 - Guacimo,LIB,141,LIB-2025-0141,19.8,10.5,121.9,Guacimo,196,2025,0
LIB-116,116 - malacahuite,LIB,116,LIB-2025-0116,20.0,11.3,131.7,malacahuite,97,2025,0
LIB-225,225 - Caimito,LIB,225,LIB-2025-0225,15.1,6.4,47.7,Caimito,98,2025,0
LIB-148,148 - Caña fistula,LIB,148,LIB-2025-0148,25.9,10.5,210.8,Caña fistula,81,2025,0
LIB-226,226 - Jocote,LIB,226,LIB-2025-0226,11.2,4.0,18.0,Jocote,333,2025,0
LIB-322,322 - Guanacaste,LIB,322,LIB-2025-0322,20.8,8.6,108.1,Guanacaste,1,2025,0
LIB-227,227 - Caimito,LIB,227,LIB-2025-0227,14.6,8.7,56.5,Caimito,98,2025,0
LIB-163,163 - Lorito,LIB,163,LIB-2025-0163,36.2,14.7,542.3,Lorito,114,2025,0
LIB-228,228 - Caimito,LIB,228,LIB-2025-0228,16.3,8.7,70.8,Caimito,98,2025,0
LIB-323,323 - Madroño,LIB,323,LIB-2025-0323,19.4,11.3,123.8,Madroño,73,2025,0
LIB-229,229 - Roble sabana,LIB,229,LIB-2025-0229,14.8,6.0,41.3,Roble sabana,6,2025,0
LIB-115,115 - malacahuite,LIB,115,LIB-2025-0115,15.9,11.3,82.5,malacahuite,97,2025,0
LIB-230,230 - Almendro de río,LIB,230,LIB-2025-0230,17.3,7.6,71.9,Almendro de río,44,2025,0
LIB-324,324 - Almendro de playa,LIB,324,LIB-2025-0324,26.7,9.6,209.2,Almendro de playa,350,2025,0
LIB-231,231 - Almendro de río,LIB,231,LIB-2025-0231,18.4,9.5,97.1,Almendro de río,44,2025,0
LIB-232,232 - Jocote,LIB,232,LIB-2025-0232,14.3,6.1,41.1,Jocote,333,2025,0
LIB-325,325 - Almendro de playa,LIB,325,LIB-2025-0325,21.8,9.5,137.2,Almendro de playa,350,2025,0
LIB-233,233 - Jocote,LIB,233,LIB-2025-0233,14.8,6.1,44.1,Jocote,333,2025,0
LIB-365,365 - Ilan ilan,LIB,365,LIB-2025-0365,13.0,7.6,40.2,Ilan ilan,74,2025,0
LIB-165,165 - Lorito,LIB,165,LIB-2025-0165,36.0,14.7,536.3,Lorito,114,2025,0
LIB-137,137 - Caña fistula,LIB,137,LIB-2025-0137,22.0,14.0,189.0,Caña fistula,81,2025,0
LIB-234,234 - Almendro de río,LIB,234,LIB-2025-0234,19.5,7.9,94.7,Almendro de río,44,2025,0
LIB-235,235 - Almendro de río,LIB,235,LIB-2025-0235,23.5,8.5,146.6,Almendro de río,44,2025,0
LIB-326,326 - Almendro de playa,LIB,326,LIB-2025-0326,29.2,8.6,230.4,Almendro de playa,350,2025,0
LIB-236,236 - Jocote,LIB,236,LIB-2025-0236,19.9,8.5,104.4,Jocote,333,2025,0
LIB-113,113 - Guacimo,LIB,113,LIB-2025-0113,39.8,15.0,668.5,Guacimo,196,2025,0
LIB-166,166 - Capulin,LIB,166,LIB-2025-0166,36.0,11.4,439.9,Capulin,256,2025,0
LIB-237,237 - Jocote,LIB,237,LIB-2025-0237,18.8,6.7,77.3,Jocote,333,2025,0
LIB-327,327 - Almendro de playa,LIB,327,LIB-2025-0327,26.9,9.7,214.1,Almendro de playa,350,2025,0
LIB-238,238 - Jocote,LIB,238,LIB-2025-0238,15.9,6.7,54.9,Jocote,333,2025,0
LIB-149,149 - Cortez negro,LIB,149,LIB-2025-0149,31.3,11.0,321.6,Cortez negro,199,2025,0
LIB-239,239 - Jocote,LIB,239,LIB-2025-0239,15.6,6.7,52.8,Jocote,333,2025,0
LIB-328,328 - Cedro amargo,LIB,328,LIB-2025-0328,65.0,22.1,2274.6,Cedro amargo,9,2025,0
LIB-167,167 - Capulin,LIB,167,LIB-2025-0167,41.7,14.0,696.7,Capulin,256,2025,0
LIB-240,240 - Jocote,LIB,240,LIB-2025-0240,16.1,7.2,59.6,Jocote,333,2025,0
LIB-329,329 - Aceituno,LIB,329,LIB-2025-0329,18.8,8.4,92.2,Aceituno,328,2025,0
LIB-138,138 - Caña fistula,LIB,138,LIB-2025-0138,26.4,18.8,345.0,Caña fistula,81,2025,0
LIB-241,241 - Jocote,LIB,241,LIB-2025-0241,14.2,7.2,46.1,Jocote,333,2025,0
LIB-242,242 - Jocote,LIB,242,LIB-2025-0242,24.0,7.2,134.5,Jocote,333,2025,0
LIB-112,112 - Guacimo,LIB,112,LIB-2025-0112,39.1,13.7,600.8,Guacimo,196,2025,0
LIB-330,330 - manteco,LIB,330,LIB-2025-0330,17.1,9.2,81.5,manteco,358,2025,0
LIB-243,243 - Jocote,LIB,243,LIB-2025-0243,20.8,7.2,100.4,Jocote,333,2025,0
LIB-170,170 - Guaitil,LIB,170,LIB-2025-0170,18.0,9.3,91.3,Guaitil,185,2025,0
LIB-244,244 - Jocote,LIB,244,LIB-2025-0244,17.5,7.2,70.6,Jocote,333,2025,0
LIB-331,331 - Pepenance,LIB,331,LIB-2025-0331,14.5,8.5,54.8,Pepenance,283,2025,0
LIB-111,111 - Guacimo,LIB,111,LIB-2025-0111,56.9,15.5,1421.8,Guacimo,196,2025,0
LIB-245,245 - Jocote,LIB,245,LIB-2025-0245,16.2,7.2,60.3,Jocote,333,2025,0
LIB-332,332 - Guacimo,LIB,332,LIB-2025-0332,13.1,8.9,46.1,Guacimo,196,2025,0
LIB-246,246 - Guacimo,LIB,246,LIB-2025-0246,10.4,10.8,33.5,Guacimo,196,2025,0
LIB-171,171 - Almendro de río,LIB,171,LIB-2025-0171,24.4,8.9,164.1,Almendro de río,44,2025,0
LIB-247,247 - Almendro de río,LIB,247,LIB-2025-0247,12.1,5.9,28.5,Almendro de río,44,2025,0
LIB-333,333 - Pochote,LIB,333,LIB-2025-0333,80.0,10.8,2082.9,Pochote,4,2025,0
LIB-139,139 - canelo,LIB,139,LIB-2025-0139,31.4,11.0,323.7,canelo,273,2025,0
LIB-248,248 - Almendro de río,LIB,248,LIB-2025-0248,12.1,7.0,32.5,Almendro de río,44,2025,0
LIB-249,249 - Almendro de río,LIB,249,LIB-2025-0249,14.5,6.9,46.5,Almendro de río,44,2025,0
LIB-110,110 - Guacimo,LIB,110,LIB-2025-0110,11.9,9.3,39.2,Guacimo,196,2025,0
LIB-250,250 - Cedro amargo,LIB,250,LIB-2025-0250,55.6,21.6,1624.7,Cedro amargo,9,2025,0
LIB-334,334 - Pochote,LIB,334,LIB-2025-0334,113.1,24.7,8040.6,Pochote,4,2025,0
LIB-109,109 - Cafecillo,LIB,109,LIB-2025-0109,14.7,7.4,50.5,Cafecillo,76,2025,0
LIB-172,172 - Cenizaro,LIB,172,LIB-2025-0172,42.2,14.7,741.5,Cenizaro,312,2025,0
LIB-147,147 - Caña fistula,LIB,147,LIB-2025-0147,26.2,14.3,274.5,Caña fistula,81,2025,0
LIB-251,251 - Vainillo,LIB,251,LIB-2025-0251,13.8,10.0,56.2,Vainillo,347,2025,0
LIB-337,337 - Cedro amargo,LIB,337,LIB-2025-0337,119.0,22.2,7837.3,Cedro amargo,9,2025,0
LIB-108,108 - Mora,LIB,108,LIB-2025-0108,32.8,19.0,541.6,Mora,240,2025,0
LIB-130,130 - Cocobolo,LIB,130,LIB-2025-0130,34.8,21.0,660.7,Cocobolo,136,2025,0
LIB-338,338 - Guarumo,LIB,338,LIB-2025-0338,27.5,9.4,218.5,Guarumo,88,2025,0
LIB-106,106 - Pepenance,LIB,106,LIB-2025-0106,16.5,6.4,57.1,Pepenance,283,2025,0
LIB-173,173 - Cenizaro,LIB,173,LIB-2025-0173,28.5,9.3,233.1,Cenizaro,312,2025,0
LIB-252,252 - Jocote,LIB,252,LIB-2025-0252,13.3,7.2,40.3,Jocote,333,2025,0
LIB-293,293 - Guacimo,LIB,293,LIB-2025-0293,71.0,11.4,1758.0,Guacimo,196,2025,0
LIB-105,105 - Pepenance,LIB,105,LIB-2025-0105,22.8,8.0,131.5,Pepenance,283,2025,0
LIB-253,253 - Jocote,LIB,253,LIB-2025-0253,13.9,7.2,44.1,Jocote,333,2025,0
LIB-104,104 - Guacimo,LIB,104,LIB-2025-0104,71.5,17.8,2523.4,Guacimo,196,2025,0
LIB-174,174 - Madero Negro,LIB,174,LIB-2025-0174,44.2,13.0,740.6,Madero Negro,186,2025,0
LIB-292,292 - gavilancillo,LIB,292,LIB-2025-0292,35.3,10.3,390.5,gavilancillo,36,2025,0
LIB-100,100 - Cenizaro,LIB,100,LIB-2025-0100,130.4,23.7,10744.5,Cenizaro,312,2025,0
LIB-254,254 - Vainillo,LIB,254,LIB-2025-0254,13.5,8.2,46.0,Vainillo,347,2025,0
LIB-99,99 - Guacimo,LIB,99,LIB-2025-0099,39.8,15.9,699.5,Guacimo,196,2025,0
LIB-98,98 - Guacimo,LIB,98,LIB-2025-0098,51.7,15.9,1192.8,Guacimo,196,2025,0
LIB-175,175 - Guanacaste,LIB,175,LIB-2025-0175,106.5,34.5,8929.6,Guanacaste,1,2025,0
LIB-291,291 - Guanacaste,LIB,291,LIB-2025-0291,36.1,13.0,459.4,Guanacaste,1,2025,0
LIB-97,97 - Guacimo,LIB,97,LIB-2025-0097,54.7,15.3,1298.7,Guacimo,196,2025,0
LIB-340,340 - tempisque,LIB,340,LIB-2025-0340,12.7,8.2,40.6,tempisque,326,2025,0
LIB-140,140 - Guacimo,LIB,140,LIB-2025-0140,57.0,22.0,1874.5,Guacimo,196,2025,0
LIB-96,96 - Guacimo,LIB,96,LIB-2025-0096,50.3,14.3,1038.4,Guacimo,196,2025,0
LIB-127,127 - Laurel negro,LIB,127,LIB-2025-0127,23.8,14.0,208.1,Laurel negro,11,2025,0
LIB-255,255 - Aguacate,LIB,255,LIB-2025-0255,11.7,8.2,34.4,Aguacate,279,2025,0
LIB-290,290 - Nin,LIB,290,LIB-2025-0290,18.4,10.2,102.6,Nin,53,2025,0
LIB-95,95 - Pepenance,LIB,95,LIB-2025-0095,15.2,8.3,59.2,Pepenance,283,2025,0
LIB-94,94 - Guacimo,LIB,94,LIB-2025-0094,46.0,17.9,1030.8,Guacimo,196,2025,0
LIB-176,176 - Guacimo,LIB,176,LIB-2025-0176,44.9,15.0,854.9,Guacimo,196,2025,0
LIB-256,256 - Vainillo,LIB,256,LIB-2025-0256,14.0,8.2,49.6,Vainillo,347,2025,0
LIB-93,93 - Higuerón,LIB,93,LIB-2025-0093,28.6,10.0,248.4,Higuerón,179,2025,0
LIB-289,289 - Nin,LIB,289,LIB-2025-0289,26.2,10.2,211.0,Nin,53,2025,0
LIB-92,92 - Guacimo,LIB,92,LIB-2025-0092,45.4,15.0,874.4,Guacimo,196,2025,0
LIB-288,288 - Madero Negro,LIB,288,LIB-2025-0288,14.7,7.5,51.1,Madero Negro,186,2025,0
LIB-91,91 - Guacimo,LIB,91,LIB-2025-0091,33.9,15.6,496.9,Guacimo,196,2025,0
LIB-90,90 - Guacimo,LIB,90,LIB-2025-0090,37.6,15.6,613.8,Guacimo,196,2025,0
LIB-177,177 - Laurel negro,LIB,177,LIB-2025-0177,31.3,18.0,442.5,Laurel negro,11,2025,0
LIB-287,287 - Laurel negro,LIB,287,LIB-2025-0287,27.8,10.6,230.0,Laurel negro,11,2025,0
LIB-89,89 - Laurel negro,LIB,89,LIB-2025-0089,31.8,19.6,488.4,Laurel negro,11,2025,0
LIB-88,88 - Aceituno,LIB,88,LIB-2025-0088,20.8,7.4,102.6,Aceituno,328,2025,0
LIB-298,298 - Roble sabana,LIB,298,LIB-2025-0298,15.9,9.0,65.6,Roble sabana,6,2025,0
LIB-87,87 - Mango,LIB,87,LIB-2025-0087,17.8,7.4,66.3,Mango,14,2025,0
LIB-150,150 - Higuerón,LIB,150,LIB-2025-0150,194.0,31.0,29782.0,Higuerón,179,2025,0
LIB-86,86 - Mango,LIB,86,LIB-2025-0086,25.1,11.5,188.4,Mango,14,2025,0
LIB-286,286 - Laurel negro,LIB,286,LIB-2025-0286,13.2,10.4,49.6,Laurel negro,11,2025,0
LIB-85,85 - Mango,LIB,85,LIB-2025-0085,15.9,10.4,68.6,Mango,14,2025,0
LIB-178,178 - Laurel negro,LIB,178,LIB-2025-0178,17.7,15.7,124.4,Laurel negro,11,2025,0
LIB-84,84 - Caoba,LIB,84,LIB-2025-0084,35.9,15.3,515.7,Caoba,10,2025,0
LIB-285,285 - Roble sabana,LIB,285,LIB-2025-0285,11.1,6.8,25.3,Roble sabana,6,2025,0
LIB-80,80 - Nance,LIB,80,LIB-2025-0080,19.5,7.5,90.9,Nance,63,2025,0
LIB-79,79 - Nance,LIB,79,LIB-2025-0079,24.9,13.9,242.0,Nance,63,2025,0
LIB-179,179 - Laurel negro,LIB,179,LIB-2025-0179,30.0,14.9,350.3,Laurel negro,11,2025,0
LIB-78,78 - Caimito,LIB,78,LIB-2025-0078,20.0,11.5,133.5,Caimito,98,2025,0
LIB-284,284 - Lechillo,LIB,284,LIB-2025-0284,13.9,7.2,44.1,Lechillo,337,2025,0
LIB-299,299 - Guarumo,LIB,299,LIB-2025-0299,29.5,14.0,343.9,Guarumo,88,2025,0
LIB-134,134 - Guaitil,LIB,134,LIB-2025-0134,23.4,8.3,142.7,Guaitil,185,2025,0
LIB-77,77 - Cedro amargo,LIB,77,LIB-2025-0077,35.5,14.0,464.1,Cedro amargo,9,2025,0
LIB-345,345 - Laurel negro,LIB,345,LIB-2025-0345,15.6,8.3,58.5,Laurel negro,11,2025,0
LIB-180,180 - Laurel negro,LIB,180,LIB-2025-0180,24.2,11.7,187.2,Laurel negro,11,2025,0
LIB-126,126 - Mora,LIB,126,LIB-2025-0126,41.8,21.0,960.2,Mora,240,2025,0
LIB-342,342 - Guanacastillo (Albizia),LIB,342,LIB-2025-0342,12.5,7.5,36.7,Guanacastillo (Albizia),37,2025,0
LIB-339,339 - Sacagundí,LIB,339,LIB-2025-0339,20.9,8.0,110.1,Sacagundí,324,2025,0
LIB-181,181 - Laurel negro,LIB,181,LIB-2025-0181,30.7,17.8,421.7,Laurel negro,11,2025,0
LIB-282,282 - Roble sabana,LIB,282,LIB-2025-0282,15.0,10.1,63.8,Roble sabana,6,2025,0
LIB-76,76 - Cedro amargo,LIB,76,LIB-2025-0076,12.9,8.2,38.8,Cedro amargo,9,2025,0
LIB-367,367 - Guapinol,LIB,367,LIB-2025-0367,12.8,6.0,32.4,Guapinol,207,2025,0
LIB-75,75 - Cedro amargo,LIB,75,LIB-2025-0075,23.9,14.3,210.5,Cedro amargo,9,2025,0
LIB-74,74 - Cedro amargo,LIB,74,LIB-2025-0074,53.1,14.3,1072.7,Cedro amargo,9,2025,0
LIB-281,281 - Mora,LIB,281,LIB-2025-0281,15.3,10.1,69.9,Mora,240,2025,0
LIB-73,73 - Almendro de río,LIB,73,LIB-2025-0073,34.1,10.5,369.4,Almendro de río,44,2025,0
LIB-72,72 - Almendro de río,LIB,72,LIB-2025-0072,13.4,8.2,45.3,Almendro de río,44,2025,0
LIB-300,300 - Laurel negro,LIB,300,LIB-2025-0300,16.7,10.0,77.7,Laurel negro,11,2025,0
LIB-280,280 - Guacimo,LIB,280,LIB-2025-0280,12.2,11.0,47.1,Guacimo,196,2025,0
LIB-71,71 - Cedro amargo,LIB,71,LIB-2025-0071,70.7,24.5,2925.8,Cedro amargo,9,2025,0
LIB-70,70 - Cedro amargo,LIB,70,LIB-2025-0070,64.0,19.0,1959.0,Cedro amargo,9,2025,0
LIB-278,278 - Almendro de río,LIB,278,LIB-2025-0278,27.3,7.2,174.9,Almendro de río,44,2025,0
LIB-69,69 - Almendro de río,LIB,69,LIB-2025-0069,40.3,17.0,756.0,Almendro de río,44,2025,0
LIB-183,183 - Aceituno,LIB,183,LIB-2025-0183,27.0,12.9,269.4,Aceituno,328,2025,0
LIB-68,68 - Guaitil,LIB,68,LIB-2025-0068,34.6,8.0,307.9,Guaitil,185,2025,0
LIB-277,277 - Guacimo,LIB,277,LIB-2025-0277,19.7,6.5,83.0,Guacimo,196,2025,0
LIB-123,123 - Laurel negro,LIB,123,LIB-2025-0123,24.8,15.5,245.0,Laurel negro,11,2025,0
LIB-67,67 - Caimito,LIB,67,LIB-2025-0067,21.7,12.7,170.4,Caimito,98,2025,0
LIB-297,297 - Capulin,LIB,297,LIB-2025-0297,21.3,9.0,125.4,Capulin,256,2025,0
LIB-66,66 - Cedro amargo,LIB,66,LIB-2025-0066,86.5,21.5,3987.9,Cedro amargo,9,2025,0
LIB-276,276 - Capulin,LIB,276,LIB-2025-0276,23.5,10.0,166.4,Capulin,256,2025,0
LIB-184,184 - Guanacaste,LIB,184,LIB-2025-0184,156.8,22.5,14089.9,Guanacaste,1,2025,0
LIB-64,64 - Cedro amargo,LIB,64,LIB-2025-0064,16.0,8.5,61.9,Cedro amargo,9,2025,0
LIB-301,301 - Caoba,LIB,301,LIB-2025-0301,17.2,7.3,64.6,Caoba,10,2025,0
LIB-275,275 - Guacimo,LIB,275,LIB-2025-0275,16.5,16.0,116.7,Guacimo,196,2025,0
LIB-16,16 - Vainillo,LIB,16,LIB-2025-0016,26.9,10.2,222.6,Vainillo,347,2025,0
LIB-63,63 - Cedro amargo,LIB,63,LIB-2025-0063,27.2,14.5,277.0,Cedro amargo,9,2025,0
LIB-62,62 - Cedro amargo,LIB,62,LIB-2025-0062,96.8,21.6,5034.7,Cedro amargo,9,2025,0
LIB-151,151 - manteco,LIB,151,LIB-2025-0151,16.0,8.1,64.5,manteco,361,2025,0
LIB-61,61 - Cedro amargo,LIB,61,LIB-2025-0061,30.5,14.3,346.2,Cedro amargo,9,2025,0
LIB-60,60 - Guacimo,LIB,60,LIB-2025-0060,36.8,15.5,584.5,Guacimo,196,2025,0
LIB-185,185 - manteco,LIB,185,LIB-2025-0185,16.1,10.4,79.3,manteco,358,2025,0
LIB-273,273 - Guacimo,LIB,273,LIB-2025-0273,63.2,14.0,1627.2,Guacimo,196,2025,0
LIB-59,59 - Guacimo,LIB,59,LIB-2025-0059,24.3,15.5,250.7,Guacimo,196,2025,0
LIB-58,58 - Guacimo,LIB,58,LIB-2025-0058,13.7,13.5,69.9,Guacimo,196,2025,0
LIB-15,15 - Vainillo,LIB,15,LIB-2025-0015,15.5,8.0,59.8,Vainillo,347,2025,0
LIB-272,272 - Mora,LIB,272,LIB-2025-0272,25.8,18.5,325.1,Mora,240,2025,0
LIB-57,57 - Guacimo,LIB,57,LIB-2025-0057,17.8,13.6,120.0,Guacimo,196,2025,0
LIB-302,302 - Higuerón,LIB,302,LIB-2025-0302,38.5,14.3,601.9,Higuerón,179,2025,0
LIB-271,271 - manteco,LIB,271,LIB-2025-0271,22.0,9.3,137.5,manteco,361,2025,0
LIB-56,56 - Guacimo,LIB,56,LIB-2025-0056,20.5,13.6,160.0,Guacimo,196,2025,0
LIB-187,187 - Guarumo,LIB,187,LIB-2025-0187,24.0,19.0,286.4,Guarumo,88,2025,0
LIB-55,55 - Guacimo,LIB,55,LIB-2025-0055,40.5,13.6,641.8,Guacimo,196,2025,0
LIB-269,269 - Guarumo,LIB,269,LIB-2025-0269,30.0,11.1,297.0,Guarumo,88,2025,0
LIB-13,13 - Vainillo,LIB,13,LIB-2025-0013,17.9,8.2,81.8,Vainillo,347,2025,0
LIB-54,54 - Pochote,LIB,54,LIB-2025-0054,41.5,15.0,705.3,Pochote,4,2025,0
LIB-122,122 - Laurel negro,LIB,122,LIB-2025-0122,30.9,13.5,344.5,Laurel negro,11,2025,0
LIB-53,53 - Jocote,LIB,53,LIB-2025-0053,18.8,7.3,82.6,Jocote,333,2025,0
LIB-366,366 - Madero Negro,LIB,366,LIB-2025-0366,14.7,7.5,51.1,Madero Negro,186,2025,0
LIB-268,268 - Almendro de río,LIB,268,LIB-2025-0268,26.6,12.0,247.0,Almendro de río,44,2025,0
LIB-12,12 - Vainillo,LIB,12,LIB-2025-0012,14.2,8.2,51.0,Vainillo,347,2025,0
LIB-267,267 - Madero Negro,LIB,267,LIB-2025-0267,20.0,8.2,102.6,Madero Negro,186,2025,0
LIB-51,51 - Cenizaro,LIB,51,LIB-2025-0051,85.3,14.7,3116.0,Cenizaro,312,2025,0
LIB-11,11 - Vainillo,LIB,11,LIB-2025-0011,11.7,8.2,34.4,Vainillo,347,2025,0
LIB-50,50 - Guacimo,LIB,50,LIB-2025-0050,41.1,14.0,676.4,Guacimo,196,2025,0
LIB-188,188 - Laurel negro,LIB,188,LIB-2025-0188,44.8,13.8,747.7,Laurel negro,11,2025,0
LIB-303,303 - Higuerón,LIB,303,LIB-2025-0303,12.8,6.5,34.5,Higuerón,179,2025,0
LIB-49,49 - Guacimo,LIB,49,LIB-2025-0049,32.1,14.0,408.6,Guacimo,196,2025,0
LIB-295,295 - Capulin,LIB,295,LIB-2024-0295,14.9,8.8,59.5,Capulin,256,2024,0
LIB-136,136 - Caña fistula,LIB,136,LIB-2024-0136,28.0,16.3,348.1,Caña fistula,81,2024,0
LIB-65,65 - Cedro amargo,LIB,65,LIB-2024-0065,30.0,11.3,278.6,Cedro amargo,9,2024,0
LIB-274,274 - Capulin,LIB,274,LIB-2024-0274,21.0,8.0,111.2,Capulin,256,2024,0
LIB-296,296 - Capulin,LIB,296,LIB-2024-0296,21.7,8.8,128.0,Capulin,256,2024,0
LIB-283,283 - Guarumo,LIB,283,LIB-2024-0283,14.9,10.4,67.7,Guarumo,88,2024,0
LIB-164,164 - Lorito,LIB,164,LIB-2024-0164,25.0,10.0,188.8,Lorito,114,2024,0
LIB-344,344 - Guacimo,LIB,344,LIB-2024-0344,11.0,8.0,29.7,Guacimo,196,2024,0
LIB-132,132 - Aceituno,LIB,132,LIB-2024-0132,66.1,19.0,2262.0,Aceituno,328,2024,0
LIB-182,182 - manteco,LIB,182,LIB-2024-0182,20.4,12.5,148.4,manteco,358,2024,0
LIB-107,107 - Guacimo,LIB,107,LIB-2023-0107,37.1,16.1,618.4,Guacimo,196,2023,0
LIB-336,336 - Pochote,LIB,336,LIB-2022-0336,16.5,12.3,93.0,Pochote,4,2022,0
LIB-335,335 - Pochote,LIB,335,LIB-2022-0335,45.0,12.9,747.3,Pochote,4,2022,0
LIB-270,270 - Carao,LIB,270,LIB-2022-0270,15.4,11.6,79.7,Carao,82,2022,0
LIB-14,14 - Vainillo,LIB,14,LIB-2021-0014,13.2,3.0,20.3,Vainillo,347,2021,0
LIB-144,144 - Cenizaro,LIB,144,LIB-2021-0144,11.2,4.0,18.2,Cenizaro,312,2021,0
LIB-168,168 - Guacimo,LIB,168,LIB-2021-0168,33.0,11.0,361.9,Guacimo,196,2021,0
LIB-186,186 - manteco,LIB,186,LIB-2021-0186,12.0,5.0,24.9,manteco,361,2021,0
LIB-52,52 - Cenizaro,LIB,52,LIB-2021-0052,27.7,4.0,115.2,Cenizaro,312,2021,0
LIB-161,161 - No registrado,LIB,161,LIB-2019-0161,24.6,7.0,144.8,No registrado,77,2019,0
LIB-83,83 - Guacimo,LIB,83,LIB-2019-0083,23.1,9.0,114.5,Guacimo,196,2019,0
LIB-82,82 - Guacimo,LIB,82,LIB-2019-0082,24.6,11.0,152.2,Guacimo,196,2019,0
LIB-24,24 - Vainillo,LIB,24,LIB-2019-0024,10.9,4.0,11.6,Vainillo,347,2019,0
LIB-162,162 - No registrado,LIB,162,LIB-2019-0162,14.1,7.0,46.5,No registrado,77,2019,0
LIB-169,169 - Guacimo,LIB,169,LIB-2019-0169,28.8,9.0,179.5,Guacimo,196,2019,0
LIB-114,114 - Guacimo,LIB,114,LIB-2019-0114,13.7,5.0,25.0,Guacimo,196,2019,0
LIB-200,200 - Guacimo,LIB,200,LIB-2019-0200,19.2,5.0,49.7,Guacimo,196,2019,0
LIB-201,201 - No registrado,LIB,201,LIB-2019-0201,19.0,7.0,62.0,No registrado,360,2019,0
LIB-159,159 - gavilancillo,LIB,159,LIB-2019-0159,29.3,11.0,268.6,gavilancillo,36,2019,0
LIB-103,103 - Capulin,LIB,103,LIB-2019-0103,13.0,6.0,15.2,Capulin,256,2019,0
LIB-209,209 - Guacimo,LIB,209,LIB-2019-0209,21.2,8.0,87.7,Guacimo,196,2019,0
LIB-210,210 - Guacimo,LIB,210,LIB-2019-0210,60.9,10.0,897.9,Guacimo,196,2019,0
LIB-102,102 - Capulin,LIB,102,LIB-2019-0102,13.9,4.0,12.7,Capulin,256,2019,0
LIB-101,101 - Capulin,LIB,101,LIB-2019-0101,10.8,7.0,11.7,Capulin,256,2019,0
LIB-160,160 - No registrado,LIB,160,LIB-2019-0160,14.1,7.0,46.5,No registrado,77,2019,0
LIB-220,220 - Nin,LIB,220,LIB-2018-0220,13.2,3.0,18.9,Nin,53,2018,0
LIB-219,219 - Nin,LIB,219,LIB-2018-0219,19.5,4.0,52.4,Nin,53,2018,0
LPA-26,26 - No registrado,LPA,26,LPA-2025-0026,54.9,,24.4,No registrado,91,2025,0
LPA-27,27 - No registrado,LPA,27,LPA-2025-0027,47.9,,18.5,No registrado,91,2025,0
LPA-40,40 - Cedro amargo,LPA,40,LPA-2025-0040,55.1,23.4,1697.7,Cedro amargo,9,2025,0
LPA-66,66 - No registrado,LPA,66,LPA-2025-0066,51.7,,21.6,No registrado,91,2025,0
LPA-4,4 - No registrado,LPA,4,LPA-2025-0004,77.1,,48.7,No registrado,91,2025,0
LPA-65,65 - No registrado,LPA,65,LPA-2025-0065,56.6,,25.9,No registrado,91,2025,0
LPA-64,64 - No registrado,LPA,64,LPA-2025-0064,50.8,,20.8,No registrado,91,2025,0
LPA-22,22 - No registrado,LPA,22,LPA-2025-0022,48.4,,18.8,No registrado,91,2025,0
LPA-28,28 - No registrado,LPA,28,LPA-2025-0028,52.8,,22.5,No registrado,91,2025,0
LPA-23,23 - No registrado,LPA,23,LPA-2025-0023,51.5,,21.4,No registrado,91,2025,0
LPA-29,29 - No registrado,LPA,29,LPA-2025-0029,55.0,,24.5,No registrado,91,2025,0
LPA-63,63 - No registrado,LPA,63,LPA-2025-0063,61.0,,30.2,No registrado,91,2025,0
LPA-45,45 - No registrado,LPA,45,LPA-2025-0045,49.9,,20.1,No registrado,91,2025,0
LPA-5,5 - No registrado,LPA,5,LPA-2025-0005,71.9,,42.2,No registrado,91,2025,0
LPA-39,39 - Cedro amargo,LPA,39,LPA-2025-0039,59.5,26.6,2194.2,Cedro amargo,9,2025,0
LPA-30,30 - No registrado,LPA,30,LPA-2025-0030,63.7,,33.0,No registrado,91,2025,0
LPA-62,62 - No registrado,LPA,62,LPA-2025-0062,56.5,,25.8,No registrado,91,2025,0
LPA-31,31 - No registrado,LPA,31,LPA-2025-0031,65.2,,34.6,No registrado,91,2025,0
LPA-32,32 - No registrado,LPA,32,LPA-2025-0032,57.4,,26.7,No registrado,91,2025,0
LPA-60,60 - No registrado,LPA,60,LPA-2025-0060,67.5,,37.1,No registrado,91,2025,0
LPA-24,24 - No registrado,LPA,24,LPA-2025-0024,54.7,,24.2,No registrado,91,2025,0
LPA-59,59 - pavillo,LPA,59,LPA-2025-0059,56.0,,27.1,pavillo,318,2025,0
LPA-44,44 - No registrado,LPA,44,LPA-2025-0044,59.8,,29.0,No registrado,91,2025,0
LPA-14,14 - No registrado,LPA,14,LPA-2025-0014,51.5,,21.4,No registrado,91,2025,0
LPA-43,43 - No registrado,LPA,43,LPA-2025-0043,58.2,,27.5,No registrado,91,2025,0
LPA-6,6 - No registrado,LPA,6,LPA-2025-0006,71.5,,41.8,No registrado,91,2025,0
LPA-33,33 - No registrado,LPA,33,LPA-2025-0033,57.5,,26.8,No registrado,91,2025,0
LPA-34,34 - No registrado,LPA,34,LPA-2025-0034,46.9,,17.7,No registrado,91,2025,0
LPA-58,58 - pavillo,LPA,58,LPA-2025-0058,73.4,,47.0,pavillo,318,2025,0
LPA-17,17 - No registrado,LPA,17,LPA-2025-0017,62.0,,31.2,No registrado,91,2025,0
LPA-10,10 - No registrado,LPA,10,LPA-2025-0010,48.7,,19.1,No registrado,91,2025,0
LPA-57,57 - pavillo,LPA,57,LPA-2025-0057,52.9,,24.1,pavillo,318,2025,0
LPA-7,7 - No registrado,LPA,7,LPA-2025-0007,46.9,,17.7,No registrado,91,2025,0
LPA-11,11 - No registrado,LPA,11,LPA-2025-0011,54.8,,24.3,No registrado,91,2025,0
LPA-56,56 - pavillo,LPA,56,LPA-2025-0056,44.8,,17.2,pavillo,318,2025,0
LPA-73,73 - No registrado,LPA,73,LPA-2025-0073,60.0,,29.2,No registrado,91,2025,0
LPA-35,35 - Amarillon,LPA,35,LPA-2025-0035,58.6,,29.7,Amarillon,349,2025,0
LPA-36,36 - Amarillon,LPA,36,LPA-2025-0036,58.3,,29.4,Amarillon,349,2025,0
LPA-15,15 - No registrado,LPA,15,LPA-2025-0015,48.9,,19.2,No registrado,91,2025,0
LPA-55,55 - pavillo,LPA,55,LPA-2025-0055,51.9,,23.2,pavillo,318,2025,0
LPA-54,54 - pavillo,LPA,54,LPA-2025-0054,58.8,,29.9,pavillo,318,2025,0
LPA-25,25 - No registrado,LPA,25,LPA-2025-0025,55.1,,24.6,No registrado,91,2025,0
LPA-37,37 - Amarillon,LPA,37,LPA-2025-0037,41.6,,14.8,Amarillon,349,2025,0
LPA-8,8 - No registrado,LPA,8,LPA-2025-0008,51.3,,21.2,No registrado,91,2025,0
LPA-72,72 - No registrado,LPA,72,LPA-2025-0072,79.9,,52.4,No registrado,91,2025,0
LPA-38,38 - Amarillon,LPA,38,LPA-2025-0038,65.5,,37.3,Amarillon,349,2025,0
LPA-18,18 - No registrado,LPA,18,LPA-2025-0018,56.7,,26.0,No registrado,91,2025,0
LPA-53,53 - pavillo,LPA,53,LPA-2025-0053,45.0,,17.3,pavillo,318,2025,0
LPA-52,52 - pavillo,LPA,52,LPA-2025-0052,61.9,,33.2,pavillo,318,2025,0
LPA-19,19 - No registrado,LPA,19,LPA-2025-0019,83.6,,57.5,No registrado,91,2025,0
LPA-51,51 - No registrado,LPA,51,LPA-2025-0051,68.8,,38.6,No registrado,91,2025,0
LPA-41,41 - No registrado,LPA,41,LPA-2025-0041,51.6,,21.5,No registrado,91,2025,0
LPA-9,9 - No registrado,LPA,9,LPA-2025-0009,44.2,,15.7,No registrado,91,2025,0
LPA-42,42 - No registrado,LPA,42,LPA-2025-0042,57.1,,26.4,No registrado,91,2025,0
LPA-1,"1 - gallinazo, vainillo",LPA,1,LPA-2025-0001,108.0,,103.3,"gallinazo, vainillo",339,2025,0
LPA-50,50 - No registrado,LPA,50,LPA-2025-0050,57.6,,26.9,No registrado,91,2025,0
LPA-12,12 - No registrado,LPA,12,LPA-2025-0012,49.2,,19.5,No registrado,91,2025,0
LPA-71,71 - No registrado,LPA,71,LPA-2025-0071,61.5,,30.7,No registrado,91,2025,0
LPA-20,20 - Cedro amargo,LPA,20,LPA-2025-0020,54.7,23.9,1700.4,Cedro amargo,9,2025,0
LPA-13,13 - No registrado,LPA,13,LPA-2025-0013,47.5,,18.1,No registrado,91,2025,0
LPA-2,2 - No registrado,LPA,2,LPA-2025-0002,66.1,,35.6,No registrado,91,2025,0
LPA-49,49 - No registrado,LPA,49,LPA-2025-0049,49.6,,19.8,No registrado,91,2025,0
LPA-61,61 - Cedro amargo,LPA,61,LPA-2025-0061,61.4,20.2,1888.0,Cedro amargo,9,2025,0
LPA-70,70 - No registrado,LPA,70,LPA-2025-0070,68.4,,38.2,No registrado,91,2025,0
LPA-69,69 - No registrado,LPA,69,LPA-2025-0069,53.8,,23.4,No registrado,91,2025,0
LPA-68,68 - No registrado,LPA,68,LPA-2025-0068,65.9,,35.4,No registrado,91,2025,0
LPA-48,48 - No registrado,LPA,48,LPA-2025-0048,48.2,,18.7,No registrado,91,2025,0
LPA-3,3 - No registrado,LPA,3,LPA-2025-0003,84.5,,58.7,No registrado,91,2025,0
LPA-67,67 - No registrado,LPA,67,LPA-2025-0067,53.5,,23.1,No registrado,91,2025,0
LPA-21,21 - No registrado,LPA,21,LPA-2025-0021,69.6,,39.5,No registrado,91,2025,0
LPA-47,47 - No registrado,LPA,47,LPA-2025-0047,47.9,,18.5,No registrado,91,2025,0
LPA-46,46 - No registrado,LPA,46,LPA-2025-0046,53.0,,22.7,No registrado,91,2025,0
LPA-16,16 - No registrado,LPA,16,LPA-2021-0016,52.8,12.0,947.2,No registrado,91,2021,0
NIC-263,263 - No identificada,NIC,263,NIC-2025-0263,15.9,7.0,53.3,No identificada,388,2025,0
NIC-1,1 - Guacimo,NIC,1,NIC-2025-0001,28.5,13.6,313.4,Guacimo,196,2025,0
NIC-97,97 - Guanacaste,NIC,97,NIC-2025-0097,48.2,18.0,1067.6,Guanacaste,1,2025,0
NIC-256,256 - No identificada,NIC,256,NIC-2025-0256,15.7,6.2,47.2,No identificada,388,2025,0
NIC-126,126 - Cortez amarillo,NIC,126,NIC-2025-0126,20.8,9.0,119.5,Cortez amarillo,200,2025,0
NIC-244,244 - No identificada,NIC,244,NIC-2025-0244,12.4,18.8,69.2,No identificada,388,2025,0
NIC-95,95 - Guacimo,NIC,95,NIC-2025-0095,20.1,9.2,113.4,Guacimo,196,2025,0
NIC-140,140 - Cocobolo,NIC,140,NIC-2025-0140,19.1,18.5,176.1,Cocobolo,136,2025,0
NIC-245,245 - Cocobolo,NIC,245,NIC-2025-0245,18.3,14.7,134.9,Cocobolo,136,2025,0
NIC-195,195 - Malinche,NIC,195,NIC-2025-0195,28.9,10.2,233.5,Malinche,5,2025,0
NIC-94,94 - Carao,NIC,94,NIC-2025-0094,37.0,10.0,420.0,Carao,82,2025,0
NIC-221,221 - Capulin,NIC,221,NIC-2025-0221,23.0,8.0,133.9,Capulin,256,2025,0
NIC-194,194 - Jicara,NIC,194,NIC-2025-0194,45.0,5.0,364.9,Jicara,126,2025,0
NIC-243,243 - Marañon,NIC,243,NIC-2025-0243,17.8,5.7,60.9,Marañon,42,2025,0
NIC-93,93 - Carao,NIC,93,NIC-2025-0093,25.7,15.7,283.8,Carao,82,2025,0
NIC-220,220 - Capulin,NIC,220,NIC-2025-0220,14.9,6.0,44.1,Capulin,256,2025,0
NIC-92,92 - Carao,NIC,92,NIC-2025-0092,39.6,16.0,695.8,Carao,82,2025,0
NIC-219,219 - Carao,NIC,219,NIC-2025-0219,15.4,12.0,81.0,Carao,82,2025,0
NIC-193,193 - Roble sabana,NIC,193,NIC-2025-0193,23.1,8.3,132.0,Roble sabana,6,2025,0
NIC-89,89 - Cocobolo,NIC,89,NIC-2025-0089,42.6,15.8,799.7,Cocobolo,136,2025,0
NIC-125,125 - Cortez amarillo,NIC,125,NIC-2025-0125,31.0,11.0,315.4,Cortez amarillo,200,2025,0
NIC-88,88 - Cocobolo,NIC,88,NIC-2025-0088,26.2,10.3,212.6,Cocobolo,136,2025,0
NIC-131,131 - Cenizaro,NIC,131,NIC-2025-0131,59.3,16.1,1593.3,Cenizaro,312,2025,0
NIC-242,242 - Carao,NIC,242,NIC-2025-0242,24.9,14.8,254.1,Carao,82,2025,0
NIC-192,192 - Jicara,NIC,192,NIC-2025-0192,11.2,2.0,10.5,Jicara,126,2025,0
NIC-87,87 - Cocobolo,NIC,87,NIC-2025-0087,19.6,7.9,95.6,Cocobolo,136,2025,0
NIC-124,124 - Roble sabana,NIC,124,NIC-2025-0124,37.0,9.0,367.6,Roble sabana,6,2025,0
NIC-147,147 - Laurel negro,NIC,147,NIC-2025-0147,34.9,17.2,533.3,Laurel negro,11,2025,0
NIC-86,86 - Carao,NIC,86,NIC-2025-0086,33.1,11.5,373.2,Carao,82,2025,0
NIC-212,212 - Cortez negro,NIC,212,NIC-2025-0212,15.4,4.5,37.7,Cortez negro,199,2025,0
NIC-190,190 - Jicara,NIC,190,NIC-2025-0190,20.7,10.0,128.5,Jicara,126,2025,0
NIC-180,180 - Lorito,NIC,180,NIC-2025-0180,17.6,9.5,88.7,Lorito,114,2025,0
NIC-241,241 - Caimito,NIC,241,NIC-2025-0241,16.2,8.1,66.1,Caimito,98,2025,0
NIC-84,84 - Guacimo,NIC,84,NIC-2025-0084,18.0,9.2,90.5,Guacimo,196,2025,0
NIC-134,134 - Marañon,NIC,134,NIC-2025-0134,22.9,9.0,145.4,Marañon,42,2025,0
NIC-189,189 - Jicara,NIC,189,NIC-2025-0189,11.1,10.0,36.0,Jicara,126,2025,0
NIC-179,179 - Lorito,NIC,179,NIC-2025-0179,16.5,9.8,79.6,Lorito,114,2025,0
NIC-82,82 - Guacimo,NIC,82,NIC-2025-0082,15.6,7.8,59.4,Guacimo,196,2025,0
NIC-239,239 - Carao,NIC,239,NIC-2025-0239,21.4,20.0,235.9,Carao,82,2025,0
NIC-188,188 - Jicara,NIC,188,NIC-2025-0188,11.8,10.0,40.8,Jicara,126,2025,0
NIC-81,81 - Guacimo,NIC,81,NIC-2025-0081,25.1,7.8,156.8,Guacimo,196,2025,0
NIC-123,123 - Nance,NIC,123,NIC-2025-0123,18.0,6.3,67.4,Nance,63,2025,0
NIC-80,80 - Guanacaste,NIC,80,NIC-2025-0080,64.5,19.0,2017.2,Guanacaste,1,2025,0
NIC-141,141 - Cocobolo,NIC,141,NIC-2025-0141,14.6,18.5,101.8,Cocobolo,136,2025,0
NIC-230,230 - Cocobolo,NIC,230,NIC-2025-0230,13.6,14.6,73.2,Cocobolo,136,2025,0
NIC-79,79 - Cenizaro,NIC,79,NIC-2025-0079,69.1,17.6,2333.0,Cenizaro,312,2025,0
NIC-262,262 - panamá,NIC,262,NIC-2025-0262,14.3,9.0,55.7,panamá,338,2025,0
NIC-187,187 - Jicara,NIC,187,NIC-2025-0187,25.9,10.0,202.9,Jicara,126,2025,0
NIC-78,78 - Cenizaro,NIC,78,NIC-2025-0078,80.3,17.2,3113.3,Cenizaro,312,2025,0
NIC-261,261 - Ron ron,NIC,261,NIC-2025-0261,12.5,9.0,42.3,Ron ron,52,2025,0
NIC-183,183 - Roble sabana,NIC,183,NIC-2025-0183,13.5,9.0,47.0,Roble sabana,6,2025,0
NIC-77,77 - Jicara,NIC,77,NIC-2025-0077,27.0,5.6,140.6,Jicara,126,2025,0
NIC-259,259 - Melina,NIC,259,NIC-2025-0259,53.2,18.8,1440.7,Melina,188,2025,0
NIC-182,182 - Aceituno,NIC,182,NIC-2025-0182,13.3,5.0,30.4,Aceituno,328,2025,0
NIC-229,229 - Cocobolo,NIC,229,NIC-2025-0229,16.4,14.6,107.3,Cocobolo,136,2025,0
NIC-181,181 - Aceituno,NIC,181,NIC-2025-0181,23.2,8.3,140.2,Aceituno,328,2025,0
NIC-178,178 - Guacimo,NIC,178,NIC-2025-0178,152.7,13.4,9508.9,Guacimo,196,2025,0
NIC-76,76 - Jicara,NIC,76,NIC-2025-0076,22.4,7.3,118.1,Jicara,126,2025,0
NIC-122,122 - Cenizaro,NIC,122,NIC-2025-0122,92.4,21.0,4842.8,Cenizaro,312,2025,0
NIC-142,142 - Cocobolo,NIC,142,NIC-2025-0142,14.2,9.3,56.3,Cocobolo,136,2025,0
NIC-177,177 - Nance,NIC,177,NIC-2025-0177,19.0,8.0,90.7,Nance,63,2025,0
NIC-228,228 - Gallinazo,NIC,228,NIC-2025-0228,62.4,22.1,2262.5,Gallinazo,321,2025,0
NIC-176,176 - Guacimo,NIC,176,NIC-2025-0176,15.5,10.0,71.2,Guacimo,196,2025,0
NIC-75,75 - Almendro de playa,NIC,75,NIC-2025-0075,18.7,5.7,67.4,Almendro de playa,350,2025,0
NIC-258,258 - Roble sabana,NIC,258,NIC-2025-0258,18.9,11.8,115.3,Roble sabana,6,2025,0
NIC-175,175 - Guacimo,NIC,175,NIC-2025-0175,14.6,10.0,63.0,Guacimo,196,2025,0
NIC-227,227 - Roble sabana,NIC,227,NIC-2025-0227,17.8,13.0,110.0,Roble sabana,6,2025,0
NIC-174,174 - Guacimo,NIC,174,NIC-2025-0174,13.5,10.0,53.7,Guacimo,196,2025,0
NIC-74,74 - Almendro de playa,NIC,74,NIC-2025-0074,22.6,6.3,107.2,Almendro de playa,350,2025,0
NIC-173,173 - Guacimo,NIC,173,NIC-2025-0173,13.1,10.0,50.5,Guacimo,196,2025,0
NIC-148,148 - Chaperno,NIC,148,NIC-2025-0148,19.1,12.2,127.3,Chaperno,235,2025,0
NIC-144,144 - Jicara,NIC,144,NIC-2025-0144,19.6,9.2,107.7,Jicara,126,2025,0
NIC-172,172 - Guacimo,NIC,172,NIC-2025-0172,45.6,10.0,643.3,Guacimo,196,2025,0
NIC-171,171 - Cocobolo,NIC,171,NIC-2025-0171,20.5,11.6,141.4,Cocobolo,136,2025,0
NIC-251,251 - Manzana de agua,NIC,251,NIC-2025-0251,12.6,7.3,36.5,Manzana de agua,343,2025,0
NIC-73,73 - Guanacaste,NIC,73,NIC-2025-0073,65.9,16.2,1861.4,Guanacaste,1,2025,0
NIC-257,257 - Roble sabana,NIC,257,NIC-2025-0257,11.9,6.3,27.5,Roble sabana,6,2025,0
NIC-218,218 - Cortez amarillo,NIC,218,NIC-2025-0218,12.5,6.0,30.8,Cortez amarillo,200,2025,0
NIC-170,170 - Roble sabana,NIC,170,NIC-2025-0170,18.7,10.8,105.3,Roble sabana,6,2025,0
NIC-217,217 - Ron ron,NIC,217,NIC-2025-0217,12.5,10.0,45.9,Ron ron,52,2025,0
NIC-72,72 - Jocote,NIC,72,NIC-2025-0072,38.8,9.1,430.0,Jocote,333,2025,0
NIC-169,169 - Cortez amarillo,NIC,169,NIC-2025-0169,11.5,8.1,32.9,Cortez amarillo,200,2025,0
NIC-121,121 - Cenizaro,NIC,121,NIC-2025-0121,16.5,10.0,80.9,Cenizaro,312,2025,0
NIC-168,168 - Fruta de pava,NIC,168,NIC-2025-0168,14.6,1.0,10.5,Fruta de pava,164,2025,0
NIC-83,83 - Guacimo,NIC,83,NIC-2025-0083,16.9,9.2,79.6,Guacimo,196,2025,0
NIC-71,71 - Jocote,NIC,71,NIC-2025-0071,22.5,2.3,48.5,Jocote,333,2025,0
NIC-204,204 - Mango,NIC,204,NIC-2025-0204,24.6,9.0,149.4,Mango,14,2025,0
NIC-167,167 - Marañon,NIC,167,NIC-2025-0167,14.8,6.0,43.5,Marañon,42,2025,0
NIC-216,216 - surá,NIC,216,NIC-2025-0216,21.5,13.6,176.4,surá,353,2025,0
NIC-166,166 - Marañon,NIC,166,NIC-2025-0166,19.5,6.0,76.4,Marañon,42,2025,0
NIC-70,70 - Jocote,NIC,70,NIC-2025-0070,21.5,8.0,116.6,Jocote,333,2025,0
NIC-255,255 - Roble sabana,NIC,255,NIC-2025-0255,17.3,6.0,56.9,Roble sabana,6,2025,0
NIC-165,165 - Carao,NIC,165,NIC-2025-0165,45.0,16.3,916.2,Carao,82,2025,0
NIC-164,164 - Mango,NIC,164,NIC-2025-0164,23.9,7.8,126.0,Mango,14,2025,0
NIC-163,163 - Carao,NIC,163,NIC-2025-0163,33.3,17.0,512.2,Carao,82,2025,0
NIC-162,162 - Cocobolo,NIC,162,NIC-2025-0162,33.2,12.8,408.1,Cocobolo,136,2025,0
NIC-161,161 - Jicara,NIC,161,NIC-2025-0161,21.9,9.4,137.3,Jicara,126,2025,0
NIC-160,160 - Aceituno,NIC,160,NIC-2025-0160,22.2,10.5,153.9,Aceituno,328,2025,0
NIC-69,69 - Jocote,NIC,69,NIC-2025-0069,35.0,8.0,315.2,Jocote,333,2025,0
NIC-199,199 - jícaro,NIC,199,NIC-2025-0199,18.3,8.5,88.0,jícaro,127,2025,0
NIC-159,159 - Aceituno,NIC,159,NIC-2025-0159,28.2,10.5,250.7,Aceituno,328,2025,0
NIC-158,158 - Mango,NIC,158,NIC-2025-0158,23.1,10.3,145.9,Mango,14,2025,0
NIC-3,3 - Guacimo,NIC,3,NIC-2025-0003,18.6,10.9,110.5,Guacimo,196,2025,0
NIC-68,68 - Jicara,NIC,68,NIC-2025-0068,16.6,11.0,88.2,Jicara,126,2025,0
NIC-4,4 - Guacimo,NIC,4,NIC-2025-0004,28.1,13.5,302.7,Guacimo,196,2025,0
NIC-5,5 - Guacimo,NIC,5,NIC-2025-0005,20.6,13.5,160.7,Guacimo,196,2025,0
NIC-254,254 - Roble sabana,NIC,254,NIC-2025-0254,18.1,6.0,62.3,Roble sabana,6,2025,0
NIC-6,6 - Guacimo,NIC,6,NIC-2025-0006,14.5,10.6,65.0,Guacimo,196,2025,0
NIC-7,7 - Guacimo,NIC,7,NIC-2025-0007,24.5,13.4,227.6,Guacimo,196,2025,0
NIC-8,8 - Guanacaste,NIC,8,NIC-2025-0008,51.7,15.3,1085.2,Guanacaste,1,2025,0
NIC-67,67 - Jicara,NIC,67,NIC-2025-0067,23.0,11.0,171.5,Jicara,126,2025,0
NIC-120,120 - Cenizaro,NIC,120,NIC-2025-0120,41.5,17.0,802.6,Cenizaro,312,2025,0
NIC-9,9 - Fruta de pava,NIC,9,NIC-2025-0009,18.2,14.5,132.0,Fruta de pava,164,2025,0
NIC-10,10 - Fruta de pava,NIC,10,NIC-2025-0010,20.5,14.5,168.2,Fruta de pava,164,2025,0
NIC-11,11 - Carao,NIC,11,NIC-2025-0011,53.6,18.0,1414.2,Carao,82,2025,0
NIC-66,66 - Jicara,NIC,66,NIC-2025-0066,22.5,10.0,152.3,Jicara,126,2025,0
NIC-12,12 - Carao,NIC,12,NIC-2025-0012,31.2,18.0,468.9,Carao,82,2025,0
NIC-13,13 - Carao,NIC,13,NIC-2025-0013,32.8,17.7,512.5,Carao,82,2025,0
NIC-130,130 - Cenizaro,NIC,130,NIC-2025-0130,49.8,19.5,1295.5,Cenizaro,312,2025,0
NIC-14,14 - Carao,NIC,14,NIC-2025-0014,27.3,18.0,357.1,Carao,82,2025,0
NIC-15,15 - Guanacaste,NIC,15,NIC-2025-0015,82.5,21.2,3629.7,Guanacaste,1,2025,0
NIC-16,16 - Cenizaro,NIC,16,NIC-2025-0016,48.0,15.6,1010.0,Cenizaro,312,2025,0
NIC-65,65 - malinchillo,NIC,65,NIC-2025-0065,15.2,10.5,71.1,malinchillo,67,2025,0
NIC-200,200 - Capulin,NIC,200,NIC-2025-0200,14.7,4.0,31.3,Capulin,256,2025,0
NIC-17,17 - Cenizaro,NIC,17,NIC-2025-0017,53.0,18.0,1382.1,Cenizaro,312,2025,0
NIC-18,18 - Aceituno,NIC,18,NIC-2025-0018,38.5,8.3,394.0,Aceituno,328,2025,0
NIC-19,19 - Nance,NIC,19,NIC-2025-0019,18.8,7.5,84.4,Nance,63,2025,0
NIC-20,20 - Nance,NIC,20,NIC-2025-0020,18.7,7.5,83.5,Nance,63,2025,0
NIC-63,63 - malinchillo,NIC,63,NIC-2025-0063,27.4,12.0,262.3,malinchillo,67,2025,0
NIC-21,21 - Roble sabana,NIC,21,NIC-2025-0021,18.9,11.2,110.7,Roble sabana,6,2025,0
NIC-22,22 - Aceituno,NIC,22,NIC-2025-0022,28.8,11.8,286.6,Aceituno,328,2025,0
NIC-201,201 - Capulin,NIC,201,NIC-2025-0201,19.8,8.0,98.6,Capulin,256,2025,0
NIC-23,23 - Guacimo,NIC,23,NIC-2025-0023,13.6,11.0,58.7,Guacimo,196,2025,0
NIC-24,24 - Guacimo,NIC,24,NIC-2025-0024,24.7,10.2,187.1,Guacimo,196,2025,0
NIC-25,25 - Guacimo,NIC,25,NIC-2025-0025,31.6,10.2,309.2,Guacimo,196,2025,0
NIC-27,27 - Ceiba,NIC,27,NIC-2025-0027,66.0,20.5,2392.5,Ceiba,92,2025,0
NIC-62,62 - malinchillo,NIC,62,NIC-2025-0062,23.1,12.6,192.4,malinchillo,67,2025,0
NIC-28,28 - Cenizaro,NIC,28,NIC-2025-0028,50.4,20.5,1380.3,Cenizaro,312,2025,0
NIC-157,157 - Cocobolo,NIC,157,NIC-2025-0157,26.0,18.0,323.3,Cocobolo,136,2025,0
NIC-252,252 - Jocote,NIC,252,NIC-2025-0252,17.1,5.8,56.9,Jocote,333,2025,0
NIC-29,29 - Cocobolo,NIC,29,NIC-2025-0029,19.1,13.0,133.7,Cocobolo,136,2025,0
NIC-202,202 - Capulin,NIC,202,NIC-2025-0202,14.6,4.0,30.9,Capulin,256,2025,0
NIC-156,156 - Cocobolo,NIC,156,NIC-2025-0156,31.4,17.0,454.4,Cocobolo,136,2025,0
NIC-30,30 - Guanacaste,NIC,30,NIC-2025-0030,72.8,22.0,2894.6,Guanacaste,1,2025,0
NIC-61,61 - malinchillo,NIC,61,NIC-2025-0061,23.7,10.3,173.3,malinchillo,67,2025,0
NIC-155,155 - Carao,NIC,155,NIC-2025-0155,34.7,17.0,557.1,Carao,82,2025,0
NIC-31,31 - Carao,NIC,31,NIC-2025-0031,43.3,25.0,1181.9,Carao,82,2025,0
NIC-205,205 - Carao,NIC,205,NIC-2025-0205,19.8,12.0,135.2,Carao,82,2025,0
NIC-32,32 - Guanacaste,NIC,32,NIC-2025-0032,67.5,15.5,1888.7,Guanacaste,1,2025,0
NIC-154,154 - Cedro amargo,NIC,154,NIC-2025-0154,44.5,17.0,856.0,Cedro amargo,9,2025,0
NIC-33,33 - Guanacaste,NIC,33,NIC-2025-0033,68.8,16.5,2061.6,Guanacaste,1,2025,0
NIC-60,60 - malinchillo,NIC,60,NIC-2025-0060,19.7,2.3,37.0,malinchillo,67,2025,0
NIC-250,250 - Roble sabana,NIC,250,NIC-2025-0250,15.0,5.0,36.9,Roble sabana,6,2025,0
NIC-35,35 - Cocobolo,NIC,35,NIC-2025-0035,22.9,11.2,172.4,Cocobolo,136,2025,0
NIC-36,36 - Cocobolo,NIC,36,NIC-2025-0036,18.8,11.0,113.7,Cocobolo,136,2025,0
NIC-37,37 - Mango,NIC,37,NIC-2025-0037,24.9,11.0,179.0,Mango,14,2025,0
NIC-152,152 - Fruta de pava,NIC,152,NIC-2025-0152,18.8,12.4,124.8,Fruta de pava,164,2025,0
NIC-38,38 - Cocobolo,NIC,38,NIC-2025-0038,33.5,15.6,485.0,Cocobolo,136,2025,0
NIC-39,39 - Cocobolo,NIC,39,NIC-2025-0039,30.1,20.0,473.1,Cocobolo,136,2025,0
NIC-59,59 - malinchillo,NIC,59,NIC-2025-0059,25.2,12.8,232.6,malinchillo,67,2025,0
NIC-119,119 - Cenizaro,NIC,119,NIC-2025-0119,43.0,16.7,851.0,Cenizaro,312,2025,0
NIC-40,40 - Cocobolo,NIC,40,NIC-2025-0040,30.2,21.0,494.8,Cocobolo,136,2025,0
NIC-41,41 - Ceiba,NIC,41,NIC-2025-0041,62.8,22.0,2284.1,Ceiba,92,2025,0
NIC-58,58 - malinchillo,NIC,58,NIC-2025-0058,18.2,13.5,124.8,malinchillo,67,2025,0
NIC-237,237 - Cocobolo,NIC,237,NIC-2025-0237,21.4,17.0,207.9,Cocobolo,136,2025,0
NIC-46,46 - malinchillo,NIC,46,NIC-2025-0046,18.5,13.5,129.1,malinchillo,67,2025,0
NIC-151,151 - Fruta de pava,NIC,151,NIC-2025-0151,19.9,10.4,122.2,Fruta de pava,164,2025,0
NIC-48,48 - malinchillo,NIC,48,NIC-2025-0048,16.9,11.0,91.5,malinchillo,67,2025,0
NIC-149,149 - Carao,NIC,149,NIC-2025-0149,39.8,15.5,685.8,Carao,82,2025,0
NIC-57,57 - malinchillo,NIC,57,NIC-2025-0057,22.8,14.0,203.3,malinchillo,67,2025,0
NIC-207,207 - Guanacaste,NIC,207,NIC-2025-0207,25.7,12.5,222.8,Guanacaste,1,2025,0
NIC-50,50 - Jocote,NIC,50,NIC-2025-0050,29.0,6.3,178.3,Jocote,333,2025,0
NIC-52,52 - Jocote,NIC,52,NIC-2025-0052,21.3,6.3,95.0,Jocote,333,2025,0
NIC-53,53 - Jocote,NIC,53,NIC-2025-0053,25.8,6.3,140.5,Jocote,333,2025,0
NIC-54,54 - malinchillo,NIC,54,NIC-2025-0054,24.7,10.0,184.2,malinchillo,67,2025,0
NIC-55,55 - Aguacate,NIC,55,NIC-2025-0055,21.2,12.3,158.5,Aguacate,279,2025,0
NIC-56,56 - malinchillo,NIC,56,NIC-2025-0056,23.1,14.0,208.8,malinchillo,67,2025,0
NIC-208,208 - Guacimo,NIC,208,NIC-2025-0208,20.3,8.5,108.8,Guacimo,196,2025,0
NIC-249,249 - Cocobolo,NIC,249,NIC-2025-0249,22.2,10.7,156.2,Cocobolo,136,2025,0
NIC-118,118 - Almendro de playa,NIC,118,NIC-2025-0118,17.5,5.9,60.5,Almendro de playa,350,2025,0
NIC-248,248 - Marañon,NIC,248,NIC-2025-0248,17.5,4.3,47.3,Marañon,42,2025,0
NIC-213,213 - Mango,NIC,213,NIC-2025-0213,19.5,,2.8,Mango,14,2025,0
NIC-209,209 - Indio desnudo,NIC,209,NIC-2025-0209,14.1,10.0,58.7,Indio desnudo,62,2025,0
NIC-117,117 - Nance,NIC,117,NIC-2025-0117,26.8,7.5,173.9,Nance,63,2025,0
NIC-135,135 - Marañon,NIC,135,NIC-2025-0135,21.2,9.0,124.2,Marañon,42,2025,0
NIC-214,214 - Mango,NIC,214,NIC-2025-0214,13.0,,1.2,Mango,14,2025,0
NIC-116,116 - Cocobolo,NIC,116,NIC-2025-0116,34.7,16.7,549.5,Cocobolo,136,2025,0
NIC-215,215 - Madroño,NIC,215,NIC-2025-0215,14.6,,1.7,Madroño,73,2025,0
NIC-115,115 - Cocobolo,NIC,115,NIC-2025-0115,26.8,15.5,306.1,Cocobolo,136,2025,0
NIC-145,145 - Jicara,NIC,145,NIC-2025-0145,19.3,9.2,104.4,Jicara,126,2025,0
NIC-2,2 - Guacimo,NIC,2,NIC-2025-0002,26.2,13.9,268.5,Guacimo,196,2025,0
NIC-240,240 - Mango,NIC,240,NIC-2025-0240,17.2,,2.2,Mango,14,2025,0
NIC-210,210 - Laurel negro,NIC,210,NIC-2025-0210,25.5,10.0,184.3,Laurel negro,11,2025,0
NIC-114,114 - Cocobolo,NIC,114,NIC-2025-0114,23.4,12.0,190.1,Cocobolo,136,2025,0
NIC-129,129 - Cenizaro,NIC,129,NIC-2025-0129,54.0,19.5,1528.2,Cenizaro,312,2025,0
NIC-132,132 - Marañon,NIC,132,NIC-2025-0132,26.8,9.0,200.4,Marañon,42,2025,0
NIC-112,112 - Carao,NIC,112,NIC-2025-0112,17.2,7.0,66.7,Carao,82,2025,0
NIC-253,253 - Mango,NIC,253,NIC-2025-0253,26.9,,5.4,Mango,14,2025,0
NIC-111,111 - Carao,NIC,111,NIC-2025-0111,42.3,13.0,677.1,Carao,82,2025,0
NIC-260,260 - Mango,NIC,260,NIC-2025-0260,16.7,,2.0,Mango,14,2025,0
NIC-110,110 - Almendro de playa,NIC,110,NIC-2025-0110,19.7,5.1,68.7,Almendro de playa,350,2025,0
NIC-231,231 - surá,NIC,231,NIC-2025-0231,16.4,11.0,86.0,surá,353,2025,0
NIC-128,128 - Cortez negro,NIC,128,NIC-2025-0128,24.8,20.0,318.7,Cortez negro,199,2025,0
NIC-109,109 - flor amarilla,NIC,109,NIC-2025-0109,31.5,12.7,364.4,flor amarilla,83,2025,0
NIC-226,226 - Guacimo,NIC,226,NIC-2025-0226,15.2,15.0,93.8,Guacimo,196,2025,0
NIC-133,133 - Marañon,NIC,133,NIC-2025-0133,19.6,9.0,105.9,Marañon,42,2025,0
NIC-106,106 - Guacimo,NIC,106,NIC-2025-0106,27.2,11.2,244.9,Guacimo,196,2025,0
NIC-225,225 - Cortez amarillo,NIC,225,NIC-2025-0225,11.8,11.0,44.0,Cortez amarillo,200,2025,0
NIC-197,197 - Mango,NIC,197,NIC-2025-0197,20.8,9.5,110.6,Mango,14,2025,0
NIC-105,105 - Chaperno,NIC,105,NIC-2025-0105,18.6,9.0,95.1,Chaperno,236,2025,0
NIC-224,224 - Laurel negro,NIC,224,NIC-2025-0224,10.7,10.0,31.3,Laurel negro,11,2025,0
NIC-104,104 - Carao,NIC,104,NIC-2025-0104,37.2,14.5,567.3,Carao,82,2025,0
NIC-223,223 - Laurel negro,NIC,223,NIC-2025-0223,15.6,10.8,71.8,Laurel negro,11,2025,0
NIC-103,103 - Roble sabana,NIC,103,NIC-2025-0103,25.3,14.3,242.8,Roble sabana,6,2025,0
NIC-136,136 - Jicara,NIC,136,NIC-2025-0136,13.9,5.0,33.2,Jicara,126,2025,0
NIC-101,101 - Guanacaste,NIC,101,NIC-2025-0101,47.4,16.7,973.2,Guanacaste,1,2025,0
NIC-127,127 - Roble sabana,NIC,127,NIC-2025-0127,34.8,12.7,424.2,Roble sabana,6,2025,0
NIC-247,247 - Marañon,NIC,247,NIC-2025-0247,12.7,5.1,28.1,Marañon,42,2025,0
NIC-146,146 - Jicara,NIC,146,NIC-2025-0146,15.0,9.2,62.4,Jicara,126,2025,0
NIC-100,100 - Guacimo,NIC,100,NIC-2025-0100,17.0,6.9,64.4,Guacimo,196,2025,0
NIC-143,143 - tempate,NIC,143,NIC-2025-0143,17.7,7.6,75.4,tempate,225,2025,0
NIC-99,99 - Guacimo,NIC,99,NIC-2025-0099,13.7,6.9,41.5,Guacimo,196,2025,0
NIC-222,222 - Laurel negro,NIC,222,NIC-2025-0222,13.5,10.8,53.5,Laurel negro,11,2025,0
NIC-246,246 - Cocobolo,NIC,246,NIC-2025-0246,30.9,14.7,392.7,Cocobolo,136,2025,0
NIC-196,196 - Mango,NIC,196,NIC-2025-0196,25.0,9.7,163.6,Mango,14,2025,0
NIC-98,98 - Guacimo,NIC,98,NIC-2025-0098,14.0,6.9,43.3,Guacimo,196,2025,0
NIC-203,203 - Guayaba,NIC,203,NIC-2025-0203,21.0,6.0,88.9,Guayaba,297,2025,0
NIC-238,238 - Carao,NIC,238,NIC-2025-0238,21.0,20.0,227.0,Carao,82,2025,0
NIC-107,107 - Capulin,NIC,107,NIC-2024-0107,19.5,5.0,66.3,Capulin,256,2024,0
NIC-85,85 - Guaitil,NIC,85,NIC-2024-0085,14.9,5.0,38.3,Guaitil,185,2024,0
NIC-47,47 - malinchillo,NIC,47,NIC-2024-0047,15.1,11.7,76.3,malinchillo,67,2024,0
NIC-153,153 - Fruta de pava,NIC,153,NIC-2024-0153,26.5,13.5,268.6,Fruta de pava,164,2024,0
NIC-26,26 - Guacimo,NIC,26,NIC-2024-0026,14.2,7.0,45.1,Guacimo,196,2024,0
NIC-186,186 - malinchillo,NIC,186,NIC-2024-0186,11.3,2.0,10.7,malinchillo,67,2024,0
NIC-235,235 - Melina,NIC,235,NIC-2023-0235,12.6,13.0,57.8,Melina,188,2023,0
NIC-232,232 - Melina,NIC,232,NIC-2023-0232,32.6,14.0,426.0,Melina,188,2023,0
NIC-233,233 - Melina,NIC,233,NIC-2023-0233,20.6,14.2,168.9,Melina,188,2023,0
NIC-234,234 - Melina,NIC,234,NIC-2023-0234,21.1,14.2,177.3,Melina,188,2023,0
NIC-236,236 - Melina,NIC,236,NIC-2023-0236,11.7,13.0,49.7,Melina,188,2023,0
NIC-206,206 - Guarumo,NIC,206,NIC-2022-0206,15.2,11.4,76.6,Guarumo,88,2022,0
NIC-96,96 - Laurel negro,NIC,96,NIC-2022-0096,22.3,7.9,117.9,Laurel negro,11,2022,0
NIC-44,44 - Candelillo,NIC,44,NIC-2022-0044,18.0,9.0,89.9,Candelillo,325,2022,0
NIC-191,191 - Jicara,NIC,191,NIC-2022-0191,21.9,9.2,136.4,Jicara,126,2022,0
NIC-64,64 - malinchillo,NIC,64,NIC-2022-0064,15.8,1.6,17.9,malinchillo,67,2022,0
NIC-90,90 - Cocobolo,NIC,90,NIC-2021-0090,18.8,6.0,71.6,Cocobolo,136,2021,0
NIC-184,184 - Cocobolo,NIC,184,NIC-2021-0184,11.7,7.0,30.7,Cocobolo,136,2021,0
NIC-91,91 - Cocobolo,NIC,91,NIC-2021-0091,24.0,6.0,117.9,Cocobolo,136,2021,0
NIC-139,139 - Guachipelin,NIC,139,NIC-2021-0139,12.0,4.0,20.9,Guachipelin,141,2021,0
NIC-138,138 - Guachipelin,NIC,138,NIC-2021-0138,14.7,4.0,31.6,Guachipelin,141,2021,0
NIC-137,137 - Guachipelin,NIC,137,NIC-2021-0137,12.6,4.0,23.1,Guachipelin,141,2021,0
NIC-108,108 - Capulin,NIC,108,NIC-2021-0108,20.0,6.0,81.3,Capulin,256,2021,0
NIC-198,198 - Guacimo,NIC,198,NIC-2021-0198,18.4,5.0,59.5,Guacimo,196,2021,0
NIC-185,185 - Guachipelin,NIC,185,NIC-2021-0185,10.8,8.0,28.9,Guachipelin,141,2021,0
NIC-34,34 - Guanacaste,NIC,34,NIC-2021-0034,72.5,17.0,2372.2,Guanacaste,1,2021,0
NIC-43,43 - malinchillo,NIC,43,NIC-2021-0043,20.1,7.0,92.6,malinchillo,67,2021,0
NIC-45,45 - Candelillo,NIC,45,NIC-2021-0045,18.2,7.0,75.6,Candelillo,325,2021,0
NIC-49,49 - No registrado,NIC,49,NIC-2021-0049,18.2,9.0,92.0,No registrado,166,2021,0
NIC-150,150 - Fruta de pava,NIC,150,NIC-2021-0150,28.1,14.0,314.7,Fruta de pava,164,2021,0
NIC-102,102 - Poro poro,NIC,102,NIC-2019-0102,21.9,11.0,37.7,Poro poro,113,2019,0
NIC-113,113 - Capulin,NIC,113,NIC-2019-0113,17.8,5.0,41.7,Capulin,139,2019,0
NIC-51,51 - Jocote,NIC,51,NIC-2019-0051,18.6,6.0,36.8,Jocote,334,2019,0
NIC-42,42 - Candelillo,NIC,42,NIC-2019-0042,19.2,7.0,75.9,Candelillo,325,2019,0
OMD-103,103 - Guanacaste,OMD,103,OMD-2026-S123-550E4567E89B,55.2,18.0,1407.8,Guanacaste,1,2026,0
OMD-5,5 - Chaperno,OMD,5,OMD-2026-S123-97FAFC5C1546,45.0,18.0,989.8,Chaperno,234,2026,0
OMD-3,3 - Guachipelin,OMD,3,OMD-2026-S123-678B798FB40E,52.0,16.0,1212.8,Guachipelin,141,2026,0
OMD-100,100 - Ron ron,OMD,100,OMD-2026-S123-550E4567E89B,35.5,12.5,459.3,Ron ron,52,2026,0
OMD-264,264 - Roble sabana,OMD,264,OMD-2026-S123-68D07D79AA4D,27.0,15.0,287.8,Roble sabana,6,2026,0
OMD-2,2 - Lorito,OMD,2,OMD-2026-S123-A947C362449A,58.0,18.0,1661.1,Lorito,114,2026,0
OMD-101,101 - Teca,OMD,101,OMD-2026-S123-550E4567E89B,42.3,15.0,662.3,Teca,15,2026,0
OMD-1,1 - Lorito,OMD,1,OMD-2026-S123-DD7C70CE8287,48.0,22.0,1320.2,Lorito,114,2026,0
OMD-104,104 - Ron ron,OMD,104,OMD-2026-S123-550E4567E89B,38.1,13.5,563.4,Ron ron,52,2026,0
OMD-102,102 - No registrado,OMD,102,OMD-2026-S123-550E4567E89B,28.7,10.8,249.0,No registrado,78,2026,0
OMD-149,149 - Roble sabana,OMD,149,OMD-2025-0149,59.0,16.0,1490.8,Roble sabana,6,2025,0
OMD-571,"571 - calistemón, hisopo",OMD,571,OMD-2025-0571,26.3,12.3,246.0,"calistemón, hisopo",69,2025,0
OMD-570,"570 - calistemón, hisopo",OMD,570,OMD-2025-0570,22.5,11.0,164.0,"calistemón, hisopo",69,2025,0
OMD-569,"569 - calistemón, hisopo",OMD,569,OMD-2025-0569,25.5,11.0,211.7,"calistemón, hisopo",69,2025,0
OMD-582,582 - Uruca,OMD,582,OMD-2025-0582,29.5,14.0,343.9,Uruca,359,2025,0
OMD-568,"568 - calistemón, hisopo",OMD,568,OMD-2025-0568,18.7,11.0,112.5,"calistemón, hisopo",69,2025,0
OMD-567,"567 - calistemón, hisopo",OMD,567,OMD-2025-0567,17.2,11.0,94.8,"calistemón, hisopo",69,2025,0
OMD-566,"566 - calistemón, hisopo",OMD,566,OMD-2025-0566,25.5,11.0,211.7,"calistemón, hisopo",69,2025,0
OMD-565,"565 - calistemón, hisopo",OMD,565,OMD-2025-0565,17.3,11.0,96.0,"calistemón, hisopo",69,2025,0
OMD-564,"564 - calistemón, hisopo",OMD,564,OMD-2025-0564,20.4,11.0,134.3,"calistemón, hisopo",69,2025,0
OMD-583,583 - higuerón,OMD,583,OMD-2025-0583,43.3,11.8,658.6,higuerón,178,2025,0
OMD-563,563 - Cenizaro,OMD,563,OMD-2025-0563,68.6,17.8,2319.0,Cenizaro,312,2025,0
OMD-562,562 - Casco de venado,OMD,562,OMD-2025-0562,25.7,5.0,116.4,Casco de venado,54,2025,0
OMD-561,561 - Casco de venado,OMD,561,OMD-2025-0561,20.2,5.0,71.2,Casco de venado,54,2025,0
OMD-560,560 - Casco de venado,OMD,560,OMD-2025-0560,27.2,5.0,130.7,Casco de venado,54,2025,0
OMD-558,"558 - calistemón, hisopo",OMD,558,OMD-2025-0558,19.3,11.0,119.9,"calistemón, hisopo",69,2025,0
OMD-587,587 - Casco de venado,OMD,587,OMD-2025-0587,29.1,6.5,184.0,Casco de venado,54,2025,0
OMD-557,557 - Casco de venado,OMD,557,OMD-2025-0557,19.2,5.0,64.2,Casco de venado,54,2025,0
OMD-556,556 - Casco de venado,OMD,556,OMD-2025-0556,26.6,5.0,124.9,Casco de venado,54,2025,0
OMD-555,555 - Mango,OMD,555,OMD-2025-0555,25.5,7.0,132.1,Mango,14,2025,0
OMD-554,554 - Mango,OMD,554,OMD-2025-0554,26.6,7.0,144.0,Mango,14,2025,0
OMD-588,588 - Mango,OMD,588,OMD-2025-0588,24.0,8.3,133.3,Mango,14,2025,0
OMD-549,549 - Mango,OMD,549,OMD-2025-0549,20.2,7.0,82.2,Mango,14,2025,0
OMD-548,548 - tangerina,OMD,548,OMD-2025-0548,22.5,7.0,115.3,tangerina,107,2025,0
OMD-589,589 - Mango,OMD,589,OMD-2025-0589,36.1,8.3,306.6,Mango,14,2025,0
OMD-542,542 - Targua,OMD,542,OMD-2025-0542,36.2,11.8,457.0,Targua,129,2025,0
OMD-590,590 - Vainillo,OMD,590,OMD-2025-0590,26.7,12.2,252.1,Vainillo,347,2025,0
OMD-541,541 - Cedro amargo,OMD,541,OMD-2025-0541,74.5,20.0,2779.5,Cedro amargo,9,2025,0
OMD-591,591 - Vainillo,OMD,591,OMD-2025-0591,32.8,10.0,328.5,Vainillo,347,2025,0
OMD-540,540 - muñeco,OMD,540,OMD-2025-0540,38.8,11.0,498.5,muñeco,119,2025,0
OMD-592,592 - Vainillo,OMD,592,OMD-2025-0592,18.0,10.3,98.8,Vainillo,347,2025,0
OMD-539,"539 - calistemón, hisopo",OMD,539,OMD-2025-0539,33.2,12.2,393.2,"calistemón, hisopo",69,2025,0
OMD-593,"593 - calistemón, hisopo",OMD,593,OMD-2025-0593,32.0,8.9,285.3,"calistemón, hisopo",69,2025,0
OMD-538,"538 - calistemón, hisopo",OMD,538,OMD-2025-0538,25.9,12.9,247.4,"calistemón, hisopo",69,2025,0
OMD-594,594 - Tuete,OMD,594,OMD-2025-0594,16.9,6.9,63.6,Tuete,366,2025,0
OMD-534,"534 - calistemón, hisopo",OMD,534,OMD-2025-0534,21.4,6.1,93.5,"calistemón, hisopo",69,2025,0
OMD-533,533 - Guanacaste,OMD,533,OMD-2025-0533,87.1,18.0,3569.3,Guanacaste,1,2025,0
OMD-599,599 - Guachipelin,OMD,599,OMD-2025-0599,33.7,8.0,291.8,Guachipelin,141,2025,0
OMD-530,530 - Casco de venado,OMD,530,OMD-2025-0530,34.9,14.6,500.7,Casco de venado,54,2025,0
OMD-600,600 - Guachipelin,OMD,600,OMD-2025-0600,41.3,9.5,505.1,Guachipelin,141,2025,0
OMD-527,527 - Mango,OMD,527,OMD-2025-0527,19.7,8.6,91.6,Mango,14,2025,0
OMD-601,601 - Casco de venado,OMD,601,OMD-2025-0601,23.9,10.0,172.2,Casco de venado,54,2025,0
OMD-526,526 - Yos,OMD,526,OMD-2025-0526,31.9,12.7,373.9,Yos,315,2025,0
OMD-525,525 - Guanacaste,OMD,525,OMD-2025-0525,67.9,20.7,2394.7,Guanacaste,1,2025,0
OMD-604,604 - Guachipelin,OMD,604,OMD-2025-0604,50.6,13.5,1005.0,Guachipelin,141,2025,0
OMD-524,524 - Uruca,OMD,524,OMD-2025-0524,41.3,8.3,454.6,Uruca,359,2025,0
OMD-605,605 - Casco de venado,OMD,605,OMD-2025-0605,25.1,10.0,190.3,Casco de venado,54,2025,0
OMD-606,606 - Casco de venado,OMD,606,OMD-2025-0606,19.6,10.0,114.9,Casco de venado,54,2025,0
OMD-523,523 - Malinche,OMD,523,OMD-2025-0523,20.1,6.0,73.6,Malinche,5,2025,0
OMD-607,607 - Guachipelin,OMD,607,OMD-2025-0607,27.0,12.5,262.8,Guachipelin,141,2025,0
OMD-522,522 - Malinche,OMD,522,OMD-2025-0522,23.9,6.5,111.6,Malinche,5,2025,0
OMD-608,608 - Guachipelin,OMD,608,OMD-2025-0608,21.8,7.5,114.1,Guachipelin,141,2025,0
OMD-521,521 - Grevilea,OMD,521,OMD-2025-0521,63.9,22.7,2424.9,Grevilea,191,2025,0
OMD-609,609 - laurel negro,OMD,609,OMD-2025-0609,28.5,7.5,197.1,laurel negro,123,2025,0
OMD-517,517 - Mango,OMD,517,OMD-2025-0517,17.3,7.0,59.9,Mango,14,2025,0
OMD-610,610 - Guachipelin,OMD,610,OMD-2025-0610,37.2,13.5,536.5,Guachipelin,141,2025,0
OMD-516,516 - Mango,OMD,516,OMD-2025-0516,22.0,7.0,97.8,Mango,14,2025,0
OMD-611,611 - Guachipelin,OMD,611,OMD-2025-0611,23.2,14.0,210.7,Guachipelin,141,2025,0
OMD-515,515 - Mango,OMD,515,OMD-2025-0515,21.0,7.0,88.9,Mango,14,2025,0
OMD-612,612 - Guachipelin,OMD,612,OMD-2025-0612,15.8,9.0,68.2,Guachipelin,141,2025,0
OMD-514,514 - Cortez negro,OMD,514,OMD-2025-0514,21.0,6.3,92.3,Cortez negro,199,2025,0
OMD-613,613 - Llama del bosque,OMD,613,OMD-2025-0613,63.5,19.3,2109.8,Llama del bosque,331,2025,0
OMD-513,513 - Guayaba,OMD,513,OMD-2025-0513,14.7,4.9,36.7,Guayaba,297,2025,0
OMD-614,614 - Casco de venado,OMD,614,OMD-2025-0614,16.0,10.0,76.0,Casco de venado,54,2025,0
OMD-512,512 - Guayaba,OMD,512,OMD-2025-0512,14.6,4.9,36.2,Guayaba,297,2025,0
OMD-615,615 - Casco de venado,OMD,615,OMD-2025-0615,24.4,10.0,179.7,Casco de venado,54,2025,0
OMD-511,511 - Guayaba,OMD,511,OMD-2025-0511,17.8,6.0,63.4,Guayaba,297,2025,0
OMD-616,616 - Cedro amargo,OMD,616,OMD-2025-0616,100.6,25.5,6197.9,Cedro amargo,9,2025,0
OMD-510,510 - Cas,OMD,510,OMD-2025-0510,18.8,7.6,85.2,Cas,296,2025,0
OMD-617,617 - Casco de venado,OMD,617,OMD-2025-0617,17.0,11.0,92.6,Casco de venado,54,2025,0
OMD-509,509 - Cas,OMD,509,OMD-2025-0509,19.0,7.6,87.1,Cas,296,2025,0
OMD-618,618 - Casco de venado,OMD,618,OMD-2025-0618,22.6,11.0,165.5,Casco de venado,54,2025,0
OMD-508,508 - Mango,OMD,508,OMD-2025-0508,24.3,8.0,132.9,Mango,14,2025,0
OMD-621,621 - Roble sabana,OMD,621,OMD-2025-0621,27.8,18.5,359.7,Roble sabana,6,2025,0
OMD-507,507 - Mango,OMD,507,OMD-2025-0507,23.9,8.0,128.5,Mango,14,2025,0
OMD-622,622 - Guachipelin,OMD,622,OMD-2025-0622,30.1,15.0,378.1,Guachipelin,141,2025,0
OMD-506,506 - Mango,OMD,506,OMD-2025-0506,32.2,8.0,236.0,Mango,14,2025,0
OMD-623,623 - Guachipelin,OMD,623,OMD-2025-0623,17.3,3.5,39.3,Guachipelin,141,2025,0
OMD-505,505 - Mango,OMD,505,OMD-2025-0505,32.0,8.0,233.0,Mango,14,2025,0
OMD-624,624 - Guachipelin,OMD,624,OMD-2025-0624,26.2,7.0,157.3,Guachipelin,141,2025,0
OMD-503,503 - ciprés,OMD,503,OMD-2025-0503,44.8,12.5,738.3,ciprés,135,2025,0
OMD-625,625 - Mango,OMD,625,OMD-2025-0625,16.6,7.2,56.3,Mango,14,2025,0
OMD-502,502 - Lorito,OMD,502,OMD-2025-0502,49.3,17.0,1140.5,Lorito,114,2025,0
OMD-626,626 - Guachipelin,OMD,626,OMD-2025-0626,35.6,8.5,342.1,Guachipelin,141,2025,0
OMD-501,501 - Casco de venado,OMD,501,OMD-2025-0501,24.6,5.0,106.5,Casco de venado,54,2025,0
OMD-627,627 - Guachipelin,OMD,627,OMD-2025-0627,26.3,8.0,176.0,Guachipelin,141,2025,0
OMD-500,500 - Carao,OMD,500,OMD-2025-0500,35.5,14.4,512.9,Carao,82,2025,0
OMD-628,628 - Guachipelin,OMD,628,OMD-2025-0628,21.1,3.2,55.0,Guachipelin,141,2025,0
OMD-499,499 - Carao,OMD,499,OMD-2025-0499,78.6,15.7,2775.8,Carao,82,2025,0
OMD-629,629 - Guachipelin,OMD,629,OMD-2025-0629,27.2,15.5,315.5,Guachipelin,141,2025,0
OMD-498,498 - Carao,OMD,498,OMD-2025-0498,32.0,15.7,443.9,Carao,82,2025,0
OMD-630,630 - Guachipelin,OMD,630,OMD-2025-0630,27.9,15.5,332.3,Guachipelin,141,2025,0
OMD-497,497 - Guachipelin,OMD,497,OMD-2025-0497,32.1,12.8,381.0,Guachipelin,141,2025,0
OMD-631,631 - Guachipelin,OMD,631,OMD-2025-0631,32.3,17.7,496.7,Guachipelin,141,2025,0
OMD-496,496 - Guachipelin,OMD,496,OMD-2025-0496,33.1,13.5,422.8,Guachipelin,141,2025,0
OMD-632,632 - Jocote,OMD,632,OMD-2025-0632,36.0,10.5,412.6,Jocote,333,2025,0
OMD-495,495 - Teca,OMD,495,OMD-2025-0495,28.6,11.0,234.1,Teca,15,2025,0
OMD-633,633 - Guachipelin,OMD,633,OMD-2025-0633,19.5,9.5,109.3,Guachipelin,141,2025,0
OMD-494,494 - Pochote,OMD,494,OMD-2025-0494,18.6,7.0,75.8,Pochote,4,2025,0
OMD-634,634 - Guachipelin,OMD,634,OMD-2025-0634,21.9,9.5,138.5,Guachipelin,141,2025,0
OMD-493,493 - higuerón,OMD,493,OMD-2025-0493,21.2,7.5,107.8,higuerón,175,2025,0
OMD-635,635 - Guachipelin,OMD,635,OMD-2025-0635,18.4,7.0,76.5,Guachipelin,141,2025,0
OMD-492,492 - higuerón,OMD,492,OMD-2025-0492,29.6,7.5,213.0,higuerón,175,2025,0
OMD-491,491 - Caoba,OMD,491,OMD-2025-0491,25.9,12.0,219.3,Caoba,10,2025,0
OMD-637,637 - Guanacaste,OMD,637,OMD-2025-0637,125.0,21.5,8565.1,Guanacaste,1,2025,0
OMD-490,490 - Caoba,OMD,490,OMD-2025-0490,34.7,12.0,398.2,Caoba,10,2025,0
OMD-638,638 - Guachipelin,OMD,638,OMD-2025-0638,24.0,17.3,266.2,Guachipelin,141,2025,0
OMD-489,489 - Carao,OMD,489,OMD-2025-0489,65.3,18.0,2115.5,Carao,82,2025,0
OMD-639,639 - Casco de venado,OMD,639,OMD-2025-0639,31.6,10.0,304.5,Casco de venado,54,2025,0
OMD-488,488 - Roble sabana,OMD,488,OMD-2025-0488,55.6,14.0,1190.3,Roble sabana,6,2025,0
OMD-640,640 - Casco de venado,OMD,640,OMD-2025-0640,26.3,8.0,176.0,Casco de venado,54,2025,0
OMD-484,484 - Mango,OMD,484,OMD-2025-0484,18.0,5.6,54.6,Mango,14,2025,0
OMD-479,479 - Mango,OMD,479,OMD-2025-0479,20.5,7.5,89.3,Mango,14,2025,0
OMD-641,641 - Llama del bosque,OMD,641,OMD-2025-0641,49.8,25.0,1572.1,Llama del bosque,331,2025,0
OMD-478,478 - Mango,OMD,478,OMD-2025-0478,15.0,7.6,47.7,Mango,14,2025,0
OMD-642,642 - Casco de venado,OMD,642,OMD-2025-0642,21.1,10.6,139.8,Casco de venado,54,2025,0
OMD-477,477 - Mango,OMD,477,OMD-2025-0477,26.2,7.6,148.9,Mango,14,2025,0
OMD-644,644 - Casco de venado,OMD,644,OMD-2025-0644,20.1,6.9,90.6,Casco de venado,54,2025,0
OMD-476,476 - Guayaba,OMD,476,OMD-2025-0476,16.9,6.2,58.5,Guayaba,297,2025,0
OMD-645,645 - Casco de venado,OMD,645,OMD-2025-0645,19.6,7.0,87.0,Casco de venado,54,2025,0
OMD-475,475 - Guayaba,OMD,475,OMD-2025-0475,21.0,6.6,95.7,Guayaba,297,2025,0
OMD-646,646 - Guachipelin,OMD,646,OMD-2025-0646,16.5,8.5,71.3,Guachipelin,141,2025,0
OMD-474,474 - Mango,OMD,474,OMD-2025-0474,15.5,7.4,50.0,Mango,14,2025,0
OMD-647,647 - Cedro amargo,OMD,647,OMD-2025-0647,131.4,38.0,14582.1,Cedro amargo,9,2025,0
OMD-473,473 - Mango,OMD,473,OMD-2025-0473,21.6,7.4,98.4,Mango,14,2025,0
OMD-648,648 - Eucalipto,OMD,648,OMD-2025-0648,65.1,34.3,3474.0,Eucalipto,160,2025,0
OMD-472,472 - Mango,OMD,472,OMD-2025-0472,25.5,4.8,98.5,Mango,14,2025,0
OMD-649,649 - Cas,OMD,649,OMD-2025-0649,22.6,10.3,157.2,Cas,296,2025,0
OMD-650,650 - Cas,OMD,650,OMD-2025-0650,15.1,8.0,56.7,Cas,296,2025,0
OMD-471,471 - Mango,OMD,471,OMD-2025-0471,27.0,4.8,110.7,Mango,14,2025,0
OMD-652,652 - Guachipelin,OMD,652,OMD-2025-0652,28.3,14.0,316.0,Guachipelin,141,2025,0
OMD-470,470 - Yos,OMD,470,OMD-2025-0470,24.8,11.0,200.0,Yos,315,2025,0
OMD-653,653 - Guachipelin,OMD,653,OMD-2025-0653,23.2,17.8,254.0,Guachipelin,141,2025,0
OMD-469,469 - Yos,OMD,469,OMD-2025-0469,16.6,10.0,81.9,Yos,315,2025,0
OMD-654,654 - Guachipelin,OMD,654,OMD-2025-0654,31.4,8.9,274.5,Guachipelin,141,2025,0
OMD-468,468 - Yos,OMD,468,OMD-2025-0468,29.3,10.0,261.0,Yos,315,2025,0
OMD-655,655 - Guachipelin,OMD,655,OMD-2025-0655,21.4,12.0,158.5,Guachipelin,141,2025,0
OMD-465,465 - Jocote,OMD,465,OMD-2025-0465,61.3,9.5,1130.3,Jocote,333,2025,0
OMD-464,464 - Jocote,OMD,464,OMD-2025-0464,20.6,8.1,107.9,Jocote,333,2025,0
OMD-656,656 - Guachipelin,OMD,656,OMD-2025-0656,30.0,13.5,346.0,Guachipelin,141,2025,0
OMD-463,463 - Jocote,OMD,463,OMD-2025-0463,33.1,8.1,284.0,Jocote,333,2025,0
OMD-658,658 - Guachipelin,OMD,658,OMD-2025-0658,61.0,14.0,1513.7,Guachipelin,141,2025,0
OMD-462,462 - Jocote,OMD,462,OMD-2025-0462,38.0,8.1,376.4,Jocote,333,2025,0
OMD-461,461 - Jocote,OMD,461,OMD-2025-0461,34.2,9.1,332.4,Jocote,333,2025,0
OMD-659,659 - Cedro amargo,OMD,659,OMD-2025-0659,46.9,18.9,1034.8,Cedro amargo,9,2025,0
OMD-460,460 - Jocote,OMD,460,OMD-2025-0460,39.6,11.2,527.0,Jocote,333,2025,0
OMD-660,660 - Ceiba,OMD,660,OMD-2025-0660,129.8,29.0,12456.1,Ceiba,92,2025,0
OMD-1675,1675 - Guachipelin,OMD,1675,OMD-2025-1675,35.9,10.0,395.0,Guachipelin,141,2025,0
OMD-459,459 - Jocote,OMD,459,OMD-2025-0459,39.4,10.3,488.6,Jocote,333,2025,0
OMD-661,661 - Ceiba,OMD,661,OMD-2025-0661,122.4,24.0,9535.7,Ceiba,92,2025,0
OMD-458,458 - Mango,OMD,458,OMD-2025-0458,19.9,6.3,73.4,Mango,14,2025,0
OMD-662,662 - Cedro amargo,OMD,662,OMD-2025-0662,14.2,10.0,55.1,Cedro amargo,9,2025,0
OMD-457,457 - Mango,OMD,457,OMD-2025-0457,20.7,6.3,79.5,Mango,14,2025,0
OMD-663,663 - Cas,OMD,663,OMD-2025-0663,23.9,11.6,193.3,Cas,296,2025,0
OMD-456,456 - Mango,OMD,456,OMD-2025-0456,22.0,6.3,90.1,Mango,14,2025,0
OMD-664,664 - Guachipelin,OMD,664,OMD-2025-0664,41.2,12.8,634.0,Guachipelin,141,2025,0
OMD-455,455 - Mango,OMD,455,OMD-2025-0455,33.9,6.8,230.9,Mango,14,2025,0
OMD-665,665 - Cedro amargo,OMD,665,OMD-2025-0665,100.0,30.0,6949.1,Cedro amargo,9,2025,0
OMD-454,454 - Mango,OMD,454,OMD-2025-0454,34.9,6.0,222.3,Mango,14,2025,0
OMD-666,666 - Roble sabana,OMD,666,OMD-2025-0666,63.5,30.0,2826.2,Roble sabana,6,2025,0
OMD-453,453 - Mango,OMD,453,OMD-2025-0453,28.3,5.4,133.5,Mango,14,2025,0
OMD-668,668 - Cedro amargo,OMD,668,OMD-2025-0668,69.2,33.0,3531.9,Cedro amargo,9,2025,0
OMD-1016,1016 - Jocote,OMD,1016,OMD-2025-1016,52.2,8.1,719.3,Jocote,333,2025,0
OMD-669,669 - Cas,OMD,669,OMD-2025-0669,22.1,11.3,161.5,Cas,296,2025,0
OMD-452,452 - Yos,OMD,452,OMD-2025-0452,20.5,9.4,120.0,Yos,315,2025,0
OMD-670,670 - Cedro amargo,OMD,670,OMD-2025-0670,63.1,30.0,2716.5,Cedro amargo,9,2025,0
OMD-1142,1142 - Guachipelin,OMD,1142,OMD-2025-1142,37.9,12.4,521.6,Guachipelin,141,2025,0
OMD-451,451 - Mango,OMD,451,OMD-2025-0451,32.4,5.7,183.5,Mango,14,2025,0
OMD-671,671 - Cedro amargo,OMD,671,OMD-2025-0671,38.8,23.5,832.9,Cedro amargo,9,2025,0
OMD-450,450 - Mango,OMD,450,OMD-2025-0450,29.3,5.4,143.3,Mango,14,2025,0
OMD-672,672 - Cedro amargo,OMD,672,OMD-2025-0672,91.5,34.0,6391.1,Cedro amargo,9,2025,0
OMD-449,449 - Guachipelin,OMD,449,OMD-2025-0449,15.6,5.2,43.3,Guachipelin,141,2025,0
OMD-673,673 - Cas,OMD,673,OMD-2025-0673,24.2,13.0,216.7,Cas,296,2025,0
OMD-447,447 - Guachipelin,OMD,447,OMD-2025-0447,18.3,9.0,92.0,Guachipelin,141,2025,0
OMD-674,674 - Cedro amargo,OMD,674,OMD-2025-0674,108.6,25.5,7244.9,Cedro amargo,9,2025,0
OMD-446,446 - Guachipelin,OMD,446,OMD-2025-0446,22.1,9.5,141.1,Guachipelin,141,2025,0
OMD-675,"675 - tubús, tubusi",OMD,675,OMD-2025-0675,21.0,9.2,124.0,"tubús, tubusi",367,2025,0
OMD-445,445 - Guachipelin,OMD,445,OMD-2025-0445,17.0,9.5,82.6,Guachipelin,141,2025,0
OMD-676,"676 - tubús, tubusi",OMD,676,OMD-2025-0676,19.1,9.2,102.2,"tubús, tubusi",367,2025,0
OMD-444,444 - Guachipelin,OMD,444,OMD-2025-0444,24.7,9.5,177.0,Guachipelin,141,2025,0
OMD-677,677 - Uruca,OMD,677,OMD-2025-0677,27.9,13.2,293.2,Uruca,359,2025,0
OMD-443,443 - Yos,OMD,443,OMD-2025-0443,25.1,9.8,187.4,Yos,315,2025,0
OMD-678,678 - Uruca,OMD,678,OMD-2025-0678,27.6,13.0,283.4,Uruca,359,2025,0
OMD-440,440 - Yos,OMD,440,OMD-2025-0440,22.7,10.3,158.7,Yos,315,2025,0
OMD-679,679 - Cortez negro,OMD,679,OMD-2025-0679,19.4,5.0,65.6,Cortez negro,199,2025,0
OMD-439,439 - Mango,OMD,439,OMD-2025-0439,21.2,7.5,95.7,Mango,14,2025,0
OMD-680,680 - Cortez negro,OMD,680,OMD-2025-0680,16.8,8.0,70.5,Cortez negro,199,2025,0
OMD-438,438 - Mango,OMD,438,OMD-2025-0438,18.2,7.5,70.1,Mango,14,2025,0
OMD-681,681 - Cortez negro,OMD,681,OMD-2025-0681,19.5,9.3,107.5,Cortez negro,199,2025,0
OMD-437,437 - Mango,OMD,437,OMD-2025-0437,20.9,7.5,92.9,Mango,14,2025,0
OMD-682,682 - Cortez negro,OMD,682,OMD-2025-0682,22.6,9.3,145.2,Cortez negro,199,2025,0
OMD-436,436 - Mango,OMD,436,OMD-2025-0436,16.2,7.5,55.3,Mango,14,2025,0
OMD-683,683 - Roble sabana,OMD,683,OMD-2025-0683,28.1,11.0,245.2,Roble sabana,6,2025,0
OMD-435,435 - Mango,OMD,435,OMD-2025-0435,18.2,7.5,70.1,Mango,14,2025,0
OMD-684,684 - Cristobal,OMD,684,OMD-2025-0684,25.3,9.5,185.9,Cristobal,284,2025,0
OMD-434,434 - Lorito,OMD,434,OMD-2025-0434,39.9,10.7,516.5,Lorito,114,2025,0
OMD-685,685 - Cristobal,OMD,685,OMD-2025-0685,27.6,10.0,231.0,Cristobal,284,2025,0
OMD-431,431 - Lorito,OMD,431,OMD-2025-0431,36.6,12.0,473.5,Lorito,114,2025,0
OMD-686,686 - Casco de venado,OMD,686,OMD-2025-0686,18.3,3.7,46.1,Casco de venado,54,2025,0
OMD-430,430 - Lorito,OMD,430,OMD-2025-0430,35.8,12.0,452.7,Lorito,114,2025,0
OMD-687,687 - Casco de venado,OMD,687,OMD-2025-0687,20.5,3.6,56.8,Casco de venado,54,2025,0
OMD-429,429 - Roble sabana,OMD,429,OMD-2025-0429,60.1,15.7,1525.4,Roble sabana,6,2025,0
OMD-688,688 - Níspero,OMD,688,OMD-2025-0688,19.4,6.0,75.6,Níspero,150,2025,0
OMD-428,428 - Uruca,OMD,428,OMD-2025-0428,28.2,10.2,245.1,Uruca,359,2025,0
OMD-689,689 - Casco de venado,OMD,689,OMD-2025-0689,19.8,4.5,63.0,Casco de venado,54,2025,0
OMD-427,427 - Uruca,OMD,427,OMD-2025-0427,18.1,10.2,99.2,Uruca,359,2025,0
OMD-690,690 - Casco de venado,OMD,690,OMD-2025-0690,24.5,4.5,97.3,Casco de venado,54,2025,0
OMD-426,426 - Uruca,OMD,426,OMD-2025-0426,26.3,10.2,212.6,Uruca,359,2025,0
OMD-691,691 - Guanacaste,OMD,691,OMD-2025-0691,34.3,7.0,255.6,Guanacaste,1,2025,0
OMD-425,425 - Roble sabana,OMD,425,OMD-2025-0425,50.2,12.3,873.7,Roble sabana,6,2025,0
OMD-692,692 - Caoba,OMD,692,OMD-2025-0692,39.0,12.0,505.3,Caoba,10,2025,0
OMD-693,693 - Roble sabana,OMD,693,OMD-2025-0693,35.2,10.4,371.6,Roble sabana,6,2025,0
OMD-424,424 - Roble sabana,OMD,424,OMD-2025-0424,34.9,12.3,416.2,Roble sabana,6,2025,0
OMD-696,696 - Jacaranda,OMD,696,OMD-2025-0696,20.3,11.0,120.5,Jacaranda,8,2025,0
OMD-423,423 - Guachipelin,OMD,423,OMD-2025-0423,17.5,6.0,61.3,Guachipelin,141,2025,0
OMD-698,698 - Uruca,OMD,698,OMD-2025-0698,38.6,8.4,399.8,Uruca,359,2025,0
OMD-422,422 - Guachipelin,OMD,422,OMD-2025-0422,22.3,11.2,163.3,Guachipelin,141,2025,0
OMD-700,700 - Roble sabana,OMD,700,OMD-2025-0700,41.5,16.3,737.9,Roble sabana,6,2025,0
OMD-421,421 - Guachipelin,OMD,421,OMD-2025-0421,36.8,11.6,466.3,Guachipelin,141,2025,0
OMD-701,701 - Roble sabana,OMD,701,OMD-2025-0701,35.1,10.8,380.5,Roble sabana,6,2025,0
OMD-420,420 - Guachipelin,OMD,420,OMD-2025-0420,30.8,11.6,324.4,Guachipelin,141,2025,0
OMD-702,702 - Roble sabana,OMD,702,OMD-2025-0702,40.1,16.3,688.0,Roble sabana,6,2025,0
OMD-419,419 - Guachipelin,OMD,419,OMD-2025-0419,28.1,11.4,265.4,Guachipelin,141,2025,0
OMD-703,703 - chirca venenosa,OMD,703,OMD-2025-0703,14.3,6.0,40.6,chirca venenosa,355,2025,0
OMD-418,418 - Lorito,OMD,418,OMD-2025-0418,38.8,15.0,634.7,Lorito,114,2025,0
OMD-704,704 - chirca venenosa,OMD,704,OMD-2025-0704,24.0,6.0,116.7,chirca venenosa,355,2025,0
OMD-417,417 - Lorito,OMD,417,OMD-2025-0417,36.8,15.0,569.7,Lorito,114,2025,0
OMD-705,705 - chirca venenosa,OMD,705,OMD-2025-0705,19.0,6.0,72.5,chirca venenosa,355,2025,0
OMD-416,416 - Lorito,OMD,416,OMD-2025-0416,50.0,9.0,714.0,Lorito,114,2025,0
OMD-706,706 - Roble sabana,OMD,706,OMD-2025-0706,32.5,11.0,329.9,Roble sabana,6,2025,0
OMD-415,415 - Lorito,OMD,415,OMD-2025-0415,22.4,9.0,139.0,Lorito,114,2025,0
OMD-707,707 - Roble sabana,OMD,707,OMD-2025-0707,32.2,14.0,390.6,Roble sabana,6,2025,0
OMD-414,414 - Lorito,OMD,414,OMD-2025-0414,20.5,9.0,116.0,Lorito,114,2025,0
OMD-708,708 - Roble sabana,OMD,708,OMD-2025-0708,31.3,13.0,348.0,Roble sabana,6,2025,0
OMD-413,413 - Lorito,OMD,413,OMD-2025-0413,18.2,13.5,124.8,Lorito,114,2025,0
OMD-709,709 - Roble sabana,OMD,709,OMD-2025-0709,54.8,13.0,1090.8,Roble sabana,6,2025,0
OMD-412,412 - Lorito,OMD,412,OMD-2025-0412,21.7,13.5,178.7,Lorito,114,2025,0
OMD-710,710 - Lorito,OMD,710,OMD-2025-0710,21.4,9.0,126.6,Lorito,114,2025,0
OMD-411,411 - Lorito,OMD,411,OMD-2025-0411,34.7,13.5,465.6,Lorito,114,2025,0
OMD-713,713 - Roble sabana,OMD,713,OMD-2025-0713,41.3,17.3,765.4,Roble sabana,6,2025,0
OMD-410,410 - Lorito,OMD,410,OMD-2025-0410,45.0,9.6,606.6,Lorito,114,2025,0
OMD-714,714 - Roble sabana,OMD,714,OMD-2025-0714,48.0,16.0,978.6,Roble sabana,6,2025,0
OMD-715,715 - Jacaranda,OMD,715,OMD-2025-0715,47.8,16.1,930.1,Jacaranda,8,2025,0
OMD-409,409 - Lorito,OMD,409,OMD-2025-0409,32.9,16.3,483.7,Lorito,114,2025,0
OMD-716,716 - Guachipelin,OMD,716,OMD-2025-0716,44.1,12.1,697.1,Guachipelin,141,2025,0
OMD-408,408 - Targua,OMD,408,OMD-2025-0408,25.0,10.0,188.8,Targua,129,2025,0
OMD-717,717 - Guachipelin,OMD,717,OMD-2025-0717,26.6,12.1,248.6,Guachipelin,141,2025,0
OMD-406,406 - Níspero,OMD,406,OMD-2025-0406,22.0,5.0,84.8,Níspero,150,2025,0
OMD-718,718 - higuerón,OMD,718,OMD-2025-0718,37.8,15.0,601.8,higuerón,178,2025,0
OMD-405,405 - Aceituno,OMD,405,OMD-2025-0405,73.8,10.5,1784.3,Aceituno,328,2025,0
OMD-404,404 - dama,OMD,404,OMD-2025-0404,19.8,8.3,101.5,dama,101,2025,0
OMD-719,719 - Caoba,OMD,719,OMD-2025-0719,83.9,21.5,3797.8,Caoba,10,2025,0
OMD-403,403 - Casco de venado,OMD,403,OMD-2025-0403,24.8,8.4,162.1,Casco de venado,54,2025,0
OMD-720,720 - Cedro amargo,OMD,720,OMD-2025-0720,85.0,29.0,4858.3,Cedro amargo,9,2025,0
OMD-402,402 - Casco de venado,OMD,402,OMD-2025-0402,18.0,8.5,85.1,Casco de venado,54,2025,0
OMD-721,721 - Caoba,OMD,721,OMD-2025-0721,60.3,28.0,2378.4,Caoba,10,2025,0
OMD-400,400 - Casco de venado,OMD,400,OMD-2025-0400,15.1,6.2,46.5,Casco de venado,54,2025,0
OMD-399,399 - Casco de venado,OMD,399,OMD-2025-0399,17.1,8.2,74.5,Casco de venado,54,2025,0
OMD-722,722 - Caoba,OMD,722,OMD-2025-0722,53.5,20.9,1483.7,Caoba,10,2025,0
OMD-398,398 - Casco de venado,OMD,398,OMD-2025-0398,24.1,8.0,147.2,Casco de venado,54,2025,0
OMD-723,723 - Caoba,OMD,723,OMD-2025-0723,20.3,14.5,154.6,Caoba,10,2025,0
OMD-397,397 - Casco de venado,OMD,397,OMD-2025-0397,25.0,8.5,166.3,Casco de venado,54,2025,0
OMD-724,724 - Caoba,OMD,724,OMD-2025-0724,53.4,13.0,1021.1,Caoba,10,2025,0
OMD-396,396 - Casco de venado,OMD,396,OMD-2025-0396,19.9,8.8,107.3,Casco de venado,54,2025,0
OMD-725,725 - Cedro amargo,OMD,725,OMD-2025-0725,73.9,27.4,3493.9,Cedro amargo,9,2025,0
OMD-395,395 - Casco de venado,OMD,395,OMD-2025-0395,13.3,6.1,35.5,Casco de venado,54,2025,0
OMD-726,726 - Caoba,OMD,726,OMD-2025-0726,42.6,15.0,719.9,Caoba,10,2025,0
OMD-727,727 - Cedro amargo,OMD,727,OMD-2025-0727,62.4,22.8,2144.3,Cedro amargo,9,2025,0
OMD-394,394 - laurel de la india,OMD,394,OMD-2025-0394,31.8,11.6,346.2,laurel de la india,170,2025,0
OMD-728,728 - Caoba,OMD,728,OMD-2025-0728,50.3,22.0,1361.7,Caoba,10,2025,0
OMD-393,393 - Guayaba,OMD,393,OMD-2025-0393,18.0,6.2,66.6,Guayaba,297,2025,0
OMD-729,729 - Cedro amargo,OMD,729,OMD-2025-0729,61.9,25.0,2266.3,Cedro amargo,9,2025,0
OMD-392,392 - Jacaranda,OMD,392,OMD-2025-0392,55.7,20.0,1504.7,Jacaranda,8,2025,0
OMD-730,730 - Caoba,OMD,730,OMD-2025-0730,25.2,16.9,270.7,Caoba,10,2025,0
OMD-966,966 - itabo,OMD,966,OMD-2025-0966,12.9,4.6,26.7,itabo,380,2025,0
OMD-391,391 - Mango,OMD,391,OMD-2025-0391,23.6,7.4,117.8,Mango,14,2025,0
OMD-731,731 - Caoba,OMD,731,OMD-2025-0731,51.7,22.0,1440.1,Caoba,10,2025,0
OMD-390,390 - Mango,OMD,390,OMD-2025-0390,18.2,7.5,70.1,Mango,14,2025,0
OMD-732,732 - Caoba,OMD,732,OMD-2025-0732,84.2,26.0,4436.0,Caoba,10,2025,0
OMD-389,389 - Cenizaro,OMD,389,OMD-2025-0389,70.2,15.2,2149.4,Cenizaro,312,2025,0
OMD-733,733 - Caoba,OMD,733,OMD-2025-0733,21.5,14.9,177.5,Caoba,10,2025,0
OMD-388,388 - Roble sabana,OMD,388,OMD-2025-0388,60.7,18.8,1791.2,Roble sabana,6,2025,0
OMD-387,387 - Indio desnudo,OMD,387,OMD-2025-0387,51.0,10.6,845.9,Indio desnudo,62,2025,0
OMD-734,734 - Caoba,OMD,734,OMD-2025-0734,47.8,20.0,1139.4,Caoba,10,2025,0
OMD-386,386 - Indio desnudo,OMD,386,OMD-2025-0386,37.0,10.6,439.6,Indio desnudo,62,2025,0
OMD-735,735 - Caoba,OMD,735,OMD-2025-0735,44.0,20.0,962.2,Caoba,10,2025,0
OMD-47,47 - chilillo,OMD,47,OMD-2025-0047,16.8,7.5,67.1,chilillo,281,2025,0
OMD-559,559 - Roble sabana,OMD,559,OMD-2025-0559,72.0,16.0,2237.8,Roble sabana,6,2025,0
OMD-46,46 - chilillo,OMD,46,OMD-2025-0046,18.4,8.6,89.8,chilillo,281,2025,0
OMD-736,736 - Cedro amargo,OMD,736,OMD-2025-0736,70.5,19.0,2386.3,Cedro amargo,9,2025,0
OMD-737,737 - Caoba,OMD,737,OMD-2025-0737,38.7,15.6,610.3,Caoba,10,2025,0
OMD-738,738 - Cinamomun,OMD,738,OMD-2025-0738,67.8,18.0,2284.0,Cinamomun,99,2025,0
OMD-385,385 - Guachipelin,OMD,385,OMD-2025-0385,15.1,8.0,56.7,Guachipelin,141,2025,0
OMD-384,384 - Guachipelin,OMD,384,OMD-2025-0384,25.4,8.0,163.9,Guachipelin,141,2025,0
OMD-739,739 - Cedro amargo,OMD,739,OMD-2025-0739,97.8,25.7,5886.8,Cedro amargo,9,2025,0
OMD-553,553 - Mango,OMD,553,OMD-2025-0553,22.2,7.0,99.6,Mango,14,2025,0
OMD-381,381 - Mango,OMD,381,OMD-2025-0381,24.8,11.5,183.8,Mango,14,2025,0
OMD-740,740 - Cedro amargo,OMD,740,OMD-2025-0740,87.6,28.6,5110.6,Cedro amargo,9,2025,0
OMD-380,380 - Laurel negro,OMD,380,OMD-2025-0380,41.6,20.3,868.2,Laurel negro,11,2025,0
OMD-741,741 - Cedro amargo,OMD,741,OMD-2025-0741,123.3,32.0,11202.5,Cedro amargo,9,2025,0
OMD-379,379 - Manzana de agua,OMD,379,OMD-2025-0379,27.6,12.0,266.3,Manzana de agua,343,2025,0
OMD-378,378 - Manzana de agua,OMD,378,OMD-2025-0378,30.2,12.0,319.9,Manzana de agua,343,2025,0
OMD-742,742 - Guanabana,OMD,742,OMD-2025-0742,43.7,15.0,808.9,Guanabana,47,2025,0
OMD-377,377 - Jacaranda,OMD,377,OMD-2025-0377,33.5,14.0,404.0,Jacaranda,8,2025,0
OMD-743,743 - Roble sabana,OMD,743,OMD-2025-0743,36.7,13.0,481.5,Roble sabana,6,2025,0
OMD-376,376 - Cortez amarillo,OMD,376,OMD-2025-0376,17.5,8.9,83.3,Cortez amarillo,200,2025,0
OMD-744,744 - Uruca,OMD,744,OMD-2025-0744,20.4,9.3,117.8,Uruca,359,2025,0
OMD-552,552 - Mango,OMD,552,OMD-2025-0552,25.3,7.0,130.0,Mango,14,2025,0
OMD-375,375 - Cas,OMD,375,OMD-2025-0375,25.1,11.0,205.0,Cas,296,2025,0
OMD-745,745 - Guanacaste,OMD,745,OMD-2025-0745,33.2,13.4,396.5,Guanacaste,1,2025,0
OMD-374,374 - Cas,OMD,374,OMD-2025-0374,17.4,11.0,97.1,Cas,296,2025,0
OMD-373,373 - Cas,OMD,373,OMD-2025-0373,16.5,11.0,87.1,Cas,296,2025,0
OMD-748,748 - Mango,OMD,748,OMD-2025-0748,18.8,6.5,67.0,Mango,14,2025,0
OMD-372,372 - Guanacaste,OMD,372,OMD-2025-0372,88.1,21.0,4119.5,Guanacaste,1,2025,0
OMD-749,749 - Aguacate,OMD,749,OMD-2025-0749,29.0,9.3,241.5,Aguacate,279,2025,0
OMD-371,371 - Guayaba,OMD,371,OMD-2025-0371,20.0,8.5,105.5,Guayaba,297,2025,0
OMD-370,370 - Cas,OMD,370,OMD-2025-0370,21.1,11.0,143.9,Cas,296,2025,0
OMD-750,750 - Poro,OMD,750,OMD-2025-0750,65.4,18.0,2122.1,Poro,153,2025,0
OMD-551,551 - Mango,OMD,551,OMD-2025-0551,20.6,7.0,85.5,Mango,14,2025,0
OMD-369,369 - Lorito,OMD,369,OMD-2025-0369,27.9,12.5,281.0,Lorito,114,2025,0
OMD-751,751 - Poro,OMD,751,OMD-2025-0751,47.0,18.0,1081.7,Poro,153,2025,0
OMD-368,368 - Lorito,OMD,368,OMD-2025-0368,37.8,13.5,554.3,Lorito,114,2025,0
OMD-752,752 - Poro,OMD,752,OMD-2025-0752,54.9,18.0,1485.0,Poro,153,2025,0
OMD-364,364 - Mango,OMD,364,OMD-2025-0364,18.0,11.0,92.3,Mango,14,2025,0
OMD-753,753 - Mango,OMD,753,OMD-2025-0753,20.0,8.4,92.8,Mango,14,2025,0
OMD-363,363 - Uruca,OMD,363,OMD-2025-0363,30.6,15.0,391.0,Uruca,359,2025,0
OMD-754,754 - Mango,OMD,754,OMD-2025-0754,29.9,8.4,210.7,Mango,14,2025,0
OMD-362,362 - Mango,OMD,362,OMD-2025-0362,29.9,7.5,192.9,Mango,14,2025,0
OMD-755,755 - Mango,OMD,755,OMD-2025-0755,24.4,8.4,139.2,Mango,14,2025,0
OMD-361,361 - muñeco,OMD,361,OMD-2025-0361,47.2,8.0,580.1,muñeco,119,2025,0
OMD-756,756 - Cenizaro,OMD,756,OMD-2025-0756,54.8,16.0,1349.8,Cenizaro,312,2025,0
OMD-535,535 - Casco de venado,OMD,535,OMD-2025-0535,25.0,9.6,182.9,Casco de venado,54,2025,0
OMD-757,757 - Capulin,OMD,757,OMD-2025-0757,44.5,10.0,612.1,Capulin,256,2025,0
OMD-360,360 - Pitanga,OMD,360,OMD-2025-0360,14.9,10.2,66.7,Pitanga,167,2025,0
OMD-758,758 - Targua,OMD,758,OMD-2025-0758,17.9,5.0,55.7,Targua,129,2025,0
OMD-359,359 - Lorito,OMD,359,OMD-2025-0359,35.1,12.0,434.8,Lorito,114,2025,0
OMD-759,759 - Guanacaste,OMD,759,OMD-2025-0759,54.8,13.9,1134.1,Guanacaste,1,2025,0
OMD-762,762 - Roble sabana,OMD,762,OMD-2025-0762,31.9,8.5,259.8,Roble sabana,6,2025,0
OMD-358,358 - Mango,OMD,358,OMD-2025-0358,31.0,11.0,279.9,Mango,14,2025,0
OMD-763,763 - Guachipelin,OMD,763,OMD-2025-0763,28.2,12.1,280.0,Guachipelin,141,2025,0
OMD-355,355 - Madero Negro,OMD,355,OMD-2025-0355,26.2,15.3,289.3,Madero Negro,186,2025,0
OMD-354,354 - Guachipelin,OMD,354,OMD-2025-0354,40.4,11.5,560.4,Guachipelin,141,2025,0
OMD-764,764 - Guachipelin,OMD,764,OMD-2025-0764,28.0,12.1,276.0,Guachipelin,141,2025,0
OMD-353,353 - Guachipelin,OMD,353,OMD-2025-0353,56.0,11.9,1120.2,Guachipelin,141,2025,0
OMD-765,765 - Guachipelin,OMD,765,OMD-2025-0765,25.9,8.1,172.2,Guachipelin,141,2025,0
OMD-351,351 - Madero Negro,OMD,351,OMD-2025-0351,33.8,12.0,402.6,Madero Negro,186,2025,0
OMD-766,766 - Guachipelin,OMD,766,OMD-2025-0766,25.9,8.1,172.2,Guachipelin,141,2025,0
OMD-350,350 - muñeco,OMD,350,OMD-2025-0350,22.9,7.5,126.2,muñeco,119,2025,0
OMD-767,767 - Guachipelin,OMD,767,OMD-2025-0767,14.9,5.0,38.3,Guachipelin,141,2025,0
OMD-537,537 - Madero Negro,OMD,537,OMD-2025-0537,26.6,13.0,262.9,Madero Negro,186,2025,0
OMD-768,768 - Cortez amarillo,OMD,768,OMD-2025-0768,20.2,8.0,102.7,Cortez amarillo,200,2025,0
OMD-349,349 - muñeco,OMD,349,OMD-2025-0349,29.3,10.5,271.1,muñeco,119,2025,0
OMD-769,769 - Mango,OMD,769,OMD-2025-0769,19.1,7.0,73.3,Mango,14,2025,0
OMD-531,531 - Guachipelin,OMD,531,OMD-2025-0531,47.4,17.7,1086.2,Guachipelin,141,2025,0
OMD-348,348 - muñeco,OMD,348,OMD-2025-0348,31.0,10.5,304.1,muñeco,119,2025,0
OMD-770,770 - Guachipelin,OMD,770,OMD-2025-0770,32.0,8.0,262.5,Guachipelin,141,2025,0
OMD-347,347 - muñeco,OMD,347,OMD-2025-0347,29.1,10.9,275.2,muñeco,119,2025,0
OMD-771,771 - Guachipelin,OMD,771,OMD-2025-0771,26.1,10.5,214.1,Guachipelin,141,2025,0
OMD-346,346 - Vainillo,OMD,346,OMD-2025-0346,26.4,10.9,225.6,Vainillo,347,2025,0
OMD-772,772 - Guachipelin,OMD,772,OMD-2025-0772,17.0,8.2,73.7,Guachipelin,141,2025,0
OMD-345,345 - Jacaranda,OMD,345,OMD-2025-0345,24.0,11.1,170.8,Jacaranda,8,2025,0
OMD-773,773 - Guachipelin,OMD,773,OMD-2025-0773,21.5,8.2,118.9,Guachipelin,141,2025,0
OMD-536,536 - Casco de venado,OMD,536,OMD-2025-0536,21.2,9.6,130.7,Casco de venado,54,2025,0
OMD-344,344 - Mango,OMD,344,OMD-2025-0344,26.1,9.1,170.0,Mango,14,2025,0
OMD-774,774 - guabo machete,OMD,774,OMD-2025-0774,17.0,5.0,50.1,guabo machete,218,2025,0
OMD-528,528 - Mango,OMD,528,OMD-2025-0528,26.4,9.5,179.9,Mango,14,2025,0
OMD-343,343 - Mango,OMD,343,OMD-2025-0343,31.8,9.1,254.3,Mango,14,2025,0
OMD-775,"775 - cenizaro macho, guayaquil",OMD,775,OMD-2025-0775,39.6,10.3,493.7,"cenizaro macho, guayaquil",294,2025,0
OMD-342,342 - muñeco,OMD,342,OMD-2025-0342,43.5,12.0,673.5,muñeco,119,2025,0
OMD-1015,1015 - Yos,OMD,1015,OMD-2025-1015,30.2,5.0,161.8,Yos,315,2025,0
OMD-776,776 - Vainillo,OMD,776,OMD-2025-0776,14.3,5.0,35.2,Vainillo,347,2025,0
OMD-340,340 - Guachipelin,OMD,340,OMD-2025-0340,24.5,12.1,210.2,Guachipelin,141,2025,0
OMD-777,777 - Mango,OMD,777,OMD-2025-0777,17.6,7.3,64.1,Mango,14,2025,0
OMD-339,339 - Guachipelin,OMD,339,OMD-2025-0339,21.6,12.1,162.5,Guachipelin,141,2025,0
OMD-778,778 - Mango,OMD,778,OMD-2025-0778,15.9,7.3,52.1,Mango,14,2025,0
OMD-338,338 - Guachipelin,OMD,338,OMD-2025-0338,21.6,12.1,162.5,Guachipelin,141,2025,0
OMD-779,779 - Pino,OMD,779,OMD-2025-0779,83.6,31.0,5348.0,Pino,282,2025,0
OMD-335,335 - Roble sabana,OMD,335,OMD-2025-0335,48.6,14.0,904.6,Roble sabana,6,2025,0
OMD-781,781 - Guachipelin,OMD,781,OMD-2025-0781,58.1,14.0,1370.5,Guachipelin,141,2025,0
OMD-334,334 - Roble sabana,OMD,334,OMD-2025-0334,66.3,15.5,1845.1,Roble sabana,6,2025,0
OMD-333,333 - Guayaba,OMD,333,OMD-2025-0333,16.3,6.0,53.0,Guayaba,297,2025,0
OMD-816,816 - Roble sabana,OMD,816,OMD-2025-0816,31.1,8.8,253.4,Roble sabana,6,2025,0
OMD-782,782 - Guachipelin,OMD,782,OMD-2025-0782,59.0,18.0,1720.0,Guachipelin,141,2025,0
OMD-518,518 - higuerón,OMD,518,OMD-2025-0518,65.1,13.0,1631.6,higuerón,175,2025,0
OMD-332,332 - Espavel,OMD,332,OMD-2025-0332,39.3,14.8,612.5,Espavel,13,2025,0
OMD-783,783 - Guachipelin,OMD,783,OMD-2025-0783,35.5,10.0,386.0,Guachipelin,141,2025,0
OMD-331,331 - Cenizaro,OMD,331,OMD-2025-0331,47.8,14.9,966.3,Cenizaro,312,2025,0
OMD-784,784 - Guayaba,OMD,784,OMD-2025-0784,19.3,7.5,89.0,Guayaba,297,2025,0
OMD-330,330 - Cas,OMD,330,OMD-2025-0330,19.2,10.9,117.8,Cas,296,2025,0
OMD-785,785 - higuerón,OMD,785,OMD-2025-0785,42.5,16.0,803.7,higuerón,175,2025,0
OMD-45,45 - chilillo,OMD,45,OMD-2025-0045,20.8,8.5,114.3,chilillo,281,2025,0
OMD-329,329 - Roble sabana,OMD,329,OMD-2025-0329,52.2,16.8,1206.2,Roble sabana,6,2025,0
OMD-786,786 - higuerón,OMD,786,OMD-2025-0786,56.1,19.0,1618.7,higuerón,175,2025,0
OMD-328,328 - Mango,OMD,328,OMD-2025-0328,16.8,5.8,48.7,Mango,14,2025,0
OMD-787,787 - Mango,OMD,787,OMD-2025-0787,24.5,10.0,160.8,Mango,14,2025,0
OMD-327,327 - Nogal,OMD,327,OMD-2025-0327,34.9,11.8,424.2,Nogal,226,2025,0
OMD-788,788 - Mango,OMD,788,OMD-2025-0788,24.5,10.0,160.8,Mango,14,2025,0
OMD-326,326 - Jocote,OMD,326,OMD-2025-0326,27.8,11.5,261.4,Jocote,333,2025,0
OMD-789,789 - Uruca,OMD,789,OMD-2025-0789,47.0,13.0,839.5,Uruca,359,2025,0
OMD-325,325 - Jocote,OMD,325,OMD-2025-0325,25.2,11.5,214.0,Jocote,333,2025,0
OMD-790,790 - Uruca,OMD,790,OMD-2025-0790,29.3,13.0,320.2,Uruca,359,2025,0
OMD-791,791 - Nogal,OMD,791,OMD-2025-0791,51.5,19.0,1359.5,Nogal,226,2025,0
OMD-324,324 - Jocote,OMD,324,OMD-2025-0324,29.1,11.5,287.0,Jocote,333,2025,0
OMD-323,323 - Cedro amargo,OMD,323,OMD-2025-0323,46.1,23.6,1187.8,Cedro amargo,9,2025,0
OMD-792,792 - Nogal,OMD,792,OMD-2025-0792,72.0,18.5,2637.6,Nogal,226,2025,0
OMD-322,322 - Cedro amargo,OMD,322,OMD-2025-0322,36.2,18.0,587.4,Cedro amargo,9,2025,0
OMD-321,321 - Cedro amargo,OMD,321,OMD-2025-0321,31.6,20.4,490.8,Cedro amargo,9,2025,0
OMD-793,793 - Uruca,OMD,793,OMD-2025-0793,15.5,6.0,47.8,Uruca,359,2025,0
OMD-320,320 - Cedro amargo,OMD,320,OMD-2025-0320,36.7,20.4,665.9,Cedro amargo,9,2025,0
OMD-794,794 - Nogal,OMD,794,OMD-2025-0794,65.3,18.2,2133.8,Nogal,226,2025,0
OMD-319,319 - Mango,OMD,319,OMD-2025-0319,20.0,10.2,107.9,Mango,14,2025,0
OMD-843,843 - chilillo,OMD,843,OMD-2025-0843,13.3,8.2,44.6,chilillo,281,2025,0
OMD-318,318 - Cedro amargo,OMD,318,OMD-2025-0318,24.8,17.8,269.2,Cedro amargo,9,2025,0
OMD-844,844 - Guayaba,OMD,844,OMD-2025-0844,17.0,10.0,86.0,Guayaba,297,2025,0
OMD-317,317 - Cedro amargo,OMD,317,OMD-2025-0317,41.6,17.8,773.3,Cedro amargo,9,2025,0
OMD-795,795 - Nogal,OMD,795,OMD-2025-0795,53.5,13.2,1106.4,Nogal,226,2025,0
OMD-316,316 - Cedro amargo,OMD,316,OMD-2025-0316,52.0,21.5,1412.2,Cedro amargo,9,2025,0
OMD-1447,1447 - Casco de venado,OMD,1447,OMD-2025-1447,14.4,11.0,66.0,Casco de venado,54,2025,0
OMD-796,796 - Mango,OMD,796,OMD-2025-0796,27.2,10.0,199.0,Mango,14,2025,0
OMD-315,315 - Cedro amargo,OMD,315,OMD-2025-0315,63.6,21.7,2145.0,Cedro amargo,9,2025,0
OMD-314,314 - Roble sabana,OMD,314,OMD-2025-0314,52.2,21.7,1472.4,Roble sabana,6,2025,0
OMD-313,313 - Uruca,OMD,313,OMD-2025-0313,19.5,11.0,122.5,Uruca,359,2025,0
OMD-311,311 - Cedro amargo,OMD,311,OMD-2025-0311,76.3,22.6,3209.7,Cedro amargo,9,2025,0
OMD-310,310 - Roble sabana,OMD,310,OMD-2025-0310,50.0,14.0,958.5,Roble sabana,6,2025,0
OMD-797,797 - Mango,OMD,797,OMD-2025-0797,27.0,10.0,196.0,Mango,14,2025,0
OMD-309,309 - Cedro amargo,OMD,309,OMD-2025-0309,39.2,18.0,691.0,Cedro amargo,9,2025,0
OMD-308,308 - Cinamomun,OMD,308,OMD-2025-0308,26.7,12.6,258.5,Cinamomun,99,2025,0
OMD-307,"307 - cenizaro macho, guayaquil",OMD,307,OMD-2025-0307,49.9,9.6,749.0,"cenizaro macho, guayaquil",294,2025,0
OMD-306,306 - Roble sabana,OMD,306,OMD-2025-0306,23.2,10.0,154.0,Roble sabana,6,2025,0
OMD-305,305 - Roble sabana,OMD,305,OMD-2025-0305,42.3,17.7,818.1,Roble sabana,6,2025,0
OMD-798,798 - Uruca,OMD,798,OMD-2025-0798,21.8,10.2,145.0,Uruca,359,2025,0
OMD-304,304 - Cedro amargo,OMD,304,OMD-2025-0304,55.5,21.0,1583.6,Cedro amargo,9,2025,0
OMD-303,303 - Guachipelin,OMD,303,OMD-2025-0303,41.2,11.0,563.4,Guachipelin,141,2025,0
OMD-302,302 - Guachipelin,OMD,302,OMD-2025-0302,43.8,11.0,638.3,Guachipelin,141,2025,0
OMD-301,301 - almendro montaña,OMD,301,OMD-2025-0301,21.4,17.0,207.9,almendro montaña,142,2025,0
OMD-300,300 - Yos,OMD,300,OMD-2025-0300,28.7,12.0,288.4,Yos,315,2025,0
OMD-299,299 - Guayaba,OMD,299,OMD-2025-0299,12.7,12.0,54.7,Guayaba,297,2025,0
OMD-298,298 - matasano,OMD,298,OMD-2025-0298,17.8,16.5,139.5,matasano,79,2025,0
OMD-800,800 - Nogal,OMD,800,OMD-2025-0800,71.9,15.0,2233.7,Nogal,226,2025,0
OMD-296,296 - Guanacaste,OMD,296,OMD-2025-0296,100.0,22.7,5667.9,Guanacaste,1,2025,0
OMD-295,295 - Guaitil,OMD,295,OMD-2025-0295,16.4,8.2,68.4,Guaitil,185,2025,0
OMD-292,292 - Uruca,OMD,292,OMD-2025-0292,16.7,10.7,87.4,Uruca,359,2025,0
OMD-291,291 - Higuerón,OMD,291,OMD-2025-0291,36.6,15.0,563.4,Higuerón,180,2025,0
OMD-290,290 - palo colorado,OMD,290,OMD-2025-0290,13.8,12.0,64.8,palo colorado,125,2025,0
OMD-801,801 - Guachipelin,OMD,801,OMD-2025-0801,44.3,10.3,620.6,Guachipelin,141,2025,0
OMD-289,289 - palo colorado,OMD,289,OMD-2025-0289,17.7,12.0,107.6,palo colorado,125,2025,0
OMD-288,288 - palo colorado,OMD,288,OMD-2025-0288,18.9,13.5,134.8,palo colorado,125,2025,0
OMD-287,287 - palo colorado,OMD,287,OMD-2025-0287,12.4,12.0,52.1,palo colorado,125,2025,0
OMD-286,286 - ciprés,OMD,286,OMD-2025-0286,32.7,18.0,516.1,ciprés,135,2025,0
OMD-802,802 - Roble sabana,OMD,802,OMD-2025-0802,25.4,8.6,164.7,Roble sabana,6,2025,0
OMD-285,285 - Cocobolo,OMD,285,OMD-2025-0285,32.6,12.0,374.0,Cocobolo,136,2025,0
OMD-284,284 - Cocobolo,OMD,284,OMD-2025-0284,28.2,12.0,278.2,Cocobolo,136,2025,0
OMD-283,283 - palo colorado,OMD,283,OMD-2025-0283,16.0,14.7,102.6,palo colorado,125,2025,0
OMD-803,803 - Uruca,OMD,803,OMD-2025-0803,16.3,8.9,72.1,Uruca,359,2025,0
OMD-282,282 - palo colorado,OMD,282,OMD-2025-0282,26.4,14.7,284.8,palo colorado,125,2025,0
OMD-281,281 - palo colorado,OMD,281,OMD-2025-0281,19.9,14.2,155.8,palo colorado,125,2025,0
OMD-280,280 - Cedro amargo,OMD,280,OMD-2025-0280,43.8,20.5,958.9,Cedro amargo,9,2025,0
OMD-278,278 - chilillo,OMD,278,OMD-2025-0278,21.4,17.0,207.9,chilillo,281,2025,0
OMD-276,276 - Laurel negro,OMD,276,OMD-2025-0276,46.3,17.0,940.7,Laurel negro,11,2025,0
OMD-804,804 - Guitite,OMD,804,OMD-2025-0804,15.2,8.3,59.2,Guitite,35,2025,0
OMD-275,275 - ciprés,OMD,275,OMD-2025-0275,18.4,13.1,124.7,ciprés,135,2025,0
OMD-274,274 - ciprés,OMD,274,OMD-2025-0274,18.9,13.1,131.7,ciprés,135,2025,0
OMD-273,273 - ciprés,OMD,273,OMD-2025-0273,50.0,16.7,1157.6,ciprés,135,2025,0
OMD-805,805 - Casco de venado,OMD,805,OMD-2025-0805,16.3,3.0,30.9,Casco de venado,54,2025,0
OMD-272,272 - Velo de novia,OMD,272,OMD-2025-0272,14.9,7.0,49.8,Velo de novia,306,2025,0
OMD-268,268 - Velo de novia,OMD,268,OMD-2025-0268,21.2,11.0,145.3,Velo de novia,306,2025,0
OMD-267,267 - ciprés,OMD,267,OMD-2025-0267,32.2,17.2,482.7,ciprés,135,2025,0
OMD-806,806 - Llama del bosque,OMD,806,OMD-2025-0806,51.8,12.3,980.4,Llama del bosque,331,2025,0
OMD-266,266 - ciprés,OMD,266,OMD-2025-0266,39.0,12.0,539.0,ciprés,135,2025,0
OMD-265,265 - ciprés,OMD,265,OMD-2025-0265,35.0,18.0,592.8,ciprés,135,2025,0
OMD-807,807 - Uruca,OMD,807,OMD-2025-0807,17.1,10.2,88.4,Uruca,359,2025,0
OMD-263,263 - ciprés,OMD,263,OMD-2025-0263,18.4,13.2,125.4,ciprés,135,2025,0
OMD-262,262 - ciprés,OMD,262,OMD-2025-0262,27.4,13.2,282.6,ciprés,135,2025,0
OMD-260,260 - Uruca,OMD,260,OMD-2025-0260,16.7,9.5,79.7,Uruca,359,2025,0
OMD-808,808 - Uruca,OMD,808,OMD-2025-0808,15.4,10.2,71.4,Uruca,359,2025,0
OMD-259,259 - Mango,OMD,259,OMD-2025-0259,18.4,9.5,86.1,Mango,14,2025,0
OMD-258,258 - Mango,OMD,258,OMD-2025-0258,16.8,9.5,71.6,Mango,14,2025,0
OMD-257,257 - Mango,OMD,257,OMD-2025-0257,17.9,9.5,81.4,Mango,14,2025,0
OMD-867,867 - canelo,OMD,867,OMD-2025-0867,16.2,8.4,68.0,canelo,273,2025,0
OMD-256,256 - Mango,OMD,256,OMD-2025-0256,23.0,9.5,135.8,Mango,14,2025,0
OMD-254,254 - Roble sabana,OMD,254,OMD-2025-0254,38.3,12.0,493.5,Roble sabana,6,2025,0
OMD-1446,1446 - Casco de venado,OMD,1446,OMD-2025-1446,13.7,11.0,59.6,Casco de venado,54,2025,0
OMD-809,809 - Uruca,OMD,809,OMD-2025-0809,14.5,10.2,63.1,Uruca,359,2025,0
OMD-810,810 - Uruca,OMD,810,OMD-2025-0810,13.2,10.2,52.1,Uruca,359,2025,0
OMD-811,811 - Poro,OMD,811,OMD-2025-0811,50.2,5.0,441.9,Poro,3,2025,0
OMD-812,812 - Roble sabana,OMD,812,OMD-2025-0812,28.6,11.6,264.9,Roble sabana,6,2025,0
OMD-813,813 - Roble sabana,OMD,813,OMD-2025-0813,30.8,11.6,308.1,Roble sabana,6,2025,0
OMD-815,815 - Guitite,OMD,815,OMD-2025-0815,21.5,5.2,83.4,Guitite,35,2025,0
OMD-817,817 - Uruca,OMD,817,OMD-2025-0817,23.8,5.0,99.5,Uruca,359,2025,0
OMD-818,818 - Uruca,OMD,818,OMD-2025-0818,15.8,5.0,43.1,Uruca,359,2025,0
OMD-819,819 - Jacaranda,OMD,819,OMD-2025-0819,20.4,5.0,65.9,Jacaranda,8,2025,0
OMD-820,820 - Guitite,OMD,820,OMD-2025-0820,18.6,10.8,109.7,Guitite,35,2025,0
OMD-821,821 - Guitite,OMD,821,OMD-2025-0821,11.6,5.0,23.0,Guitite,35,2025,0
OMD-822,822 - Casco de venado,OMD,822,OMD-2025-0822,10.8,6.3,23.8,Casco de venado,54,2025,0
OMD-823,823 - Uruca,OMD,823,OMD-2025-0823,19.5,5.0,66.3,Uruca,359,2025,0
OMD-824,824 - itabo,OMD,824,OMD-2025-0824,20.0,6.5,85.6,itabo,380,2025,0
OMD-825,825 - itabo,OMD,825,OMD-2025-0825,14.1,6.5,42.0,itabo,380,2025,0
OMD-826,826 - itabo,OMD,826,OMD-2025-0826,14.7,6.5,45.7,itabo,380,2025,0
OMD-827,827 - Guayaba,OMD,827,OMD-2025-0827,15.8,9.8,72.9,Guayaba,297,2025,0
OMD-828,828 - Guayaba,OMD,828,OMD-2025-0828,15.5,9.8,70.1,Guayaba,297,2025,0
OMD-829,829 - Guayaba,OMD,829,OMD-2025-0829,15.6,9.8,71.0,Guayaba,297,2025,0
OMD-830,830 - Guayaba,OMD,830,OMD-2025-0830,15.5,9.8,70.1,Guayaba,297,2025,0
OMD-1014,1014 - Guachipelin,OMD,1014,OMD-2025-1014,80.5,19.6,3464.3,Guachipelin,141,2025,0
OMD-1693,1693 - Guayaba,OMD,1693,OMD-2025-1693,11.2,78.0,181.8,Guayaba,297,2025,0
OMD-831,831 - Guayaba,OMD,831,OMD-2025-0831,14.8,9.8,63.8,Guayaba,297,2025,0
OMD-832,832 - Guayaba,OMD,832,OMD-2025-0832,12.8,9.8,47.4,Guayaba,297,2025,0
OMD-833,833 - Yos,OMD,833,OMD-2025-0833,12.5,8.2,39.3,Yos,315,2025,0
OMD-834,834 - Mango,OMD,834,OMD-2025-0834,11.4,5.5,21.2,Mango,14,2025,0
OMD-837,837 - Cinamomun,OMD,837,OMD-2025-0837,27.0,10.1,222.6,Cinamomun,99,2025,0
OMD-838,838 - Uruca,OMD,838,OMD-2025-0838,14.0,8.3,50.0,Uruca,359,2025,0
OMD-839,839 - Uruca,OMD,839,OMD-2025-0839,17.4,8.3,78.0,Uruca,359,2025,0
OMD-840,840 - matasano,OMD,840,OMD-2025-0840,20.1,11.8,137.6,matasano,79,2025,0
OMD-841,841 - Roble sabana,OMD,841,OMD-2025-0841,18.5,7.5,77.6,Roble sabana,6,2025,0
OMD-842,842 - Roble sabana,OMD,842,OMD-2025-0842,25.0,9.1,166.7,Roble sabana,6,2025,0
OMD-845,845 - Guitite,OMD,845,OMD-2025-0845,15.4,8.0,59.1,Guitite,35,2025,0
OMD-846,846 - Guitite,OMD,846,OMD-2025-0846,14.8,8.0,54.5,Guitite,35,2025,0
OMD-848,848 - Yos,OMD,848,OMD-2025-0848,15.4,8.1,59.6,Yos,315,2025,0
OMD-849,849 - Yos,OMD,849,OMD-2025-0849,12.4,8.1,38.3,Yos,315,2025,0
OMD-850,850 - Yos,OMD,850,OMD-2025-0850,14.6,8.1,53.5,Yos,315,2025,0
OMD-851,851 - cerezo,OMD,851,OMD-2025-0851,13.0,8.2,42.6,cerezo,61,2025,0
OMD-852,852 - cerezo,OMD,852,OMD-2025-0852,12.2,8.2,37.4,cerezo,61,2025,0
OMD-855,855 - Cinamomun,OMD,855,OMD-2025-0855,23.9,10.2,174.9,Cinamomun,99,2025,0
OMD-856,856 - cerezo,OMD,856,OMD-2025-0856,13.2,10.2,52.1,cerezo,61,2025,0
OMD-857,857 - cerezo,OMD,857,OMD-2025-0857,13.1,10.2,51.3,cerezo,61,2025,0
OMD-858,858 - cerezo,OMD,858,OMD-2025-0858,12.4,10.2,45.9,cerezo,61,2025,0
OMD-859,859 - cerezo,OMD,859,OMD-2025-0859,13.0,10.4,51.3,cerezo,61,2025,0
OMD-861,861 - Guitite,OMD,861,OMD-2025-0861,12.3,5.0,25.9,Guitite,35,2025,0
OMD-1593,1593 - Guitite,OMD,1593,OMD-2025-1593,11.8,8.0,34.3,Guitite,35,2025,0
OMD-862,862 - Guitite,OMD,862,OMD-2025-0862,18.2,8.5,87.1,Guitite,35,2025,0
OMD-863,863 - Vainillo,OMD,863,OMD-2025-0863,17.9,7.1,73.1,Vainillo,347,2025,0
OMD-864,864 - Vainillo,OMD,864,OMD-2025-0864,18.9,7.1,81.7,Vainillo,347,2025,0
OMD-865,865 - Madero Negro,OMD,865,OMD-2025-0865,12.8,5.0,28.1,Madero Negro,186,2025,0
OMD-866,866 - Madero Negro,OMD,866,OMD-2025-0866,12.9,19.8,83.4,Madero Negro,186,2025,0
OMD-868,868 - Jacaranda,OMD,868,OMD-2025-0868,22.4,10.0,136.8,Jacaranda,8,2025,0
OMD-869,869 - Jacaranda,OMD,869,OMD-2025-0869,17.8,5.0,49.9,Jacaranda,8,2025,0
OMD-871,871 - Sota caballo,OMD,871,OMD-2025-0871,15.5,8.3,61.6,Sota caballo,386,2025,0
OMD-872,872 - Sota caballo,OMD,872,OMD-2025-0872,12.8,8.3,41.7,Sota caballo,386,2025,0
OMD-873,873 - Sota caballo,OMD,873,OMD-2025-0873,13.4,8.3,45.8,Sota caballo,386,2025,0
OMD-874,874 - Sota caballo,OMD,874,OMD-2025-0874,11.2,8.3,31.7,Sota caballo,386,2025,0
OMD-875,"875 - calistemón, hisopo",OMD,875,OMD-2025-0875,14.8,9.6,62.8,"calistemón, hisopo",69,2025,0
OMD-876,"876 - calistemón, hisopo",OMD,876,OMD-2025-0876,15.5,9.6,69.0,"calistemón, hisopo",69,2025,0
OMD-877,"877 - calistemón, hisopo",OMD,877,OMD-2025-0877,12.7,9.6,45.9,"calistemón, hisopo",69,2025,0
OMD-878,"878 - calistemón, hisopo",OMD,878,OMD-2025-0878,16.5,8.5,71.3,"calistemón, hisopo",69,2025,0
OMD-879,"879 - calistemón, hisopo",OMD,879,OMD-2025-0879,14.5,8.5,54.8,"calistemón, hisopo",69,2025,0
OMD-880,880 - Uruca,OMD,880,OMD-2025-0880,17.5,7.0,69.1,Uruca,359,2025,0
OMD-881,881 - sauco,OMD,881,OMD-2025-0881,13.5,5.2,32.3,sauco,313,2025,0
OMD-1692,1692 - Guayaba,OMD,1692,OMD-2025-1692,13.6,7.0,41.3,Guayaba,297,2025,0
OMD-882,882 - Mango,OMD,882,OMD-2025-0882,20.3,6.4,77.4,Mango,14,2025,0
OMD-883,883 - Mango,OMD,883,OMD-2025-0883,12.0,6.4,26.5,Mango,14,2025,0
OMD-884,884 - itabo,OMD,884,OMD-2025-0884,16.2,1.9,21.4,itabo,380,2025,0
OMD-885,885 - Uruca,OMD,885,OMD-2025-0885,31.2,12.0,341.9,Uruca,359,2025,0
OMD-886,886 - Velo de novia,OMD,886,OMD-2025-0886,11.7,9.3,37.9,Velo de novia,306,2025,0
OMD-887,887 - higuerón,OMD,887,OMD-2025-0887,12.9,2.7,17.7,higuerón,175,2025,0
OMD-888,888 - higuerón,OMD,888,OMD-2025-0888,13.9,5.6,36.3,higuerón,175,2025,0
OMD-889,889 - guaba,OMD,889,OMD-2025-0889,19.3,10.6,116.5,guaba,216,2025,0
OMD-890,890 - Roble sabana,OMD,890,OMD-2025-0890,16.8,9.5,76.6,Roble sabana,6,2025,0
OMD-892,892 - Casco de venado,OMD,892,OMD-2025-0892,13.8,5.0,32.7,Casco de venado,54,2025,0
OMD-1691,1691 - Guayaba,OMD,1691,OMD-2025-1691,15.4,7.0,53.2,Guayaba,297,2025,0
OMD-893,893 - itabo,OMD,893,OMD-2025-0893,25.8,5.0,117.3,itabo,380,2025,0
OMD-894,894 - itabo,OMD,894,OMD-2025-0894,14.2,4.7,33.1,itabo,380,2025,0
OMD-895,895 - Guachipelin,OMD,895,OMD-2025-0895,12.8,6.0,32.4,Guachipelin,141,2025,0
OMD-896,896 - Guayaba,OMD,896,OMD-2025-0896,12.9,5.5,30.7,Guayaba,297,2025,0
OMD-897,897 - itabo,OMD,897,OMD-2025-0897,14.3,5.0,35.2,itabo,380,2025,0
OMD-898,898 - itabo,OMD,898,OMD-2025-0898,12.0,5.0,24.6,itabo,380,2025,0
OMD-900,900 - itabo,OMD,900,OMD-2025-0900,15.4,5.0,41.0,itabo,380,2025,0
OMD-1655,1655 - Guachipelin,OMD,1655,OMD-2025-1655,21.0,6.0,88.9,Guachipelin,141,2025,0
OMD-1654,1654 - Guachipelin,OMD,1654,OMD-2025-1654,29.0,7.0,193.6,Guachipelin,141,2025,0
OMD-901,901 - itabo,OMD,901,OMD-2025-0901,10.4,5.0,18.4,itabo,380,2025,0
OMD-1653,1653 - Guachipelin,OMD,1653,OMD-2025-1653,24.6,7.2,141.4,Guachipelin,141,2025,0
OMD-902,902 - itabo,OMD,902,OMD-2025-0902,13.8,5.0,32.7,itabo,380,2025,0
OMD-1652,1652 - Llama del bosque,OMD,1652,OMD-2025-1652,55.2,13.5,1200.1,Llama del bosque,331,2025,0
OMD-1651,1651 - Nogal,OMD,1651,OMD-2025-1651,46.0,22.2,1219.0,Nogal,226,2025,0
OMD-903,903 - itabo,OMD,903,OMD-2025-0903,17.8,5.0,55.0,itabo,380,2025,0
OMD-904,904 - Guachipelin,OMD,904,OMD-2025-0904,16.7,9.5,79.7,Guachipelin,141,2025,0
OMD-1649,1649 - Guayaba,OMD,1649,OMD-2025-1649,14.3,6.0,40.6,Guayaba,297,2025,0
OMD-1648,1648 - Uruca,OMD,1648,OMD-2025-1648,17.4,7.0,68.3,Uruca,359,2025,0
OMD-905,905 - Guachipelin,OMD,905,OMD-2025-0905,15.8,9.5,71.1,Guachipelin,141,2025,0
OMD-1647,1647 - Uruca,OMD,1647,OMD-2025-1647,16.8,6.7,61.4,Uruca,359,2025,0
OMD-1646,1646 - Uruca,OMD,1646,OMD-2025-1646,13.2,8.2,44.0,Uruca,359,2025,0
OMD-906,906 - Uruca,OMD,906,OMD-2025-0906,12.2,6.3,30.5,Uruca,359,2025,0
OMD-1645,1645 - Uruca,OMD,1645,OMD-2025-1645,25.5,8.2,168.4,Uruca,359,2025,0
OMD-1644,1644 - Uruca,OMD,1644,OMD-2025-1644,11.7,5.0,23.4,Uruca,359,2025,0
OMD-907,907 - Guayaba,OMD,907,OMD-2025-0907,13.0,6.3,34.7,Guayaba,297,2025,0
OMD-1643,1643 - Uruca,OMD,1643,OMD-2025-1643,14.8,5.0,37.8,Uruca,359,2025,0
OMD-1642,1642 - Uruca,OMD,1642,OMD-2025-1642,13.8,9.4,53.5,Uruca,359,2025,0
OMD-908,908 - Cinamomun,OMD,908,OMD-2025-0908,19.3,11.0,119.9,Cinamomun,99,2025,0
OMD-1641,1641 - Uruca,OMD,1641,OMD-2025-1641,11.8,9.4,38.9,Uruca,359,2025,0
OMD-909,909 - Velo de novia,OMD,909,OMD-2025-0909,13.3,9.4,49.7,Velo de novia,306,2025,0
OMD-1640,1640 - Uruca,OMD,1640,OMD-2025-1640,15.7,7.3,57.2,Uruca,359,2025,0
OMD-1639,1639 - Uruca,OMD,1639,OMD-2025-1639,14.8,9.0,59.7,Uruca,359,2025,0
OMD-910,910 - Velo de novia,OMD,910,OMD-2025-0910,11.5,9.4,36.9,Velo de novia,306,2025,0
OMD-1669,1669 - Mango,OMD,1669,OMD-2025-1669,14.8,6.0,38.6,Mango,14,2025,0
OMD-1638,1638 - Uruca,OMD,1638,OMD-2025-1638,18.4,9.2,94.7,Uruca,359,2025,0
OMD-911,911 - ortiga,OMD,911,OMD-2025-0911,13.5,5.2,32.3,ortiga,365,2025,0
OMD-1668,1668 - Mango,OMD,1668,OMD-2025-1668,17.7,7.7,67.6,Mango,14,2025,0
OMD-1637,1637 - Uruca,OMD,1637,OMD-2025-1637,15.9,9.5,72.1,Uruca,359,2025,0
OMD-912,912 - jícaro,OMD,912,OMD-2025-0912,11.9,5.5,26.1,jícaro,127,2025,0
OMD-1667,1667 - Guayaba,OMD,1667,OMD-2025-1667,13.3,6.0,35.0,Guayaba,297,2025,0
OMD-1636,1636 - Uruca,OMD,1636,OMD-2025-1636,19.0,9.0,99.4,Uruca,359,2025,0
OMD-913,913 - jícaro,OMD,913,OMD-2025-0913,11.7,6.0,26.9,jícaro,127,2025,0
OMD-1666,1666 - Yos,OMD,1666,OMD-2025-1666,14.0,9.4,55.1,Yos,315,2025,0
OMD-1635,1635 - Uruca,OMD,1635,OMD-2025-1635,16.6,9.5,78.7,Uruca,359,2025,0
OMD-914,914 - Yos,OMD,914,OMD-2025-0914,13.5,12.1,62.3,Yos,315,2025,0
OMD-1665,1665 - Roble sabana,OMD,1665,OMD-2025-1665,11.9,9.3,37.3,Roble sabana,6,2025,0
OMD-915,915 - Guayaba,OMD,915,OMD-2025-0915,11.0,6.0,23.8,Guayaba,297,2025,0
OMD-1634,1634 - Uruca,OMD,1634,OMD-2025-1634,17.1,9.0,80.1,Uruca,359,2025,0
OMD-1664,1664 - Uruca,OMD,1664,OMD-2025-1664,12.7,10.2,48.2,Uruca,359,2025,0
OMD-916,916 - Guayaba,OMD,916,OMD-2025-0916,12.9,6.0,32.9,Guayaba,297,2025,0
OMD-1633,1633 - chirca venenosa,OMD,1633,OMD-2025-1633,12.2,8.0,36.7,chirca venenosa,355,2025,0
OMD-1663,1663 - Uruca,OMD,1663,OMD-2025-1663,15.2,10.3,70.0,Uruca,359,2025,0
OMD-917,917 - quitirrí,OMD,917,OMD-2025-0917,14.2,5.8,39.0,quitirrí,230,2025,0
OMD-1632,1632 - chirca venenosa,OMD,1632,OMD-2025-1632,12.0,8.0,35.5,chirca venenosa,355,2025,0
OMD-1662,1662 - Guachipelin,OMD,1662,OMD-2025-1662,15.0,5.7,43.0,Guachipelin,141,2025,0
OMD-918,918 - Targua,OMD,918,OMD-2025-0918,13.7,8.0,46.5,Targua,129,2025,0
OMD-1631,1631 - Cortez amarillo,OMD,1631,OMD-2025-1631,19.3,6.0,74.8,Cortez amarillo,200,2025,0
OMD-1661,1661 - Lorito,OMD,1661,OMD-2025-1661,27.5,4.0,112.3,Lorito,114,2025,0
OMD-919,919 - Mango,OMD,919,OMD-2025-0919,13.0,7.3,34.5,Mango,14,2025,0
OMD-1630,"1630 - mabolo, zapote negro",OMD,1630,OMD-2025-1630,19.8,10.0,117.3,"mabolo, zapote negro",140,2025,0
OMD-1660,1660 - Lorito,OMD,1660,OMD-2025-1660,20.7,3.5,56.7,Lorito,114,2025,0
OMD-920,920 - Mango,OMD,920,OMD-2025-0920,13.1,7.3,35.1,Mango,14,2025,0
OMD-1629,1629 - Uruca,OMD,1629,OMD-2025-1629,12.5,9.0,42.3,Uruca,359,2025,0
OMD-1659,1659 - Lorito,OMD,1659,OMD-2025-1659,37.5,13.0,529.6,Lorito,114,2025,0
OMD-921,921 - Mango,OMD,921,OMD-2025-0921,13.1,7.3,35.1,Mango,14,2025,0
OMD-1628,1628 - Uruca,OMD,1628,OMD-2025-1628,16.9,8.4,74.2,Uruca,359,2025,0
OMD-1658,1658 - Lorito,OMD,1658,OMD-2025-1658,27.0,13.3,275.8,Lorito,114,2025,0
OMD-922,922 - Níspero,OMD,922,OMD-2025-0922,13.5,5.0,31.3,Níspero,150,2025,0
OMD-1627,1627 - Casco de venado,OMD,1627,OMD-2025-1627,13.8,8.0,47.2,Casco de venado,54,2025,0
OMD-1626,1626 - Casco de venado,OMD,1626,OMD-2025-1626,16.0,11.0,81.8,Casco de venado,54,2025,0
OMD-923,923 - Uruca,OMD,923,OMD-2025-0923,15.9,5.0,43.7,Uruca,359,2025,0
OMD-1657,1657 - Casco de venado,OMD,1657,OMD-2025-1657,14.6,8.2,54.0,Casco de venado,54,2025,0
OMD-1625,1625 - laurel de la india,OMD,1625,OMD-2025-1625,13.2,11.6,57.6,laurel de la india,170,2025,0
OMD-924,924 - Targua,OMD,924,OMD-2025-0924,15.1,9.0,62.2,Targua,129,2025,0
OMD-1624,1624 - Guachipelin,OMD,1624,OMD-2025-1624,11.1,8.2,30.9,Guachipelin,141,2025,0
OMD-1656,1656 - laurel de la india,OMD,1656,OMD-2025-1656,21.9,10.0,144.1,laurel de la india,171,2025,0
OMD-925,925 - ciprés,OMD,925,OMD-2025-0925,18.3,14.2,131.3,ciprés,135,2025,0
OMD-1623,1623 - Guayaba,OMD,1623,OMD-2025-1623,16.7,6.2,57.1,Guayaba,297,2025,0
OMD-1622,1622 - Guayaba,OMD,1622,OMD-2025-1622,11.4,6.0,25.6,Guayaba,297,2025,0
OMD-1621,1621 - Jacaranda,OMD,1621,OMD-2025-1621,40.7,18.8,756.1,Jacaranda,8,2025,0
OMD-1010,1010 - Nogal,OMD,1010,OMD-2025-1010,28.5,10.3,252.4,Nogal,226,2025,0
OMD-1670,1670 - Cenizaro,OMD,1670,OMD-2025-1670,54.0,14.0,1180.5,Cenizaro,312,2025,0
OMD-926,926 - ciprés,OMD,926,OMD-2025-0926,25.5,17.0,297.2,ciprés,135,2025,0
OMD-1619,1619 - Uruca,OMD,1619,OMD-2025-1619,13.4,5.4,32.7,Uruca,359,2025,0
OMD-1618,1618 - Cas,OMD,1618,OMD-2025-1618,18.7,6.0,70.1,Cas,296,2025,0
OMD-927,927 - Velo de novia,OMD,927,OMD-2025-0927,13.8,5.0,32.7,Velo de novia,306,2025,0
OMD-1617,1617 - Guayaba,OMD,1617,OMD-2025-1617,13.1,6.8,37.4,Guayaba,297,2025,0
OMD-1616,1616 - Guayaba,OMD,1616,OMD-2025-1616,15.4,6.4,49.6,Guayaba,297,2025,0
OMD-928,928 - Velo de novia,OMD,928,OMD-2025-0928,11.2,5.0,21.4,Velo de novia,306,2025,0
OMD-1615,1615 - Jacaranda,OMD,1615,OMD-2025-1615,15.6,4.6,35.7,Jacaranda,8,2025,0
OMD-1614,1614 - Jacaranda,OMD,1614,OMD-2025-1614,16.7,6.4,53.1,Jacaranda,8,2025,0
OMD-1613,1613 - Jacaranda,OMD,1613,OMD-2025-1613,19.6,6.4,73.6,Jacaranda,8,2025,0
OMD-1690,1690 - Guayaba,OMD,1690,OMD-2025-1690,12.5,7.0,34.8,Guayaba,297,2025,0
OMD-1612,1612 - Jacaranda,OMD,1612,OMD-2025-1612,21.7,6.4,90.5,Jacaranda,8,2025,0
OMD-929,929 - Roble sabana,OMD,929,OMD-2025-0929,27.9,15.5,315.7,Roble sabana,6,2025,0
OMD-1610,1610 - Guitite,OMD,1610,OMD-2025-1610,12.1,5.3,26.2,Guitite,35,2025,0
OMD-1609,1609 - Jacaranda,OMD,1609,OMD-2025-1609,14.1,7.6,43.0,Jacaranda,8,2025,0
OMD-930,930 - Velo de novia,OMD,930,OMD-2025-0930,14.0,8.0,48.6,Velo de novia,306,2025,0
OMD-1608,1608 - Jacaranda,OMD,1608,OMD-2025-1608,20.2,7.6,89.4,Jacaranda,8,2025,0
OMD-1607,1607 - Jacaranda,OMD,1607,OMD-2025-1607,30.9,7.6,212.9,Jacaranda,8,2025,0
OMD-931,931 - Velo de novia,OMD,931,OMD-2025-0931,15.9,8.5,66.1,Velo de novia,306,2025,0
OMD-1606,1606 - Jacaranda,OMD,1606,OMD-2025-1606,14.0,7.1,40.2,Jacaranda,8,2025,0
OMD-1605,1605 - Cedro amargo,OMD,1605,OMD-2025-1605,82.5,21.3,3594.5,Cedro amargo,9,2025,0
OMD-932,932 - palo colorado,OMD,932,OMD-2025-0932,14.6,15.0,86.4,palo colorado,125,2025,0
OMD-1604,1604 - Guitite,OMD,1604,OMD-2025-1604,11.6,7.2,30.5,Guitite,35,2025,0
OMD-1601,1601 - Yos,OMD,1601,OMD-2025-1601,33.2,10.5,349.8,Yos,315,2025,0
OMD-933,933 - palo colorado,OMD,933,OMD-2025-0933,10.8,15.0,46.7,palo colorado,125,2025,0
OMD-1599,1599 - Guitite,OMD,1599,OMD-2025-1599,20.1,7.5,96.7,Guitite,35,2025,0
OMD-1597,1597 - itabo,OMD,1597,OMD-2025-1597,16.2,4.4,41.1,itabo,380,2025,0
OMD-934,934 - palo colorado,OMD,934,OMD-2025-0934,11.2,5.0,21.4,palo colorado,125,2025,0
OMD-1595,1595 - Guitite,OMD,1595,OMD-2025-1595,12.3,7.0,33.6,Guitite,35,2025,0
OMD-1594,1594 - Guitite,OMD,1594,OMD-2025-1594,11.9,7.0,31.5,Guitite,35,2025,0
OMD-935,935 - Roble sabana,OMD,935,OMD-2025-0935,15.3,14.7,88.9,Roble sabana,6,2025,0
OMD-1689,1689 - Guayaba,OMD,1689,OMD-2025-1689,11.8,7.0,30.9,Guayaba,297,2025,0
OMD-1592,1592 - higuerón,OMD,1592,OMD-2025-1592,16.0,6.9,56.9,higuerón,175,2025,0
OMD-1591,1591 - Uruca,OMD,1591,OMD-2025-1591,16.5,6.0,54.3,Uruca,359,2025,0
OMD-936,936 - Laurel negro,OMD,936,OMD-2025-0936,16.0,15.0,97.7,Laurel negro,11,2025,0
OMD-1122,1122 - Almendro de río,OMD,1122,OMD-2025-1122,19.2,3.3,46.5,Almendro de río,44,2025,0
OMD-1590,1590 - itabo,OMD,1590,OMD-2025-1590,19.4,7.0,85.2,itabo,380,2025,0
OMD-1589,1589 - Guitite,OMD,1589,OMD-2025-1589,12.4,5.0,26.3,Guitite,35,2025,0
OMD-937,"937 - cenizaro macho, guayaquil",OMD,937,OMD-2025-0937,23.1,14.5,214.6,"cenizaro macho, guayaquil",294,2025,0
OMD-1588,1588 - Guayaba,OMD,1588,OMD-2025-1588,19.2,4.6,60.2,Guayaba,297,2025,0
OMD-1587,1587 - itabo,OMD,1587,OMD-2025-1587,14.3,8.0,50.8,itabo,380,2025,0
OMD-1027,1027 - higuerón,OMD,1027,OMD-2025-1027,112.1,27.0,8736.3,higuerón,178,2025,0
OMD-1586,1586 - itabo,OMD,1586,OMD-2025-1586,11.8,6.4,28.8,itabo,380,2025,0
OMD-1583,1583 - itabo,OMD,1583,OMD-2025-1583,14.1,4.7,32.6,itabo,380,2025,0
OMD-938,938 - Gallinazo,OMD,938,OMD-2025-0938,17.1,13.0,106.7,Gallinazo,321,2025,0
OMD-1582,1582 - itabo,OMD,1582,OMD-2025-1582,17.8,4.6,51.6,itabo,380,2025,0
OMD-1581,1581 - Pitanga,OMD,1581,OMD-2025-1581,12.3,7.0,33.6,Pitanga,167,2025,0
OMD-939,939 - Uruca,OMD,939,OMD-2025-0939,14.5,9.0,57.2,Uruca,359,2025,0
OMD-1580,1580 - Guitite,OMD,1580,OMD-2025-1580,11.3,7.0,28.3,Guitite,35,2025,0
OMD-1579,"1579 - tubús, tubusi",OMD,1579,OMD-2025-1579,15.0,7.0,50.4,"tubús, tubusi",367,2025,0
OMD-940,940 - Uruca,OMD,940,OMD-2025-0940,16.6,9.0,75.4,Uruca,359,2025,0
OMD-1578,"1578 - tubús, tubusi",OMD,1578,OMD-2025-1578,15.6,7.0,54.6,"tubús, tubusi",367,2025,0
OMD-1577,"1577 - tubús, tubusi",OMD,1577,OMD-2025-1577,19.2,7.0,83.5,"tubús, tubusi",367,2025,0
OMD-941,941 - Guanacaste,OMD,941,OMD-2025-0941,20.2,9.0,105.5,Guanacaste,1,2025,0
OMD-1576,"1576 - tubús, tubusi",OMD,1576,OMD-2025-1576,11.0,7.2,27.4,"tubús, tubusi",367,2025,0
OMD-1575,"1575 - tubús, tubusi",OMD,1575,OMD-2025-1575,20.2,7.2,94.6,"tubús, tubusi",367,2025,0
OMD-1574,"1574 - tubús, tubusi",OMD,1574,OMD-2025-1574,17.1,7.2,67.4,"tubús, tubusi",367,2025,0
OMD-942,942 - ciprés,OMD,942,OMD-2025-0942,23.6,15.0,230.2,ciprés,135,2025,0
OMD-1573,"1573 - tubús, tubusi",OMD,1573,OMD-2025-1573,23.4,7.2,127.7,"tubús, tubusi",367,2025,0
OMD-943,943 - ciprés,OMD,943,OMD-2025-0943,18.9,5.0,62.2,ciprés,135,2025,0
OMD-1572,"1572 - tubús, tubusi",OMD,1572,OMD-2025-1572,17.5,7.2,70.6,"tubús, tubusi",367,2025,0
OMD-1571,"1571 - tubús, tubusi",OMD,1571,OMD-2025-1571,19.5,7.2,88.1,"tubús, tubusi",367,2025,0
OMD-944,944 - chilillo,OMD,944,OMD-2025-0944,16.9,8.7,76.2,chilillo,281,2025,0
OMD-1570,1570 - Targua,OMD,1570,OMD-2025-1570,13.2,7.0,38.9,Targua,129,2025,0
OMD-1569,1569 - Targua,OMD,1569,OMD-2025-1569,14.9,9.0,60.5,Targua,129,2025,0
OMD-945,945 - Jocote,OMD,945,OMD-2025-0945,16.6,6.2,56.4,Jocote,333,2025,0
OMD-1568,1568 - Targua,OMD,1568,OMD-2025-1568,15.9,7.4,59.3,Targua,129,2025,0
OMD-1567,1567 - dama,OMD,1567,OMD-2025-1567,13.2,6.2,35.4,dama,101,2025,0
OMD-946,946 - Uruca,OMD,946,OMD-2025-0946,18.1,9.2,91.6,Uruca,359,2025,0
OMD-1566,1566 - dama,OMD,1566,OMD-2025-1566,13.5,5.8,35.1,dama,101,2025,0
OMD-1564,1564 - itabo,OMD,1564,OMD-2025-1564,12.5,4.7,25.5,itabo,380,2025,0
OMD-947,947 - Uruca,OMD,947,OMD-2025-0947,22.8,9.5,150.3,Uruca,359,2025,0
OMD-1563,1563 - Uruca,OMD,1563,OMD-2025-1563,13.7,7.2,42.9,Uruca,359,2025,0
OMD-1562,1562 - itabo,OMD,1562,OMD-2025-1562,11.9,6.7,30.4,itabo,380,2025,0
OMD-948,948 - Uruca,OMD,948,OMD-2025-0948,19.0,9.5,103.6,Uruca,359,2025,0
OMD-1561,1561 - itabo,OMD,1561,OMD-2025-1561,14.7,6.7,46.8,itabo,380,2025,0
OMD-1560,1560 - Uruca,OMD,1560,OMD-2025-1560,12.3,7.2,34.4,Uruca,359,2025,0
OMD-949,"949 - ceibo, ceibo barrigón",OMD,949,OMD-2025-0949,30.3,16.0,403.0,"ceibo, ceibo barrigón",293,2025,0
OMD-1559,1559 - Uruca,OMD,1559,OMD-2025-1559,21.3,7.2,105.4,Uruca,359,2025,0
OMD-1557,1557 - itabo,OMD,1557,OMD-2025-1557,34.4,5.2,217.5,itabo,380,2025,0
OMD-950,950 - Mango,OMD,950,OMD-2025-0950,15.5,12.0,72.8,Mango,14,2025,0
OMD-1556,"1556 - tubús, tubusi",OMD,1556,OMD-2025-1556,15.5,8.5,62.7,"tubús, tubusi",367,2025,0
OMD-1555,1555 - itabo,OMD,1555,OMD-2025-1555,12.9,7.1,37.5,itabo,380,2025,0
OMD-951,951 - Guitite,OMD,951,OMD-2025-0951,13.8,5.0,32.7,Guitite,35,2025,0
OMD-1554,1554 - Targua,OMD,1554,OMD-2025-1554,16.7,8.4,72.4,Targua,129,2025,0
OMD-1553,1553 - Targua,OMD,1553,OMD-2025-1553,20.5,8.4,110.0,Targua,129,2025,0
OMD-952,952 - Cocobolo,OMD,952,OMD-2025-0952,17.0,11.0,92.6,Cocobolo,136,2025,0
OMD-1552,1552 - Targua,OMD,1552,OMD-2025-1552,25.3,8.4,168.9,Targua,129,2025,0
OMD-1551,1551 - Madero Negro,OMD,1551,OMD-2025-1551,18.1,8.4,85.3,Madero Negro,186,2025,0
OMD-953,953 - Cas,OMD,953,OMD-2025-0953,12.6,9.0,43.0,Cas,296,2025,0
OMD-1550,1550 - Madero Negro,OMD,1550,OMD-2025-1550,12.8,8.4,42.1,Madero Negro,186,2025,0
OMD-1549,1549 - Madero Negro,OMD,1549,OMD-2025-1549,14.3,8.4,52.7,Madero Negro,186,2025,0
OMD-954,954 - Cas,OMD,954,OMD-2025-0954,17.5,8.0,76.7,Cas,296,2025,0
OMD-1548,1548 - caña india,OMD,1548,OMD-2025-1548,11.4,8.4,33.2,caña india,144,2025,0
OMD-1547,1547 - itabo,OMD,1547,OMD-2025-1547,20.2,6.0,82.1,itabo,380,2025,0
OMD-955,955 - Cas,OMD,955,OMD-2025-0955,13.7,5.0,32.3,Cas,296,2025,0
OMD-1546,1546 - itabo,OMD,1546,OMD-2025-1546,25.1,6.0,127.9,itabo,380,2025,0
OMD-1545,1545 - itabo,OMD,1545,OMD-2025-1545,16.4,2.0,22.8,itabo,380,2025,0
OMD-956,956 - Cas,OMD,956,OMD-2025-0956,19.4,10.0,112.5,Cas,296,2025,0
OMD-1544,1544 - itabo,OMD,1544,OMD-2025-1544,22.8,6.3,109.2,itabo,380,2025,0
OMD-1540,1540 - Targua,OMD,1540,OMD-2025-1540,15.6,5.5,45.3,Targua,129,2025,0
OMD-1539,1539 - Targua,OMD,1539,OMD-2025-1539,22.8,9.2,146.6,Targua,129,2025,0
OMD-1538,1538 - Casco de venado,OMD,1538,OMD-2025-1538,15.7,7.5,58.4,Casco de venado,54,2025,0
OMD-1055,1055 - Llama del bosque,OMD,1055,OMD-2025-1055,12.4,9.0,41.6,Llama del bosque,331,2025,0
OMD-1537,1537 - Mango,OMD,1537,OMD-2025-1537,12.1,6.0,25.6,Mango,14,2025,0
OMD-1534,1534 - itabo,OMD,1534,OMD-2025-1534,15.9,8.1,63.6,itabo,380,2025,0
OMD-1533,1533 - Guachipelin,OMD,1533,OMD-2025-1533,16.8,8.0,70.5,Guachipelin,141,2025,0
OMD-1057,1057 - Llama del bosque,OMD,1057,OMD-2025-1057,26.8,5.0,126.8,Llama del bosque,331,2025,0
OMD-1532,1532 - Guachipelin,OMD,1532,OMD-2025-1532,25.6,8.0,166.5,Guachipelin,141,2025,0
OMD-1531,1531 - Manazana rosa,OMD,1531,OMD-2025-1531,14.6,6.3,44.0,Manazana rosa,342,2025,0
OMD-1058,1058 - Uruca,OMD,1058,OMD-2025-1058,23.7,8.0,142.3,Uruca,359,2025,0
OMD-957,957 - Cas,OMD,957,OMD-2025-0957,14.8,9.5,62.3,Cas,296,2025,0
OMD-1529,1529 - Casco de venado,OMD,1529,OMD-2025-1529,25.6,12.9,241.6,Casco de venado,54,2025,0
OMD-1528,1528 - Yos,OMD,1528,OMD-2025-1528,18.8,8.0,88.7,Yos,315,2025,0
OMD-958,958 - Guayaba,OMD,958,OMD-2025-0958,18.2,7.0,74.8,Guayaba,297,2025,0
OMD-1527,1527 - Níspero,OMD,1527,OMD-2025-1527,11.9,6.5,29.7,Níspero,150,2025,0
OMD-1526,1526 - dama,OMD,1526,OMD-2025-1526,12.4,7.4,35.7,dama,101,2025,0
OMD-959,959 - Guayaba,OMD,959,OMD-2025-0959,14.2,7.0,45.1,Guayaba,297,2025,0
OMD-1525,1525 - Mango,OMD,1525,OMD-2025-1525,12.1,5.4,23.6,Mango,14,2025,0
OMD-1524,1524 - Mango,OMD,1524,OMD-2025-1524,13.0,5.4,27.3,Mango,14,2025,0
OMD-961,961 - Guitite,OMD,961,OMD-2025-0961,13.9,6.5,40.8,Guitite,35,2025,0
OMD-1523,1523 - Mango,OMD,1523,OMD-2025-1523,15.6,5.4,39.6,Mango,14,2025,0
OMD-1522,1522 - Mango,OMD,1522,OMD-2025-1522,12.6,5.4,25.6,Mango,14,2025,0
OMD-962,962 - Guitite,OMD,962,OMD-2025-0962,14.2,9.0,54.9,Guitite,35,2025,0
OMD-1521,1521 - itabo,OMD,1521,OMD-2025-1521,12.4,3.1,18.1,itabo,380,2025,0
OMD-1520,1520 - Vainillo,OMD,1520,OMD-2025-1520,16.0,6.5,54.3,Vainillo,347,2025,0
OMD-963,963 - Pitanga,OMD,963,OMD-2025-0963,10.9,10.5,36.1,Pitanga,167,2025,0
OMD-1519,1519 - Vainillo,OMD,1519,OMD-2025-1519,14.6,8.0,53.0,Vainillo,347,2025,0
OMD-1518,1518 - Guitite,OMD,1518,OMD-2025-1518,12.9,10.7,51.6,Guitite,35,2025,0
OMD-964,964 - Pitanga,OMD,964,OMD-2025-0964,10.9,10.5,36.1,Pitanga,167,2025,0
OMD-1517,1517 - Uruca,OMD,1517,OMD-2025-1517,16.1,9.2,72.1,Uruca,359,2025,0
OMD-1516,1516 - Uruca,OMD,1516,OMD-2025-1516,14.8,9.2,60.7,Uruca,359,2025,0
OMD-965,965 - Leucaena,OMD,965,OMD-2025-0965,30.4,5.0,164.0,Leucaena,231,2025,0
OMD-1515,1515 - Mango,OMD,1515,OMD-2025-1515,15.1,5.7,38.7,Mango,14,2025,0
OMD-1514,1514 - Mango,OMD,1514,OMD-2025-1514,24.4,6.0,107.1,Mango,14,2025,0
OMD-1513,1513 - Mango,OMD,1513,OMD-2025-1513,26.8,10.4,199.1,Mango,14,2025,0
OMD-967,967 - itabo,OMD,967,OMD-2025-0967,15.3,5.2,41.7,itabo,380,2025,0
OMD-1512,1512 - Mango,OMD,1512,OMD-2025-1512,26.0,10.4,187.1,Mango,14,2025,0
OMD-1511,1511 - Mango,OMD,1511,OMD-2025-1511,31.1,10.4,269.7,Mango,14,2025,0
OMD-973,973 - zorrillo,OMD,973,OMD-2025-0973,17.0,6.5,61.5,zorrillo,93,2025,0
OMD-1510,1510 - Mango,OMD,1510,OMD-2025-1510,42.9,10.4,519.8,Mango,14,2025,0
OMD-1509,1509 - Guayaba,OMD,1509,OMD-2025-1509,14.3,9.4,57.6,Guayaba,297,2025,0
OMD-974,974 - zorrillo,OMD,974,OMD-2025-0974,13.8,6.5,40.2,zorrillo,93,2025,0
OMD-1508,1508 - Guayaba,OMD,1508,OMD-2025-1508,16.4,9.1,74.2,Guayaba,297,2025,0
OMD-1507,1507 - Guayaba,OMD,1507,OMD-2025-1507,15.7,7.0,55.4,Guayaba,297,2025,0
OMD-975,975 - Níspero,OMD,975,OMD-2025-0975,16.8,6.5,60.0,Níspero,150,2025,0
OMD-1506,1506 - Guayaba,OMD,1506,OMD-2025-1506,18.6,8.2,88.5,Guayaba,297,2025,0
OMD-1505,1505 - Mango,OMD,1505,OMD-2025-1505,24.2,10.3,160.5,Mango,14,2025,0
OMD-976,976 - Cas,OMD,976,OMD-2025-0976,15.8,8.0,62.2,Cas,296,2025,0
OMD-1504,1504 - Mango,OMD,1504,OMD-2025-1504,20.2,10.3,111.0,Mango,14,2025,0
OMD-1503,1503 - Mango,OMD,1503,OMD-2025-1503,20.5,10.3,114.4,Mango,14,2025,0
OMD-977,977 - Cas,OMD,977,OMD-2025-0977,14.8,7.1,49.6,Cas,296,2025,0
OMD-1502,1502 - Mango,OMD,1502,OMD-2025-1502,27.4,10.5,209.8,Mango,14,2025,0
OMD-1501,1501 - araucaria,OMD,1501,OMD-2025-1501,43.6,28.3,1320.2,araucaria,50,2025,0
OMD-978,978 - Guachipelin,OMD,978,OMD-2025-0978,26.8,12.6,260.5,Guachipelin,141,2025,0
OMD-1500,1500 - Mango,OMD,1500,OMD-2025-1500,15.6,9.6,62.0,Mango,14,2025,0
OMD-1499,1499 - Roble sabana,OMD,1499,OMD-2025-1499,11.8,11.6,43.5,Roble sabana,6,2025,0
OMD-1497,1497 - itabo,OMD,1497,OMD-2025-1497,11.8,4.5,21.9,itabo,380,2025,0
OMD-1496,1496 - guabillo,OMD,1496,OMD-2025-1496,27.0,11.6,248.0,guabillo,213,2025,0
OMD-1079,1079 - Llama del bosque,OMD,1079,OMD-2025-1079,55.2,17.5,1469.0,Llama del bosque,331,2025,0
OMD-1495,1495 - araucaria,OMD,1495,OMD-2025-1495,49.6,24.3,1525.2,araucaria,50,2025,0
OMD-1494,1494 - Cas,OMD,1494,OMD-2025-1494,12.5,6.5,32.8,Cas,296,2025,0
OMD-1080,1080 - Yos,OMD,1080,OMD-2025-1080,33.5,15.0,470.4,Yos,315,2025,0
OMD-979,979 - itabo,OMD,979,OMD-2025-0979,12.8,6.4,34.0,itabo,380,2025,0
OMD-1493,1493 - Cas,OMD,1493,OMD-2025-1493,16.2,8.2,66.8,Cas,296,2025,0
OMD-1492,1492 - Uruca,OMD,1492,OMD-2025-1492,20.7,8.6,114.2,Uruca,359,2025,0
OMD-980,980 - itabo,OMD,980,OMD-2025-0980,14.9,6.1,44.7,itabo,380,2025,0
OMD-1491,1491 - Guitite,OMD,1491,OMD-2025-1491,14.5,7.5,49.7,Guitite,35,2025,0
OMD-1490,1490 - higuerón,OMD,1490,OMD-2025-1490,48.4,17.5,1123.5,higuerón,175,2025,0
OMD-981,981 - itabo,OMD,981,OMD-2025-0981,12.9,4.1,24.4,itabo,380,2025,0
OMD-1489,1489 - higuerón,OMD,1489,OMD-2025-1489,38.7,17.5,711.9,higuerón,175,2025,0
OMD-1488,1488 - higuerón,OMD,1488,OMD-2025-1488,49.5,17.5,1176.2,higuerón,175,2025,0
OMD-982,982 - Vainillo,OMD,982,OMD-2025-0982,16.2,5.0,45.4,Vainillo,347,2025,0
OMD-1487,1487 - Malinche,OMD,1487,OMD-2025-1487,11.2,6.0,22.3,Malinche,5,2025,0
OMD-1486,1486 - Malinche,OMD,1486,OMD-2025-1486,11.4,6.0,23.2,Malinche,5,2025,0
OMD-983,983 - Vainillo,OMD,983,OMD-2025-0983,15.8,5.0,43.1,Vainillo,347,2025,0
OMD-1485,1485 - Lengua de vaca,OMD,1485,OMD-2025-1485,11.4,6.5,27.2,Lengua de vaca,249,2025,0
OMD-1484,1484 - Lengua de vaca,OMD,1484,OMD-2025-1484,13.5,9.4,51.2,Lengua de vaca,249,2025,0
OMD-984,984 - Mango,OMD,984,OMD-2025-0984,16.4,8.0,59.6,Mango,14,2025,0
OMD-1483,1483 - Vainillo,OMD,1483,OMD-2025-1483,19.1,5.4,67.5,Vainillo,347,2025,0
OMD-1482,1482 - Aguacate,OMD,1482,OMD-2025-1482,20.4,5.4,77.2,Aguacate,279,2025,0
OMD-985,985 - Aguacate,OMD,985,OMD-2025-0985,16.7,7.5,66.3,Aguacate,279,2025,0
OMD-1481,1481 - Guayaba,OMD,1481,OMD-2025-1481,13.9,5.4,35.3,Guayaba,297,2025,0
OMD-1480,1480 - Mango,OMD,1480,OMD-2025-1480,15.0,7.3,46.3,Mango,14,2025,0
OMD-986,"986 - árbol paraguas, árbol pulpo",OMD,986,OMD-2025-0986,12.4,8.5,39.8,"árbol paraguas, árbol pulpo",316,2025,0
OMD-1479,1479 - Mango,OMD,1479,OMD-2025-1479,20.7,7.3,89.2,Mango,14,2025,0
OMD-1478,1478 - Mango,OMD,1478,OMD-2025-1478,19.5,7.3,79.0,Mango,14,2025,0
OMD-987,987 - itabo,OMD,987,OMD-2025-0987,12.4,0.8,6.3,itabo,380,2025,0
OMD-1477,1477 - Mango,OMD,1477,OMD-2025-1477,24.0,7.3,120.6,Mango,14,2025,0
OMD-1476,1476 - Mango,OMD,1476,OMD-2025-1476,15.5,7.3,49.5,Mango,14,2025,0
OMD-988,988 - Mango,OMD,988,OMD-2025-0988,14.8,8.2,49.3,Mango,14,2025,0
OMD-1475,1475 - dracena marginata,OMD,1475,OMD-2025-1475,18.2,6.5,70.6,dracena marginata,145,2025,0
OMD-1474,1474 - Marañon,OMD,1474,OMD-2025-1474,16.9,6.0,57.1,Marañon,42,2025,0
OMD-989,989 - Mango,OMD,989,OMD-2025-0989,13.2,4.3,23.6,Mango,14,2025,0
OMD-1473,1473 - Cortez negro,OMD,1473,OMD-2025-1473,12.4,5.8,29.5,Cortez negro,199,2025,0
OMD-1472,1472 - Cortez negro,OMD,1472,OMD-2025-1472,17.5,4.6,49.8,Cortez negro,199,2025,0
OMD-990,990 - Almendro de playa,OMD,990,OMD-2025-0990,16.1,5.0,44.8,Almendro de playa,350,2025,0
OMD-1469,1469 - Lorito,OMD,1469,OMD-2025-1469,38.5,12.0,525.0,Lorito,114,2025,0
OMD-1468,1468 - Lorito,OMD,1468,OMD-2025-1468,46.1,18.0,1039.8,Lorito,114,2025,0
OMD-991,991 - Targua,OMD,991,OMD-2025-0991,15.2,8.0,57.5,Targua,129,2025,0
OMD-1467,1467 - Mango,OMD,1467,OMD-2025-1467,17.9,6.9,63.5,Mango,14,2025,0
OMD-1466,1466 - Níspero,OMD,1466,OMD-2025-1466,12.2,9.2,40.9,Níspero,150,2025,0
OMD-992,992 - Jacaranda,OMD,992,OMD-2025-0992,15.5,11.0,69.5,Jacaranda,8,2025,0
OMD-1465,1465 - Níspero,OMD,1465,OMD-2025-1465,13.9,9.2,53.4,Níspero,150,2025,0
OMD-1464,1464 - tangerina,OMD,1464,OMD-2025-1464,15.2,7.3,53.5,tangerina,107,2025,0
OMD-993,993 - Jacaranda,OMD,993,OMD-2025-0993,25.0,11.0,184.3,Jacaranda,8,2025,0
OMD-1463,1463 - tangerina,OMD,1463,OMD-2025-1463,18.8,7.3,82.6,tangerina,107,2025,0
OMD-994,994 - Casco de venado,OMD,994,OMD-2025-0994,17.5,4.3,47.3,Casco de venado,54,2025,0
OMD-1462,1462 - Vainillo,OMD,1462,OMD-2025-1462,16.0,7.3,59.4,Vainillo,347,2025,0
OMD-1461,1461 - Vainillo,OMD,1461,OMD-2025-1461,14.3,6.2,41.6,Vainillo,347,2025,0
OMD-995,995 - Casco de venado,OMD,995,OMD-2025-0995,15.3,4.5,37.2,Casco de venado,54,2025,0
OMD-1460,1460 - Vainillo,OMD,1460,OMD-2025-1460,21.2,6.9,101.0,Vainillo,347,2025,0
OMD-996,996 - Casco de venado,OMD,996,OMD-2025-0996,12.8,4.5,25.9,Casco de venado,54,2025,0
OMD-1459,1459 - Vainillo,OMD,1459,OMD-2025-1459,13.5,6.9,40.2,Vainillo,347,2025,0
OMD-997,"997 - tubús, tubusi",OMD,997,OMD-2025-0997,14.3,5.0,35.2,"tubús, tubusi",367,2025,0
OMD-1455,1455 - Guitite,OMD,1455,OMD-2025-1455,12.4,8.0,38.0,Guitite,35,2025,0
OMD-1454,1454 - Casco de venado,OMD,1454,OMD-2025-1454,14.0,8.0,48.6,Casco de venado,54,2025,0
OMD-998,998 - Casco de venado,OMD,998,OMD-2025-0998,11.2,5.0,21.4,Casco de venado,54,2025,0
OMD-1453,1453 - Casco de venado,OMD,1453,OMD-2025-1453,20.1,11.0,130.3,Casco de venado,54,2025,0
OMD-1452,1452 - Casco de venado,OMD,1452,OMD-2025-1452,11.2,11.0,39.5,Casco de venado,54,2025,0
OMD-999,999 - barrabas,OMD,999,OMD-2025-0999,11.9,9.0,38.3,barrabas,168,2025,0
OMD-1451,1451 - Casco de venado,OMD,1451,OMD-2025-1451,11.5,11.0,41.7,Casco de venado,54,2025,0
OMD-1448,1448 - Casco de venado,OMD,1448,OMD-2025-1448,19.6,11.0,123.8,Casco de venado,54,2025,0
OMD-1000,1000 - Cortez negro,OMD,1000,OMD-2025-1000,14.0,6.8,42.8,Cortez negro,199,2025,0
OMD-1001,1001 - Cortez negro,OMD,1001,OMD-2025-1001,10.9,8.0,29.2,Cortez negro,199,2025,0
OMD-1002,1002 - barrabas,OMD,1002,OMD-2025-1002,12.7,7.0,35.9,barrabas,168,2025,0
OMD-1003,1003 - barrabas,OMD,1003,OMD-2025-1003,11.8,7.0,30.9,barrabas,168,2025,0
OMD-1004,1004 - Cortez negro,OMD,1004,OMD-2025-1004,12.3,5.7,28.7,Cortez negro,199,2025,0
OMD-1005,1005 - Mango,OMD,1005,OMD-2025-1005,19.0,7.0,72.5,Mango,14,2025,0
OMD-1006,1006 - Mango,OMD,1006,OMD-2025-1006,18.7,7.0,70.2,Mango,14,2025,0
OMD-1007,1007 - Guachipelin,OMD,1007,OMD-2025-1007,31.8,13.5,389.6,Guachipelin,141,2025,0
OMD-1008,1008 - Guachipelin,OMD,1008,OMD-2025-1008,32.6,13.5,409.9,Guachipelin,141,2025,0
OMD-1009,1009 - Guachipelin,OMD,1009,OMD-2025-1009,24.8,13.5,234.6,Guachipelin,141,2025,0
OMD-1011,1011 - Guayaba,OMD,1011,OMD-2025-1011,15.0,10.3,68.1,Guayaba,297,2025,0
OMD-1012,1012 - Guayaba,OMD,1012,OMD-2025-1012,17.0,10.3,88.0,Guayaba,297,2025,0
OMD-1013,1013 - Guayaba,OMD,1013,OMD-2025-1013,13.3,10.3,53.3,Guayaba,297,2025,0
OMD-1017,1017 - Cinamomun,OMD,1017,OMD-2025-1017,84.0,17.0,3382.0,Cinamomun,99,2025,0
OMD-1018,1018 - Cinamomun,OMD,1018,OMD-2025-1018,20.2,17.0,184.8,Cinamomun,99,2025,0
OMD-1019,1019 - Cinamomun,OMD,1019,OMD-2025-1019,19.2,17.0,166.6,Cinamomun,99,2025,0
OMD-1020,1020 - Uruca,OMD,1020,OMD-2025-1020,17.5,14.6,122.5,Uruca,359,2025,0
OMD-1021,1021 - Uruca,OMD,1021,OMD-2025-1021,20.5,14.6,169.1,Uruca,359,2025,0
OMD-1022,1022 - Uruca,OMD,1022,OMD-2025-1022,23.3,14.6,219.6,Uruca,359,2025,0
OMD-1023,1023 - Uruca,OMD,1023,OMD-2025-1023,17.4,16.0,130.0,Uruca,359,2025,0
OMD-1024,1024 - Uruca,OMD,1024,OMD-2025-1024,13.1,9.3,47.7,Uruca,359,2025,0
OMD-1025,1025 - Uruca,OMD,1025,OMD-2025-1025,20.0,9.3,113.2,Uruca,359,2025,0
OMD-1026,1026 - Uruca,OMD,1026,OMD-2025-1026,19.9,9.3,112.0,Uruca,359,2025,0
OMD-1028,1028 - higuerón,OMD,1028,OMD-2025-1028,172.0,22.0,17836.1,higuerón,178,2025,0
OMD-1029,1029 - Guachipelin,OMD,1029,OMD-2025-1029,28.7,10.0,250.2,Guachipelin,141,2025,0
OMD-1030,1030 - Guachipelin,OMD,1030,OMD-2025-1030,12.7,6.9,35.5,Guachipelin,141,2025,0
OMD-1031,1031 - Uruca,OMD,1031,OMD-2025-1031,23.8,11.0,183.9,Uruca,359,2025,0
OMD-1032,1032 - Uruca,OMD,1032,OMD-2025-1032,29.0,11.0,275.2,Uruca,359,2025,0
OMD-1033,1033 - ciprés,OMD,1033,OMD-2025-1033,14.3,7.0,45.8,ciprés,135,2025,0
OMD-1034,1034 - Mango,OMD,1034,OMD-2025-1034,13.3,6.0,31.1,Mango,14,2025,0
OMD-1035,1035 - Llama del bosque,OMD,1035,OMD-2025-1035,20.5,5.0,73.4,Llama del bosque,331,2025,0
OMD-1036,1036 - Guachipelin,OMD,1036,OMD-2025-1036,62.5,12.1,1419.8,Guachipelin,141,2025,0
OMD-1037,1037 - Llama del bosque,OMD,1037,OMD-2025-1037,14.2,5.0,34.7,Llama del bosque,331,2025,0
OMD-1038,1038 - itabo,OMD,1038,OMD-2025-1038,11.9,6.9,31.1,itabo,380,2025,0
OMD-1039,1039 - Malinche,OMD,1039,OMD-2025-1039,11.2,5.0,19.4,Malinche,5,2025,0
OMD-1040,1040 - Cinamomun,OMD,1040,OMD-2025-1040,24.4,6.6,130.0,Cinamomun,99,2025,0
OMD-1041,1041 - itabo,OMD,1041,OMD-2025-1041,10.8,8.0,28.6,itabo,380,2025,0
OMD-1042,1042 - higuerón,OMD,1042,OMD-2025-1042,145.8,18.0,10889.5,higuerón,178,2025,0
OMD-1043,1043 - itabo,OMD,1043,OMD-2025-1043,11.0,6.9,26.5,itabo,380,2025,0
OMD-1044,1044 - Llama del bosque,OMD,1044,OMD-2025-1044,21.9,10.0,144.1,Llama del bosque,331,2025,0
OMD-1045,1045 - Llama del bosque,OMD,1045,OMD-2025-1045,28.0,5.0,138.6,Llama del bosque,331,2025,0
OMD-1047,1047 - Llama del bosque,OMD,1047,OMD-2025-1047,22.9,10.1,159.1,Llama del bosque,331,2025,0
OMD-1120,"1120 - árbol paraguas, árbol pulpo",OMD,1120,OMD-2025-1120,14.6,7.0,47.7,"árbol paraguas, árbol pulpo",316,2025,0
OMD-1048,1048 - Llama del bosque,OMD,1048,OMD-2025-1048,16.4,8.2,68.4,Llama del bosque,331,2025,0
OMD-1049,1049 - Llama del bosque,OMD,1049,OMD-2025-1049,32.7,9.2,305.9,Llama del bosque,331,2025,0
OMD-1050,1050 - Llama del bosque,OMD,1050,OMD-2025-1050,38.8,11.0,498.5,Llama del bosque,331,2025,0
OMD-1051,1051 - Guachipelin,OMD,1051,OMD-2025-1051,36.8,7.1,318.1,Guachipelin,141,2025,0
OMD-1052,1052 - Guachipelin,OMD,1052,OMD-2025-1052,29.7,7.1,205.5,Guachipelin,141,2025,0
OMD-1053,1053 - Guachipelin,OMD,1053,OMD-2025-1053,18.4,4.7,56.1,Guachipelin,141,2025,0
OMD-1054,1054 - Llama del bosque,OMD,1054,OMD-2025-1054,21.4,5.0,80.1,Llama del bosque,331,2025,0
OMD-1059,1059 - Uruca,OMD,1059,OMD-2025-1059,17.6,8.0,77.5,Uruca,359,2025,0
OMD-1060,1060 - Uruca,OMD,1060,OMD-2025-1060,20.0,12.0,138.0,Uruca,359,2025,0
OMD-1061,1061 - Uruca,OMD,1061,OMD-2025-1061,22.5,11.0,164.0,Uruca,359,2025,0
OMD-1062,1062 - Llama del bosque,OMD,1062,OMD-2025-1062,17.9,5.0,55.7,Llama del bosque,331,2025,0
OMD-1063,1063 - Llama del bosque,OMD,1063,OMD-2025-1063,26.5,5.0,123.9,Llama del bosque,331,2025,0
OMD-1064,1064 - itabo,OMD,1064,OMD-2025-1064,10.9,9.0,32.0,itabo,380,2025,0
OMD-1065,1065 - Llama del bosque,OMD,1065,OMD-2025-1065,21.7,12.0,163.0,Llama del bosque,331,2025,0
OMD-1066,1066 - itabo,OMD,1066,OMD-2025-1066,11.2,7.0,27.8,itabo,380,2025,0
OMD-1067,1067 - guarumo colorado,OMD,1067,OMD-2025-1067,19.3,13.0,136.6,guarumo colorado,87,2025,0
OMD-1068,1068 - guarumo colorado,OMD,1068,OMD-2025-1068,17.3,15.0,122.2,guarumo colorado,87,2025,0
OMD-1069,1069 - Llama del bosque,OMD,1069,OMD-2025-1069,21.5,15.0,190.3,Llama del bosque,331,2025,0
OMD-1070,1070 - Llama del bosque,OMD,1070,OMD-2025-1070,24.7,10.0,184.2,Llama del bosque,331,2025,0
OMD-1188,1188 - guarumo colorado,OMD,1188,OMD-2025-1188,35.8,5.0,228.9,guarumo colorado,87,2025,0
OMD-1071,1071 - Llama del bosque,OMD,1071,OMD-2025-1071,26.0,12.2,238.8,Llama del bosque,331,2025,0
OMD-1072,1072 - Llama del bosque,OMD,1072,OMD-2025-1072,36.0,15.0,544.8,Llama del bosque,331,2025,0
OMD-1073,1073 - Llama del bosque,OMD,1073,OMD-2025-1073,16.8,9.0,77.3,Llama del bosque,331,2025,0
OMD-1074,1074 - Llama del bosque,OMD,1074,OMD-2025-1074,17.8,8.0,79.4,Llama del bosque,331,2025,0
OMD-1076,1076 - Llama del bosque,OMD,1076,OMD-2025-1076,18.8,9.0,97.2,Llama del bosque,331,2025,0
OMD-1077,1077 - Llama del bosque,OMD,1077,OMD-2025-1077,23.2,13.0,198.9,Llama del bosque,331,2025,0
OMD-1078,1078 - Llama del bosque,OMD,1078,OMD-2025-1078,14.3,5.0,35.2,Llama del bosque,331,2025,0
OMD-1081,1081 - Guayaba,OMD,1081,OMD-2025-1081,16.1,7.0,58.3,Guayaba,297,2025,0
OMD-1536,1536 - Tuete,OMD,1536,OMD-2025-1536,13.3,,1.4,Tuete,408,2025,0
OMD-1535,1535 - Tuete,OMD,1535,OMD-2025-1535,14.7,,1.7,Tuete,408,2025,0
OMD-657,657 - Cortez amarillo,OMD,657,OMD-2025-0657,19.6,,3.0,Cortez amarillo,407,2025,0
OMD-252,252 - Cinamomun,OMD,252,OMD-2025-0252,69.5,14.5,2029.9,Cinamomun,99,2025,0
OMD-251,251 - Velo de novia,OMD,251,OMD-2025-0251,15.5,9.2,66.7,Velo de novia,306,2025,0
OMD-250,250 - Uruca,OMD,250,OMD-2025-0250,26.1,9.0,189.9,Uruca,359,2025,0
OMD-249,249 - Cenizaro,OMD,249,OMD-2025-0249,15.6,6.0,48.5,Cenizaro,312,2025,0
OMD-248,248 - Roble sabana,OMD,248,OMD-2025-0248,26.3,10.7,209.7,Roble sabana,6,2025,0
OMD-246,246 - Cenizaro,OMD,246,OMD-2025-0246,28.9,8.9,231.7,Cenizaro,312,2025,0
OMD-245,245 - Yos,OMD,245,OMD-2025-0245,18.2,12.0,113.9,Yos,315,2025,0
OMD-244,244 - Targua,OMD,244,OMD-2025-0244,20.2,9.6,118.4,Targua,129,2025,0
OMD-243,243 - Roble sabana,OMD,243,OMD-2025-0243,31.0,13.5,351.4,Roble sabana,6,2025,0
OMD-242,242 - Roble sabana,OMD,242,OMD-2025-0242,15.0,7.6,51.1,Roble sabana,6,2025,0
OMD-241,241 - Roble sabana,OMD,241,OMD-2025-0241,12.6,9.6,42.9,Roble sabana,6,2025,0
OMD-240,240 - Roble sabana,OMD,240,OMD-2025-0240,24.9,12.6,213.0,Roble sabana,6,2025,0
OMD-238,238 - Cenizaro,OMD,238,OMD-2025-0238,23.5,8.9,152.0,Cenizaro,312,2025,0
OMD-237,237 - Guanacaste,OMD,237,OMD-2025-0237,69.2,15.0,1936.8,Guanacaste,1,2025,0
OMD-236,236 - Cenizaro,OMD,236,OMD-2025-0236,58.0,15.5,1478.4,Cenizaro,312,2025,0
OMD-235,235 - Cenizaro,OMD,235,OMD-2025-0235,25.8,15.5,283.2,Cenizaro,312,2025,0
OMD-234,234 - Cenizaro,OMD,234,OMD-2025-0234,47.0,15.5,962.7,Cenizaro,312,2025,0
OMD-233,233 - Cenizaro,OMD,233,OMD-2025-0233,39.5,15.5,675.3,Cenizaro,312,2025,0
OMD-232,232 - Guanacaste,OMD,232,OMD-2025-0232,17.5,8.0,71.9,Guanacaste,1,2025,0
OMD-231,231 - Guanacaste,OMD,231,OMD-2025-0231,65.9,10.7,1347.5,Guanacaste,1,2025,0
OMD-160,160 - Jacaranda,OMD,160,OMD-2025-0160,22.0,12.0,151.9,Jacaranda,8,2025,0
OMD-230,230 - Targua,OMD,230,OMD-2025-0230,14.1,6.5,42.0,Targua,129,2025,0
OMD-229,229 - Yos,OMD,229,OMD-2025-0229,27.5,11.0,247.0,Yos,315,2025,0
OMD-228,228 - Yos,OMD,228,OMD-2025-0228,23.0,11.0,171.5,Yos,315,2025,0
OMD-222,222 - Yos,OMD,222,OMD-2025-0222,19.5,12.0,131.1,Yos,315,2025,0
OMD-221,221 - ciprés,OMD,221,OMD-2025-0221,97.5,24.5,6093.1,ciprés,135,2025,0
OMD-220,220 - Roble sabana,OMD,220,OMD-2025-0220,22.1,9.0,128.5,Roble sabana,6,2025,0
OMD-219,219 - Roble sabana,OMD,219,OMD-2025-0219,20.0,9.0,104.8,Roble sabana,6,2025,0
OMD-218,218 - Mango,OMD,218,OMD-2025-0218,20.6,10.0,112.9,Mango,14,2025,0
OMD-217,217 - Mango,OMD,217,OMD-2025-0217,23.9,10.0,152.9,Mango,14,2025,0
OMD-216,216 - Guayaba,OMD,216,OMD-2025-0216,14.6,6.8,46.7,Guayaba,297,2025,0
OMD-215,215 - Guayaba,OMD,215,OMD-2025-0215,13.2,6.8,38.0,Guayaba,297,2025,0
OMD-214,214 - Níspero,OMD,214,OMD-2025-0214,19.3,6.8,82.5,Níspero,150,2025,0
OMD-213,213 - Mango,OMD,213,OMD-2025-0213,22.1,8.1,110.6,Mango,14,2025,0
OMD-212,212 - Mango,OMD,212,OMD-2025-0212,27.5,8.1,172.7,Mango,14,2025,0
OMD-211,211 - Mango,OMD,211,OMD-2025-0211,22.8,4.5,74.5,Mango,14,2025,0
OMD-210,210 - Níspero,OMD,210,OMD-2025-0210,13.4,6.0,35.5,Níspero,150,2025,0
OMD-209,209 - Níspero,OMD,209,OMD-2025-0209,11.0,6.0,23.8,Níspero,150,2025,0
OMD-206,206 - Cenizaro,OMD,206,OMD-2025-0206,37.0,15.0,576.1,Cenizaro,312,2025,0
OMD-205,205 - higuerón,OMD,205,OMD-2025-0205,103.5,14.1,4475.3,higuerón,178,2025,0
OMD-203,203 - Roble sabana,OMD,203,OMD-2025-0203,68.3,16.8,2087.3,Roble sabana,6,2025,0
OMD-202,202 - Uruca,OMD,202,OMD-2025-0202,14.8,8.5,57.1,Uruca,359,2025,0
OMD-407,407 - Cenizaro,OMD,407,OMD-2025-0407,55.8,12.0,1119.3,Cenizaro,312,2025,0
OMD-201,201 - Uruca,OMD,201,OMD-2025-0201,22.1,8.5,129.4,Uruca,359,2025,0
OMD-1121,1121 - Mango,OMD,1121,OMD-2025-1121,21.4,5.4,75.5,Mango,14,2025,0
OMD-199,199 - Uruca,OMD,199,OMD-2025-0199,15.2,9.2,64.1,Uruca,359,2025,0
OMD-198,198 - Uruca,OMD,198,OMD-2025-0198,26.5,9.2,199.3,Uruca,359,2025,0
OMD-197,197 - Guachipelin,OMD,197,OMD-2025-0197,57.6,15.6,1465.0,Guachipelin,141,2025,0
OMD-442,442 - Guachipelin,OMD,442,OMD-2025-0442,35.2,9.5,364.6,Guachipelin,141,2025,0
OMD-196,196 - Guachipelin,OMD,196,OMD-2025-0196,34.3,15.6,508.9,Guachipelin,141,2025,0
OMD-195,195 - Guachipelin,OMD,195,OMD-2025-0195,31.0,15.6,414.0,Guachipelin,141,2025,0
OMD-194,194 - Guachipelin,OMD,194,OMD-2025-0194,34.7,15.6,521.1,Guachipelin,141,2025,0
OMD-193,193 - Yos,OMD,193,OMD-2025-0193,19.4,12.4,133.1,Yos,315,2025,0
OMD-192,192 - Yos,OMD,192,OMD-2025-0192,27.3,12.4,267.1,Yos,315,2025,0
OMD-191,191 - Guitite,OMD,191,OMD-2025-0191,15.5,8.3,61.6,Guitite,35,2025,0
OMD-190,190 - Yos,OMD,190,OMD-2025-0190,38.2,11.5,499.9,Yos,315,2025,0
OMD-189,189 - Yos,OMD,189,OMD-2025-0189,45.6,11.5,717.3,Yos,315,2025,0
OMD-187,187 - Aguacate,OMD,187,OMD-2025-0187,22.3,12.3,175.7,Aguacate,279,2025,0
OMD-186,186 - Guitite,OMD,186,OMD-2025-0186,14.1,6.7,43.0,Guitite,35,2025,0
OMD-185,185 - Cinamomun,OMD,185,OMD-2025-0185,19.8,9.7,114.6,Cinamomun,99,2025,0
OMD-184,184 - Cedro amargo,OMD,184,OMD-2025-0184,79.3,23.8,3615.2,Cedro amargo,9,2025,0
OMD-183,183 - Cedro amargo,OMD,183,OMD-2025-0183,67.1,20.7,2306.4,Cedro amargo,9,2025,0
OMD-1688,1688 - Caña fistula,OMD,1688,OMD-2025-1688,13.4,7.0,40.1,Caña fistula,81,2025,0
OMD-182,182 - Cedro amargo,OMD,182,OMD-2025-0182,75.4,23.0,3176.1,Cedro amargo,9,2025,0
OMD-181,181 - Poro,OMD,181,OMD-2025-0181,72.9,22.0,2999.5,Poro,3,2025,0
OMD-180,180 - Poro,OMD,180,OMD-2025-0180,79.3,22.0,3561.2,Poro,3,2025,0
OMD-179,179 - Velo de novia,OMD,179,OMD-2025-0179,15.3,9.4,66.1,Velo de novia,306,2025,0
OMD-178,178 - Poro,OMD,178,OMD-2025-0178,80.4,21.5,3713.8,Poro,153,2025,0
OMD-177,177 - Poro,OMD,177,OMD-2025-0177,73.2,21.5,3066.9,Poro,153,2025,0
OMD-176,176 - Poro,OMD,176,OMD-2025-0176,87.7,21.5,4434.1,Poro,153,2025,0
OMD-175,175 - Poro,OMD,175,OMD-2025-0175,105.3,21.5,6439.2,Poro,153,2025,0
OMD-173,173 - higuerón,OMD,173,OMD-2025-0173,58.6,12.3,1260.9,higuerón,175,2025,0
OMD-172,172 - Yos,OMD,172,OMD-2025-0172,21.5,13.6,176.4,Yos,315,2025,0
OMD-171,171 - Yos,OMD,171,OMD-2025-0171,25.6,13.6,251.8,Yos,315,2025,0
OMD-170,170 - Yos,OMD,170,OMD-2025-0170,22.7,13.6,197.0,Yos,315,2025,0
OMD-169,169 - Yos,OMD,169,OMD-2025-0169,33.7,15.2,481.1,Yos,315,2025,0
OMD-168,168 - Yos,OMD,168,OMD-2025-0168,32.9,15.2,458.0,Yos,315,2025,0
OMD-167,167 - Mango,OMD,167,OMD-2025-0167,20.4,7.3,86.6,Mango,14,2025,0
OMD-166,166 - Mango,OMD,166,OMD-2025-0166,26.5,7.7,153.9,Mango,14,2025,0
OMD-165,165 - Guayaba,OMD,165,OMD-2025-0165,20.5,8.0,105.8,Guayaba,297,2025,0
OMD-1687,1687 - Caña fistula,OMD,1687,OMD-2025-1687,16.3,7.0,59.8,Caña fistula,81,2025,0
OMD-164,164 - Guayaba,OMD,164,OMD-2025-0164,12.4,14.0,58.7,Guayaba,297,2025,0
OMD-163,163 - Guayaba,OMD,163,OMD-2025-0163,16.3,14.0,102.5,Guayaba,297,2025,0
OMD-162,162 - Guayaba,OMD,162,OMD-2025-0162,14.6,6.0,42.3,Guayaba,297,2025,0
OMD-161,161 - Guachipelin,OMD,161,OMD-2025-0161,16.2,9.2,73.0,Guachipelin,141,2025,0
OMD-159,159 - Jacaranda,OMD,159,OMD-2025-0159,28.3,11.0,237.3,Jacaranda,8,2025,0
OMD-158,158 - Jacaranda,OMD,158,OMD-2025-0158,28.8,12.0,263.2,Jacaranda,8,2025,0
OMD-157,157 - Jacaranda,OMD,157,OMD-2025-0157,29.6,14.0,313.8,Jacaranda,8,2025,0
OMD-156,156 - Jacaranda,OMD,156,OMD-2025-0156,42.1,14.0,643.8,Jacaranda,8,2025,0
OMD-155,155 - Mango,OMD,155,OMD-2025-0155,31.7,8.3,235.2,Mango,14,2025,0
OMD-154,154 - Mango,OMD,154,OMD-2025-0154,16.8,8.3,64.4,Mango,14,2025,0
OMD-153,153 - Mango,OMD,153,OMD-2025-0153,17.2,5.0,45.5,Mango,14,2025,0
OMD-152,152 - Jacaranda,OMD,152,OMD-2025-0152,54.9,17.5,1316.6,Jacaranda,8,2025,0
OMD-150,150 - Jacaranda,OMD,150,OMD-2025-0150,45.8,18.0,929.9,Jacaranda,8,2025,0
OMD-572,"572 - calistemón, hisopo",OMD,572,OMD-2025-0572,24.9,12.3,220.0,"calistemón, hisopo",69,2025,0
OMD-148,148 - Uruca,OMD,148,OMD-2025-0148,15.7,6.2,50.4,Uruca,359,2025,0
OMD-147,147 - Manazana rosa,OMD,147,OMD-2025-0147,15.2,7.5,54.7,Manazana rosa,342,2025,0
OMD-146,146 - Manazana rosa,OMD,146,OMD-2025-0146,15.1,8.1,57.3,Manazana rosa,342,2025,0
OMD-145,145 - Guachipelin,OMD,145,OMD-2025-0145,38.8,17.0,699.7,Guachipelin,141,2025,0
OMD-144,144 - Guachipelin,OMD,144,OMD-2025-0144,46.8,17.0,1025.6,Guachipelin,141,2025,0
OMD-142,142 - Guachipelin,OMD,142,OMD-2025-0142,29.2,13.6,329.3,Guachipelin,141,2025,0
OMD-141,141 - Guachipelin,OMD,141,OMD-2025-0141,29.6,13.6,338.6,Guachipelin,141,2025,0
OMD-140,140 - Guayaba,OMD,140,OMD-2025-0140,19.1,7.8,89.8,Guayaba,297,2025,0
OMD-139,139 - Guanacaste,OMD,139,OMD-2025-0139,87.1,17.2,3445.1,Guanacaste,1,2025,0
OMD-137,137 - Cocobolo,OMD,137,OMD-2025-0137,21.7,4.9,81.1,Cocobolo,136,2025,0
OMD-1458,1458 - Vainillo,OMD,1458,OMD-2025-1458,17.1,8.0,73.1,Vainillo,347,2025,0
OMD-136,136 - Guanacaste,OMD,136,OMD-2025-0136,45.3,16.8,891.4,Guanacaste,1,2025,0
OMD-135,135 - Guanacaste,OMD,135,OMD-2025-0135,61.7,16.8,1674.2,Guanacaste,1,2025,0
OMD-134,134 - Guanacaste,OMD,134,OMD-2025-0134,112.4,18.5,6134.3,Guanacaste,1,2025,0
OMD-133,133 - Guachipelin,OMD,133,OMD-2025-0133,45.5,12.3,752.6,Guachipelin,141,2025,0
OMD-132,132 - Guachipelin,OMD,132,OMD-2025-0132,27.9,12.3,277.5,Guachipelin,141,2025,0
OMD-131,131 - Guachipelin,OMD,131,OMD-2025-0131,33.2,12.3,395.7,Guachipelin,141,2025,0
OMD-130,130 - Guachipelin,OMD,130,OMD-2025-0130,12.4,12.3,53.1,Guachipelin,141,2025,0
OMD-129,129 - Guachipelin,OMD,129,OMD-2025-0129,16.3,10.0,78.9,Guachipelin,141,2025,0
OMD-1457,1457 - Vainillo,OMD,1457,OMD-2025-1457,14.7,8.0,53.7,Vainillo,347,2025,0
OMD-125,125 - Guitite,OMD,125,OMD-2025-0125,26.4,6.0,141.7,Guitite,35,2025,0
OMD-123,123 - Mango,OMD,123,OMD-2025-0123,29.4,7.9,194.1,Mango,14,2025,0
OMD-441,441 - Guachipelin,OMD,441,OMD-2025-0441,28.0,9.5,228.6,Guachipelin,141,2025,0
OMD-122,122 - Mango,OMD,122,OMD-2025-0122,19.5,7.9,84.0,Mango,14,2025,0
OMD-1456,1456 - Guitite,OMD,1456,OMD-2025-1456,18.3,7.3,78.2,Guitite,35,2025,0
OMD-121,121 - Aguacate,OMD,121,OMD-2025-0121,25.0,14.2,248.1,Aguacate,279,2025,0
OMD-110,110 - Lorito,OMD,110,OMD-2025-0110,33.2,9.2,315.6,Lorito,114,2025,0
OMD-109,109 - Lorito,OMD,109,OMD-2025-0109,27.6,9.8,227.4,Lorito,114,2025,0
OMD-106,106 - Roble sabana,OMD,106,OMD-2025-0106,56.3,15.3,1308.5,Roble sabana,6,2025,0
OMD-105,105 - Cinamomun,OMD,105,OMD-2025-0105,61.5,13.4,1487.5,Cinamomun,99,2025,0
OMD-1082,1082 - Llama del bosque,OMD,1082,OMD-2025-1082,25.8,15.0,276.1,Llama del bosque,331,2025,0
OMD-99,99 - Ron ron,OMD,99,OMD-2025-0099,25.2,12.5,228.3,Ron ron,52,2025,0
OMD-1083,1083 - Llama del bosque,OMD,1083,OMD-2025-1083,44.8,13.2,770.4,Llama del bosque,331,2025,0
OMD-98,98 - Guitite,OMD,98,OMD-2025-0098,36.9,9.0,384.8,Guitite,35,2025,0
OMD-97,97 - Guitite,OMD,97,OMD-2025-0097,17.0,8.3,74.4,Guitite,35,2025,0
OMD-96,96 - Targua,OMD,96,OMD-2025-0096,22.2,8.6,131.7,Targua,129,2025,0
OMD-1084,1084 - Cinamomun,OMD,1084,OMD-2025-1084,69.8,17.0,2318.0,Cinamomun,99,2025,0
OMD-95,95 - Targua,OMD,95,OMD-2025-0095,13.7,8.3,47.9,Targua,129,2025,0
OMD-94,94 - Targua,OMD,94,OMD-2025-0094,17.5,8.3,78.9,Targua,129,2025,0
OMD-93,93 - Targua,OMD,93,OMD-2025-0093,17.3,10.5,92.5,Targua,129,2025,0
OMD-92,92 - Targua,OMD,92,OMD-2025-0092,25.7,12.2,233.2,Targua,129,2025,0
OMD-91,91 - Uruca,OMD,91,OMD-2025-0091,12.1,9.0,39.6,Uruca,359,2025,0
OMD-1085,1085 - Uruca,OMD,1085,OMD-2025-1085,34.5,10.0,364.2,Uruca,359,2025,0
OMD-90,90 - Uruca,OMD,90,OMD-2025-0090,12.6,9.0,43.0,Uruca,359,2025,0
OMD-89,89 - Uruca,OMD,89,OMD-2025-0089,16.5,9.0,74.1,Uruca,359,2025,0
OMD-88,88 - quizarrá caca,OMD,88,OMD-2025-0088,33.8,8.6,310.6,quizarrá caca,270,2025,0
OMD-1086,1086 - Llama del bosque,OMD,1086,OMD-2025-1086,44.9,5.0,363.3,Llama del bosque,331,2025,0
OMD-87,87 - Manzana de agua,OMD,87,OMD-2025-0087,34.3,10.0,359.9,Manzana de agua,343,2025,0
OMD-86,86 - Orgullo de la india,OMD,86,OMD-2025-0086,20.8,8.8,117.4,Orgullo de la india,229,2025,0
OMD-85,85 - Orgullo de la india,OMD,85,OMD-2025-0085,23.7,8.8,153.3,Orgullo de la india,229,2025,0
OMD-84,84 - Orgullo de la india,OMD,84,OMD-2025-0084,25.4,8.8,176.5,Orgullo de la india,229,2025,0
OMD-1449,1449 - Casco de venado,OMD,1449,OMD-2025-1449,14.5,11.0,66.9,Casco de venado,54,2025,0
OMD-83,83 - Guanacaste,OMD,83,OMD-2025-0083,62.7,16.0,1665.5,Guanacaste,1,2025,0
OMD-82,82 - Roble sabana,OMD,82,OMD-2025-0082,46.0,15.6,879.7,Roble sabana,6,2025,0
OMD-81,81 - Jacaranda,OMD,81,OMD-2025-0081,54.0,16.7,1227.4,Jacaranda,8,2025,0
OMD-1450,1450 - Casco de venado,OMD,1450,OMD-2025-1450,17.8,11.0,101.7,Casco de venado,54,2025,0
OMD-80,80 - Lorito,OMD,80,OMD-2025-0080,89.9,15.5,3614.5,Lorito,114,2025,0
OMD-78,78 - Lorito,OMD,78,OMD-2025-0078,34.7,15.0,505.4,Lorito,114,2025,0
OMD-77,77 - Lorito,OMD,77,OMD-2025-0077,45.6,15.0,882.3,Lorito,114,2025,0
OMD-76,76 - Lorito,OMD,76,OMD-2025-0076,45.0,20.8,1107.9,Lorito,114,2025,0
OMD-1217,1217 - Níspero,OMD,1217,OMD-2025-1217,12.9,7.0,37.1,Níspero,150,2025,0
OMD-73,73 - laurel de la india,OMD,73,OMD-2025-0073,21.7,10.3,144.7,laurel de la india,171,2025,0
OMD-1087,1087 - Nogal,OMD,1087,OMD-2025-1087,42.5,15.0,764.3,Nogal,226,2025,0
OMD-72,72 - laurel de la india,OMD,72,OMD-2025-0072,26.9,10.3,224.3,laurel de la india,171,2025,0
OMD-71,71 - laurel de la india,OMD,71,OMD-2025-0071,26.0,10.3,209.3,laurel de la india,171,2025,0
OMD-65,65 - Cinamomun,OMD,65,OMD-2025-0065,41.0,15.3,721.3,Cinamomun,99,2025,0
OMD-64,64 - Cinamomun,OMD,64,OMD-2025-0064,31.9,15.3,432.3,Cinamomun,99,2025,0
OMD-1088,1088 - higuerón,OMD,1088,OMD-2025-1088,14.2,8.0,50.0,higuerón,173,2025,0
OMD-1374,1374 - Guachipelin,OMD,1374,OMD-2025-1374,14.3,5.5,37.9,Guachipelin,141,2025,0
OMD-63,63 - Cinamomun,OMD,63,OMD-2025-0063,26.2,15.3,289.3,Cinamomun,99,2025,0
OMD-62,"62 - calistemón, hisopo",OMD,62,OMD-2025-0062,21.5,8.5,122.3,"calistemón, hisopo",69,2025,0
OMD-1089,1089 - higuerón,OMD,1089,OMD-2025-1089,12.5,8.0,38.6,higuerón,173,2025,0
OMD-1674,1674 - jaboncillo,OMD,1674,OMD-2025-1674,15.9,9.0,69.1,jaboncillo,314,2025,0
OMD-61,"61 - calistemón, hisopo",OMD,61,OMD-2025-0061,20.3,8.5,108.8,"calistemón, hisopo",69,2025,0
OMD-60,"60 - calistemón, hisopo",OMD,60,OMD-2025-0060,15.3,9.6,67.2,"calistemón, hisopo",69,2025,0
OMD-1090,1090 - Jacaranda,OMD,1090,OMD-2025-1090,38.1,9.2,378.7,Jacaranda,8,2025,0
OMD-59,"59 - calistemón, hisopo",OMD,59,OMD-2025-0059,19.5,9.6,110.2,"calistemón, hisopo",69,2025,0
OMD-58,"58 - calistemón, hisopo",OMD,58,OMD-2025-0058,15.0,9.6,64.5,"calistemón, hisopo",69,2025,0
OMD-52,52 - ciprés,OMD,52,OMD-2025-0052,49.3,15.4,1055.9,ciprés,135,2025,0
OMD-1091,1091 - Jacaranda,OMD,1091,OMD-2025-1091,31.9,9.6,272.5,Jacaranda,8,2025,0
OMD-51,51 - Guitite,OMD,51,OMD-2025-0051,19.0,8.5,95.0,Guitite,35,2025,0
OMD-1092,1092 - Jacaranda,OMD,1092,OMD-2025-1092,50.0,15.0,964.9,Jacaranda,8,2025,0
OMD-50,50 - Guitite,OMD,50,OMD-2025-0050,14.3,8.5,53.2,Guitite,35,2025,0
OMD-49,49 - Guitite,OMD,49,OMD-2025-0049,21.0,8.5,116.6,Guitite,35,2025,0
OMD-1093,1093 - Jacaranda,OMD,1093,OMD-2025-1093,26.6,9.0,178.9,Jacaranda,8,2025,0
OMD-48,48 - Yos,OMD,48,OMD-2025-0048,39.2,10.2,479.9,Yos,315,2025,0
OMD-44,44 - Madero Negro,OMD,44,OMD-2025-0044,16.7,20.0,142.3,Madero Negro,186,2025,0
OMD-43,43 - Madero Negro,OMD,43,OMD-2025-0043,17.6,20.0,158.3,Madero Negro,186,2025,0
OMD-42,42 - Madero Negro,OMD,42,OMD-2025-0042,24.5,19.8,308.5,Madero Negro,186,2025,0
OMD-1218,1218 - Níspero,OMD,1218,OMD-2025-1218,13.7,7.0,41.9,Níspero,150,2025,0
OMD-1094,1094 - Manazana rosa,OMD,1094,OMD-2025-1094,25.0,8.0,158.7,Manazana rosa,342,2025,0
OMD-41,41 - Targua,OMD,41,OMD-2025-0041,19.7,8.5,102.3,Targua,129,2025,0
OMD-40,40 - Guayaba,OMD,40,OMD-2025-0040,15.4,9.6,68.1,Guayaba,297,2025,0
OMD-1095,1095 - Manazana rosa,OMD,1095,OMD-2025-1095,28.5,9.0,227.2,Manazana rosa,342,2025,0
OMD-39,39 - Guayaba,OMD,39,OMD-2025-0039,16.0,9.6,73.6,Guayaba,297,2025,0
OMD-1096,1096 - Manazana rosa,OMD,1096,OMD-2025-1096,35.5,9.0,355.6,Manazana rosa,342,2025,0
OMD-38,38 - Yos,OMD,38,OMD-2025-0038,29.7,10.2,272.5,Yos,315,2025,0
OMD-37,37 - Guitite,OMD,37,OMD-2025-0037,19.6,7.0,87.0,Guitite,35,2025,0
OMD-1097,1097 - Manazana rosa,OMD,1097,OMD-2025-1097,11.4,9.0,35.0,Manazana rosa,342,2025,0
OMD-36,36 - Sota caballo,OMD,36,OMD-2025-0036,16.2,8.3,67.4,Sota caballo,386,2025,0
OMD-35,35 - Sota caballo,OMD,35,OMD-2025-0035,16.4,9.4,76.1,Sota caballo,386,2025,0
OMD-1098,1098 - Manazana rosa,OMD,1098,OMD-2025-1098,15.5,9.0,65.6,Manazana rosa,342,2025,0
OMD-34,34 - Sota caballo,OMD,34,OMD-2025-0034,15.0,8.3,57.6,Sota caballo,386,2025,0
OMD-1100,1100 - Manazana rosa,OMD,1100,OMD-2025-1100,27.6,8.0,194.2,Manazana rosa,342,2025,0
OMD-33,33 - Sota caballo,OMD,33,OMD-2025-0033,15.0,8.3,57.6,Sota caballo,386,2025,0
OMD-31,31 - Yos,OMD,31,OMD-2025-0031,36.7,13.3,515.9,Yos,315,2025,0
OMD-1101,1101 - Manazana rosa,OMD,1101,OMD-2025-1101,22.5,8.0,128.0,Manazana rosa,342,2025,0
OMD-30,30 - Yos,OMD,30,OMD-2025-0030,33.2,13.3,420.5,Yos,315,2025,0
OMD-29,29 - Yos,OMD,29,OMD-2025-0029,39.9,13.3,611.8,Yos,315,2025,0
OMD-1102,1102 - Manazana rosa,OMD,1102,OMD-2025-1102,19.4,13.2,139.7,Manazana rosa,342,2025,0
OMD-26,26 - Mango,OMD,26,OMD-2025-0026,12.7,6.5,30.1,Mango,14,2025,0
OMD-25,25 - Mango,OMD,25,OMD-2025-0025,14.5,6.0,37.0,Mango,14,2025,0
OMD-1103,1103 - Manazana rosa,OMD,1103,OMD-2025-1103,17.0,13.2,106.7,Manazana rosa,342,2025,0
OMD-24,24 - Yos,OMD,24,OMD-2025-0024,17.5,8.2,78.1,Yos,315,2025,0
OMD-23,23 - Yos,OMD,23,OMD-2025-0023,15.0,8.2,57.1,Yos,315,2025,0
OMD-1104,1104 - Manazana rosa,OMD,1104,OMD-2025-1104,18.0,9.1,89.8,Manazana rosa,342,2025,0
OMD-21,21 - Cedro amargo,OMD,21,OMD-2025-0021,69.1,20.0,2384.0,Cedro amargo,9,2025,0
OMD-1105,1105 - Manazana rosa,OMD,1105,OMD-2025-1105,13.7,9.1,51.4,Manazana rosa,342,2025,0
OMD-20,"20 - calistemón, hisopo",OMD,20,OMD-2025-0020,22.3,7.9,124.4,"calistemón, hisopo",69,2025,0
OMD-1106,1106 - Manazana rosa,OMD,1106,OMD-2025-1106,12.8,9.1,44.8,Manazana rosa,342,2025,0
OMD-19,19 - Uruca,OMD,19,OMD-2025-0019,22.0,6.2,100.2,Uruca,359,2025,0
OMD-18,18 - Uruca,OMD,18,OMD-2025-0018,19.4,6.2,77.6,Uruca,359,2025,0
OMD-1107,1107 - Manazana rosa,OMD,1107,OMD-2025-1107,16.0,9.1,70.6,Manazana rosa,342,2025,0
OMD-17,17 - Uruca,OMD,17,OMD-2025-0017,22.6,6.0,103.2,Uruca,359,2025,0
OMD-1108,1108 - Manazana rosa,OMD,1108,OMD-2025-1108,14.4,9.1,56.9,Manazana rosa,342,2025,0
OMD-16,16 - Uruca,OMD,16,OMD-2025-0016,17.6,5.0,53.8,Uruca,359,2025,0
OMD-15,15 - Uruca,OMD,15,OMD-2025-0015,30.4,6.2,193.9,Uruca,359,2025,0
OMD-1109,1109 - Manazana rosa,OMD,1109,OMD-2025-1109,12.6,9.1,43.4,Manazana rosa,342,2025,0
OMD-14,14 - Casco de venado,OMD,14,OMD-2025-0014,19.8,8.7,105.3,Casco de venado,54,2025,0
OMD-1110,1110 - Jacaranda,OMD,1110,OMD-2025-1110,49.4,16.0,989.9,Jacaranda,8,2025,0
OMD-13,13 - Casco de venado,OMD,13,OMD-2025-0013,15.3,8.7,62.2,Casco de venado,54,2025,0
OMD-12,12 - Casco de venado,OMD,12,OMD-2025-0012,17.1,8.7,78.1,Casco de venado,54,2025,0
OMD-1111,1111 - Jacaranda,OMD,1111,OMD-2025-1111,36.2,15.0,499.3,Jacaranda,8,2025,0
OMD-11,11 - Casco de venado,OMD,11,OMD-2025-0011,21.0,8.7,118.7,Casco de venado,54,2025,0
OMD-10,10 - Guachipelin,OMD,10,OMD-2025-0010,23.7,8.0,142.3,Guachipelin,141,2025,0
OMD-1112,1112 - Jacaranda,OMD,1112,OMD-2025-1112,48.4,15.0,902.9,Jacaranda,8,2025,0
OMD-9,9 - Jacaranda,OMD,9,OMD-2025-0009,29.5,19.0,395.4,Jacaranda,8,2025,0
OMD-8,8 - Jacaranda,OMD,8,OMD-2025-0008,32.7,19.0,487.8,Jacaranda,8,2025,0
OMD-1113,1113 - Aceituno,OMD,1113,OMD-2025-1113,35.7,10.2,396.6,Aceituno,328,2025,0
OMD-7,7 - Jacaranda,OMD,7,OMD-2025-0007,57.2,19.0,1526.3,Jacaranda,8,2025,0
OMD-6,6 - Guachipelin,OMD,6,OMD-2025-0006,34.1,9.5,341.7,Guachipelin,141,2025,0
OMD-1114,1114 - Aceituno,OMD,1114,OMD-2025-1114,40.0,10.2,500.1,Aceituno,328,2025,0
OMD-4,4 - ciprés,OMD,4,OMD-2025-0004,63.5,18.6,2050.0,ciprés,135,2025,0
OMD-1075,1075 - Llama del bosque,OMD,1075,OMD-2025-1075,29.0,13.0,313.5,Llama del bosque,331,2025,0
OMD-1115,1115 - Aceituno,OMD,1115,OMD-2025-1115,23.7,10.2,171.9,Aceituno,328,2025,0
OMD-532,532 - Roble sabana,OMD,532,OMD-2025-0532,67.6,17.6,2119.3,Roble sabana,6,2025,0
OMD-1116,1116 - Aceituno,OMD,1116,OMD-2025-1116,29.7,10.2,272.5,Aceituno,328,2025,0
OMD-1117,"1117 - árbol paraguas, árbol pulpo",OMD,1117,OMD-2025-1117,12.2,7.0,33.1,"árbol paraguas, árbol pulpo",316,2025,0
OMD-529,529 - Níspero,OMD,529,OMD-2025-0529,14.7,9.2,59.9,Níspero,150,2025,0
OMD-1118,"1118 - árbol paraguas, árbol pulpo",OMD,1118,OMD-2025-1118,10.6,7.0,24.8,"árbol paraguas, árbol pulpo",316,2025,0
OMD-1119,"1119 - árbol paraguas, árbol pulpo",OMD,1119,OMD-2025-1119,11.2,7.0,27.8,"árbol paraguas, árbol pulpo",316,2025,0
OMD-1147,1147 - guarumo colorado,OMD,1147,OMD-2025-1147,29.5,10.3,270.8,guarumo colorado,87,2025,0
OMD-1686,1686 - Targua,OMD,1686,OMD-2025-1686,13.5,8.0,45.1,Targua,129,2025,0
OMD-1148,1148 - Cinamomun,OMD,1148,OMD-2025-1148,15.6,11.0,77.7,Cinamomun,99,2025,0
OMD-1149,1149 - chilillo,OMD,1149,OMD-2025-1149,13.9,7.0,43.2,chilillo,281,2025,0
OMD-1150,1150 - chilillo,OMD,1150,OMD-2025-1150,15.3,10.2,70.4,chilillo,281,2025,0
OMD-520,"520 - neem, paraíso",OMD,520,OMD-2025-0520,50.7,17.0,1207.5,"neem, paraíso",246,2025,0
OMD-1151,1151 - itabo,OMD,1151,OMD-2025-1151,30.8,6.5,206.6,itabo,380,2025,0
OMD-1152,1152 - itabo,OMD,1152,OMD-2025-1152,12.7,5.4,29.3,itabo,380,2025,0
OMD-1153,1153 - itabo,OMD,1153,OMD-2025-1153,30.9,6.9,217.9,itabo,380,2025,0
OMD-1154,1154 - Roble sabana,OMD,1154,OMD-2025-1154,13.5,6.0,34.3,Roble sabana,6,2025,0
OMD-519,519 - Llama del bosque,OMD,519,OMD-2025-0519,68.0,18.7,2367.1,Llama del bosque,331,2025,0
OMD-1155,1155 - guarumo colorado,OMD,1155,OMD-2025-1155,35.8,10.7,414.0,guarumo colorado,87,2025,0
OMD-1156,1156 - Guachipelin,OMD,1156,OMD-2025-1156,20.8,7.0,98.3,Guachipelin,141,2025,0
OMD-1157,1157 - Mango,OMD,1157,OMD-2025-1157,18.9,5.0,55.2,Mango,14,2025,0
OMD-1158,1158 - Mango,OMD,1158,OMD-2025-1158,13.5,5.0,27.8,Mango,14,2025,0
OMD-1159,1159 - Cinamomun,OMD,1159,OMD-2025-1159,36.5,5.0,238.1,Cinamomun,99,2025,0
OMD-1160,1160 - Cinamomun,OMD,1160,OMD-2025-1160,33.2,5.0,196.2,Cinamomun,99,2025,0
OMD-1161,1161 - Cinamomun,OMD,1161,OMD-2025-1161,18.0,5.0,56.3,Cinamomun,99,2025,0
OMD-1162,1162 - Yos,OMD,1162,OMD-2025-1162,24.0,10.1,175.1,Yos,315,2025,0
OMD-1163,1163 - Mango,OMD,1163,OMD-2025-1163,31.9,9.3,260.3,Mango,14,2025,0
OMD-1164,1164 - Mango,OMD,1164,OMD-2025-1164,20.1,9.3,101.5,Mango,14,2025,0
OMD-1165,1165 - Mango,OMD,1165,OMD-2025-1165,17.9,9.3,80.1,Mango,14,2025,0
OMD-1166,1166 - Guachipelin,OMD,1166,OMD-2025-1166,65.7,10.0,1355.1,Guachipelin,141,2025,0
OMD-1167,1167 - Guachipelin,OMD,1167,OMD-2025-1167,64.0,6.0,862.8,Guachipelin,141,2025,0
OMD-1168,1168 - Guachipelin,OMD,1168,OMD-2025-1168,47.1,8.2,588.8,Guachipelin,141,2025,0
OMD-1169,1169 - higuerón,OMD,1169,OMD-2025-1169,17.1,5.9,57.7,higuerón,178,2025,0
OMD-1170,1170 - Jocote,OMD,1170,OMD-2025-1170,61.3,9.7,1148.8,Jocote,333,2025,0
OMD-1171,1171 - Jocote,OMD,1171,OMD-2025-1171,59.7,11.0,1200.5,Jocote,333,2025,0
OMD-1172,1172 - Mango,OMD,1172,OMD-2025-1172,17.9,7.0,64.2,Mango,14,2025,0
OMD-1173,1173 - Mango,OMD,1173,OMD-2025-1173,17.0,5.3,46.5,Mango,14,2025,0
OMD-1174,1174 - Jacaranda,OMD,1174,OMD-2025-1174,13.9,6.0,34.7,Jacaranda,8,2025,0
OMD-1175,1175 - Mango,OMD,1175,OMD-2025-1175,19.6,6.0,68.5,Mango,14,2025,0
OMD-1176,1176 - Mango,OMD,1176,OMD-2025-1176,20.2,6.0,72.9,Mango,14,2025,0
OMD-1177,1177 - Mango,OMD,1177,OMD-2025-1177,22.9,4.5,75.2,Mango,14,2025,0
OMD-1178,1178 - Carao,OMD,1178,OMD-2025-1178,77.4,12.0,2181.9,Carao,82,2025,0
OMD-1179,1179 - Caoba,OMD,1179,OMD-2025-1179,54.0,14.0,1106.7,Caoba,10,2025,0
OMD-1180,1180 - Carao,OMD,1180,OMD-2025-1180,74.8,20.0,3029.6,Carao,82,2025,0
OMD-1181,1181 - Caoba,OMD,1181,OMD-2025-1181,21.7,9.0,122.2,Caoba,10,2025,0
OMD-1182,1182 - higuerón,OMD,1182,OMD-2025-1182,25.8,5.0,117.3,higuerón,173,2025,0
OMD-1184,1184 - Mango,OMD,1184,OMD-2025-1184,36.4,5.0,210.1,Mango,14,2025,0
OMD-1185,1185 - Mango,OMD,1185,OMD-2025-1185,32.9,5.0,171.0,Mango,14,2025,0
OMD-1186,1186 - zorrillo,OMD,1186,OMD-2025-1186,13.5,5.0,31.3,zorrillo,93,2025,0
OMD-1187,1187 - guarumo colorado,OMD,1187,OMD-2025-1187,23.8,5.0,99.5,guarumo colorado,87,2025,0
OMD-1189,1189 - Guayaba,OMD,1189,OMD-2025-1189,17.8,5.0,55.0,Guayaba,297,2025,0
OMD-1190,1190 - Guayaba,OMD,1190,OMD-2025-1190,18.2,5.0,57.6,Guayaba,297,2025,0
OMD-1191,1191 - Guayaba,OMD,1191,OMD-2025-1191,21.6,4.6,76.5,Guayaba,297,2025,0
OMD-1192,1192 - Mango,OMD,1192,OMD-2025-1192,75.2,15.0,2172.5,Mango,14,2025,0
OMD-1193,1193 - anona,OMD,1193,OMD-2025-1193,13.6,11.0,58.7,anona,45,2025,0
OMD-1194,1194 - anona,OMD,1194,OMD-2025-1194,13.2,5.0,29.9,anona,45,2025,0
OMD-1123,1123 - Aceituno,OMD,1123,OMD-2025-1123,14.8,8.2,55.5,Aceituno,328,2025,0
OMD-1195,1195 - Yos,OMD,1195,OMD-2025-1195,26.9,5.0,127.8,Yos,315,2025,0
OMD-1196,1196 - Uruca,OMD,1196,OMD-2025-1196,17.8,7.0,71.5,Uruca,359,2025,0
OMD-1197,1197 - Uruca,OMD,1197,OMD-2025-1197,19.4,11.5,125.5,Uruca,359,2025,0
OMD-1198,1198 - Llama del bosque,OMD,1198,OMD-2025-1198,40.8,22.0,947.7,Llama del bosque,331,2025,0
OMD-1124,1124 - Aceituno,OMD,1124,OMD-2025-1124,17.7,8.2,80.0,Aceituno,328,2025,0
OMD-1199,1199 - Llama del bosque,OMD,1199,OMD-2025-1199,45.5,18.0,1012.4,Llama del bosque,331,2025,0
OMD-1200,1200 - Llama del bosque,OMD,1200,OMD-2025-1200,16.5,11.0,87.1,Llama del bosque,331,2025,0
OMD-1201,1201 - Llama del bosque,OMD,1201,OMD-2025-1201,22.5,15.0,208.8,Llama del bosque,331,2025,0
OMD-1202,1202 - Llama del bosque,OMD,1202,OMD-2025-1202,46.0,11.0,705.4,Llama del bosque,331,2025,0
OMD-1125,1125 - Aceituno,OMD,1125,OMD-2025-1125,20.9,7.5,104.7,Aceituno,328,2025,0
OMD-1203,1203 - Cinamomun,OMD,1203,OMD-2025-1203,33.2,5.0,196.2,Cinamomun,99,2025,0
OMD-1205,1205 - Llama del bosque,OMD,1205,OMD-2025-1205,28.9,5.0,147.9,Llama del bosque,331,2025,0
OMD-1206,1206 - Llama del bosque,OMD,1206,OMD-2025-1206,17.8,5.0,55.0,Llama del bosque,331,2025,0
OMD-1207,1207 - Mango,OMD,1207,OMD-2025-1207,17.3,9.2,74.1,Mango,14,2025,0
OMD-1126,1126 - Vainillo,OMD,1126,OMD-2025-1126,23.6,8.0,141.1,Vainillo,347,2025,0
OMD-1208,1208 - Mango,OMD,1208,OMD-2025-1208,14.3,9.2,50.2,Mango,14,2025,0
OMD-1209,1209 - Lorito,OMD,1209,OMD-2025-1209,27.9,14.3,312.1,Lorito,114,2025,0
OMD-1210,1210 - Lorito,OMD,1210,OMD-2025-1210,16.3,13.4,99.1,Lorito,114,2025,0
OMD-1211,1211 - Lorito,OMD,1211,OMD-2025-1211,19.3,14.3,147.1,Lorito,114,2025,0
OMD-1127,1127 - Vainillo,OMD,1127,OMD-2025-1127,19.2,8.0,92.6,Vainillo,347,2025,0
OMD-1212,1212 - Candelillo,OMD,1212,OMD-2025-1212,34.8,12.0,427.2,Candelillo,325,2025,0
OMD-1213,1213 - Candelillo,OMD,1213,OMD-2025-1213,27.6,12.0,266.3,Candelillo,325,2025,0
OMD-1214,1214 - Roble sabana,OMD,1214,OMD-2025-1214,38.1,12.2,494.6,Roble sabana,6,2025,0
OMD-1215,1215 - Targua,OMD,1215,OMD-2025-1215,19.8,5.0,68.4,Targua,129,2025,0
OMD-1216,1216 - Targua,OMD,1216,OMD-2025-1216,14.0,5.0,33.7,Targua,129,2025,0
OMD-1219,1219 - chirca venenosa,OMD,1219,OMD-2025-1219,15.9,8.0,63.0,chirca venenosa,355,2025,0
OMD-1220,1220 - chirca venenosa,OMD,1220,OMD-2025-1220,14.7,8.0,53.7,chirca venenosa,355,2025,0
OMD-1221,1221 - Vainillo,OMD,1221,OMD-2025-1221,22.8,5.0,91.2,Vainillo,347,2025,0
OMD-1222,1222 - Vainillo,OMD,1222,OMD-2025-1222,24.3,10.0,178.2,Vainillo,347,2025,0
OMD-1223,1223 - Vainillo,OMD,1223,OMD-2025-1223,15.9,5.0,43.7,Vainillo,347,2025,0
OMD-1224,1224 - Vainillo,OMD,1224,OMD-2025-1224,11.5,5.0,22.6,Vainillo,347,2025,0
OMD-1225,1225 - Vainillo,OMD,1225,OMD-2025-1225,15.0,5.0,38.8,Vainillo,347,2025,0
OMD-1226,1226 - guayabo mono,OMD,1226,OMD-2025-1226,15.3,7.0,52.5,guayabo mono,288,2025,0
OMD-1227,1227 - chirca venenosa,OMD,1227,OMD-2025-1227,19.0,6.7,79.0,chirca venenosa,355,2025,0
OMD-1228,1228 - chirca venenosa,OMD,1228,OMD-2025-1228,15.7,7.0,55.4,chirca venenosa,355,2025,0
OMD-1229,1229 - Targua,OMD,1229,OMD-2025-1229,28.3,5.0,141.7,Targua,129,2025,0
OMD-1230,1230 - Targua,OMD,1230,OMD-2025-1230,29.0,5.0,148.9,Targua,129,2025,0
OMD-1231,1231 - Targua,OMD,1231,OMD-2025-1231,27.8,5.0,136.6,Targua,129,2025,0
OMD-1129,1129 - Roble sabana,OMD,1129,OMD-2025-1129,18.3,13.2,117.8,Roble sabana,6,2025,0
OMD-1232,1232 - Targua,OMD,1232,OMD-2025-1232,20.0,5.0,69.8,Targua,129,2025,0
OMD-1233,1233 - Nogal,OMD,1233,OMD-2025-1233,54.4,14.7,1244.8,Nogal,226,2025,0
OMD-1234,1234 - Mango,OMD,1234,OMD-2025-1234,30.0,7.2,188.2,Mango,14,2025,0
OMD-1235,1235 - Mango,OMD,1235,OMD-2025-1235,24.8,5.0,96.1,Mango,14,2025,0
OMD-1130,1130 - Nogal,OMD,1130,OMD-2025-1130,74.0,11.0,1860.4,Nogal,226,2025,0
OMD-1236,1236 - Mango,OMD,1236,OMD-2025-1236,24.4,4.2,81.1,Mango,14,2025,0
OMD-1237,1237 - Mango,OMD,1237,OMD-2025-1237,21.0,5.0,68.4,Mango,14,2025,0
OMD-1238,1238 - Mango,OMD,1238,OMD-2025-1238,20.8,4.7,63.9,Mango,14,2025,0
OMD-1239,1239 - Mango,OMD,1239,OMD-2025-1239,20.7,6.2,78.6,Mango,14,2025,0
OMD-1132,1132 - Roble sabana,OMD,1132,OMD-2025-1132,20.1,7.0,87.1,Roble sabana,6,2025,0
OMD-1240,1240 - Vainillo,OMD,1240,OMD-2025-1240,20.0,10.5,124.4,Vainillo,347,2025,0
OMD-1241,1241 - Vainillo,OMD,1241,OMD-2025-1241,20.8,5.0,75.6,Vainillo,347,2025,0
OMD-1242,1242 - Vainillo,OMD,1242,OMD-2025-1242,23.1,10.5,166.9,Vainillo,347,2025,0
OMD-1243,1243 - laurel de la india,OMD,1243,OMD-2025-1243,20.8,11.0,139.7,laurel de la india,171,2025,0
OMD-1133,1133 - Níspero,OMD,1133,OMD-2025-1133,20.3,7.0,93.5,Níspero,150,2025,0
OMD-1244,1244 - laurel de la india,OMD,1244,OMD-2025-1244,15.9,11.3,82.5,laurel de la india,171,2025,0
OMD-1245,1245 - Guitite,OMD,1245,OMD-2025-1245,13.2,10.2,52.1,Guitite,35,2025,0
OMD-1246,1246 - Targua,OMD,1246,OMD-2025-1246,15.9,5.0,43.7,Targua,129,2025,0
OMD-1247,1247 - Targua,OMD,1247,OMD-2025-1247,11.7,5.0,23.4,Targua,129,2025,0
OMD-1134,1134 - Níspero,OMD,1134,OMD-2025-1134,25.1,7.0,144.2,Níspero,150,2025,0
OMD-1248,1248 - Guitite,OMD,1248,OMD-2025-1248,12.8,7.0,36.5,Guitite,35,2025,0
OMD-1249,1249 - Cas,OMD,1249,OMD-2025-1249,12.9,5.0,28.5,Cas,296,2025,0
OMD-1250,1250 - Guachipelin,OMD,1250,OMD-2025-1250,37.8,5.0,255.7,Guachipelin,141,2025,0
OMD-1255,1255 - Roble sabana,OMD,1255,OMD-2025-1255,58.9,5.0,600.3,Roble sabana,6,2025,0
OMD-1256,1256 - Guachipelin,OMD,1256,OMD-2025-1256,28.9,5.0,147.9,Guachipelin,141,2025,0
OMD-1135,1135 - Guachipelin,OMD,1135,OMD-2025-1135,72.4,13.7,2111.1,Guachipelin,141,2025,0
OMD-1257,1257 - Guachipelin,OMD,1257,OMD-2025-1257,28.9,5.0,147.9,Guachipelin,141,2025,0
OMD-1258,1258 - Candelillo,OMD,1258,OMD-2025-1258,48.6,5.0,427.0,Candelillo,325,2025,0
OMD-1259,1259 - Candelillo,OMD,1259,OMD-2025-1259,42.5,5.0,324.8,Candelillo,325,2025,0
OMD-1260,1260 - Vainillo,OMD,1260,OMD-2025-1260,17.5,5.0,53.2,Vainillo,347,2025,0
OMD-1136,1136 - Guapinol,OMD,1136,OMD-2025-1136,48.0,21.0,1273.2,Guapinol,207,2025,0
OMD-1261,1261 - Vainillo,OMD,1261,OMD-2025-1261,15.8,5.0,43.1,Vainillo,347,2025,0
OMD-1262,1262 - Vainillo,OMD,1262,OMD-2025-1262,13.0,5.0,29.0,Vainillo,347,2025,0
OMD-1263,1263 - Vainillo,OMD,1263,OMD-2025-1263,31.3,8.2,255.8,Vainillo,347,2025,0
OMD-1264,1264 - Vainillo,OMD,1264,OMD-2025-1264,21.9,5.0,84.0,Vainillo,347,2025,0
OMD-1137,1137 - higuerón,OMD,1137,OMD-2025-1137,23.2,8.2,138.9,higuerón,175,2025,0
OMD-1265,1265 - Vainillo,OMD,1265,OMD-2025-1265,18.6,11.0,111.2,Vainillo,347,2025,0
OMD-1266,1266 - Vainillo,OMD,1266,OMD-2025-1266,13.2,11.0,55.3,Vainillo,347,2025,0
OMD-1138,1138 - itabo,OMD,1138,OMD-2025-1138,27.8,6.5,167.6,itabo,380,2025,0
OMD-1267,1267 - Vainillo,OMD,1267,OMD-2025-1267,21.3,11.0,146.7,Vainillo,347,2025,0
OMD-1268,1268 - Caña fistula,OMD,1268,OMD-2025-1268,12.9,8.0,41.1,Caña fistula,81,2025,0
OMD-1269,1269 - Caña fistula,OMD,1269,OMD-2025-1269,11.8,8.0,34.3,Caña fistula,81,2025,0
OMD-1270,1270 - Mango,OMD,1270,OMD-2025-1270,33.4,6.3,211.1,Mango,14,2025,0
OMD-1139,1139 - itabo,OMD,1139,OMD-2025-1139,15.2,8.2,58.6,itabo,380,2025,0
OMD-1684,1684 - Guanacaste,OMD,1684,OMD-2025-1684,75.4,13.0,2063.9,Guanacaste,1,2025,0
OMD-1271,1271 - Poro,OMD,1271,OMD-2025-1271,77.3,16.0,2722.8,Poro,153,2025,0
OMD-1272,1272 - Mango,OMD,1272,OMD-2025-1272,14.5,6.5,39.4,Mango,14,2025,0
OMD-1273,1273 - Vainillo,OMD,1273,OMD-2025-1273,17.0,8.2,73.7,Vainillo,347,2025,0
OMD-1274,1274 - Guachipelin,OMD,1274,OMD-2025-1274,18.5,7.2,79.1,Guachipelin,141,2025,0
OMD-1275,1275 - Vainillo,OMD,1275,OMD-2025-1275,15.0,5.0,38.8,Vainillo,347,2025,0
OMD-174,174 - Velo de novia,OMD,174,OMD-2025-0174,14.9,9.6,63.6,Velo de novia,306,2025,0
OMD-1276,1276 - Vainillo,OMD,1276,OMD-2025-1276,13.5,9.3,50.8,Vainillo,347,2025,0
OMD-1277,1277 - Guachipelin,OMD,1277,OMD-2025-1277,25.8,10.0,201.3,Guachipelin,141,2025,0
OMD-1278,1278 - Vainillo,OMD,1278,OMD-2025-1278,23.6,12.5,199.7,Vainillo,347,2025,0
OMD-1279,1279 - Uruca,OMD,1279,OMD-2025-1279,12.5,8.2,39.3,Uruca,359,2025,0
OMD-1280,"1280 - calistemón, hisopo",OMD,1280,OMD-2025-1280,115.6,22.0,7930.1,"calistemón, hisopo",69,2025,0
OMD-1281,1281 - higuerón,OMD,1281,OMD-2025-1281,44.3,13.2,752.9,higuerón,178,2025,0
OMD-1140,1140 - higuerón,OMD,1140,OMD-2025-1140,48.1,13.5,906.3,higuerón,178,2025,0
OMD-1282,1282 - higuerón,OMD,1282,OMD-2025-1282,65.8,20.4,2368.7,higuerón,178,2025,0
OMD-1283,1283 - higuerón,OMD,1283,OMD-2025-1283,30.0,14.5,365.8,higuerón,178,2025,0
OMD-1284,1284 - higuerón,OMD,1284,OMD-2025-1284,24.0,9.5,166.9,higuerón,178,2025,0
OMD-1287,1287 - higuerón,OMD,1287,OMD-2025-1287,43.5,11.4,647.2,higuerón,178,2025,0
OMD-1141,1141 - itabo,OMD,1141,OMD-2025-1141,16.4,8.3,69.1,itabo,380,2025,0
OMD-1288,1288 - higuerón,OMD,1288,OMD-2025-1288,17.2,9.0,81.1,higuerón,178,2025,0
OMD-1289,1289 - higuerón,OMD,1289,OMD-2025-1289,14.3,5.0,35.2,higuerón,178,2025,0
OMD-1291,1291 - nolina,OMD,1291,OMD-2025-1291,14.8,5.0,37.8,nolina,266,2025,0
OMD-1292,1292 - nolina,OMD,1292,OMD-2025-1292,13.5,5.0,31.3,nolina,266,2025,0
OMD-1293,1293 - Casco de venado,OMD,1293,OMD-2025-1293,22.9,7.4,124.9,Casco de venado,54,2025,0
OMD-1143,1143 - guarumo colorado,OMD,1143,OMD-2025-1143,26.1,10.2,209.3,guarumo colorado,87,2025,0
OMD-1294,1294 - Casco de venado,OMD,1294,OMD-2025-1294,20.3,7.4,97.6,Casco de venado,54,2025,0
OMD-1295,1295 - Casco de venado,OMD,1295,OMD-2025-1295,13.5,7.4,42.5,Casco de venado,54,2025,0
OMD-1296,1296 - Mango,OMD,1296,OMD-2025-1296,11.3,6.9,24.8,Mango,14,2025,0
OMD-1297,1297 - Mango,OMD,1297,OMD-2025-1297,11.0,6.9,23.5,Mango,14,2025,0
OMD-1144,1144 - guarumo colorado,OMD,1144,OMD-2025-1144,19.3,8.0,93.6,guarumo colorado,87,2025,0
OMD-1298,1298 - Mango,OMD,1298,OMD-2025-1298,13.9,6.9,37.9,Mango,14,2025,0
OMD-1299,1299 - Uruca,OMD,1299,OMD-2025-1299,25.6,9.0,182.5,Uruca,359,2025,0
OMD-1300,1300 - Uruca,OMD,1300,OMD-2025-1300,18.8,9.0,97.2,Uruca,359,2025,0
OMD-1301,1301 - Uruca,OMD,1301,OMD-2025-1301,12.4,9.0,41.6,Uruca,359,2025,0
OMD-1145,1145 - Nogal,OMD,1145,OMD-2025-1145,30.4,12.0,324.3,Nogal,226,2025,0
OMD-1302,1302 - Uruca,OMD,1302,OMD-2025-1302,18.4,9.0,93.1,Uruca,359,2025,0
OMD-1304,1304 - Guachipelin,OMD,1304,OMD-2025-1304,13.2,5.0,29.9,Guachipelin,141,2025,0
OMD-1305,1305 - Guachipelin,OMD,1305,OMD-2025-1305,16.7,6.7,60.7,Guachipelin,141,2025,0
OMD-1306,1306 - Guachipelin,OMD,1306,OMD-2025-1306,11.9,5.0,24.2,Guachipelin,141,2025,0
OMD-1307,1307 - Guachipelin,OMD,1307,OMD-2025-1307,13.8,5.7,36.3,Guachipelin,141,2025,0
OMD-1146,1146 - Roble sabana,OMD,1146,OMD-2025-1146,24.9,10.0,177.9,Roble sabana,6,2025,0
OMD-1308,1308 - Cortez amarillo,OMD,1308,OMD-2025-1308,16.0,5.2,45.6,Cortez amarillo,200,2025,0
OMD-312,312 - Cedro amargo,OMD,312,OMD-2025-0312,43.6,17.8,851.0,Cedro amargo,9,2025,0
OMD-1309,1309 - Mango,OMD,1309,OMD-2025-1309,13.3,7.2,35.8,Mango,14,2025,0
OMD-1310,1310 - Mango,OMD,1310,OMD-2025-1310,12.0,7.2,29.0,Mango,14,2025,0
OMD-1311,1311 - Cedro amargo,OMD,1311,OMD-2025-1311,20.1,10.0,111.9,Cedro amargo,9,2025,0
OMD-1314,1314 - Targua,OMD,1314,OMD-2025-1314,14.8,5.0,37.8,Targua,129,2025,0
OMD-1315,1315 - Jacaranda,OMD,1315,OMD-2025-1315,19.5,10.0,103.1,Jacaranda,8,2025,0
OMD-1318,1318 - itabo,OMD,1318,OMD-2025-1318,11.2,4.9,21.1,itabo,380,2025,0
OMD-1319,1319 - itabo,OMD,1319,OMD-2025-1319,10.8,4.9,19.5,itabo,380,2025,0
OMD-1320,1320 - itabo,OMD,1320,OMD-2025-1320,10.9,4.6,19.0,itabo,380,2025,0
OMD-1321,1321 - itabo,OMD,1321,OMD-2025-1321,13.2,4.9,29.4,itabo,380,2025,0
OMD-1323,1323 - itabo,OMD,1323,OMD-2025-1323,11.5,3.2,15.9,itabo,380,2025,0
OMD-1324,1324 - itabo,OMD,1324,OMD-2025-1324,14.5,3.9,29.8,itabo,380,2025,0
OMD-1325,1325 - itabo,OMD,1325,OMD-2025-1325,10.9,4.8,19.6,itabo,380,2025,0
OMD-1327,1327 - Guachipelin,OMD,1327,OMD-2025-1327,18.5,6.4,72.2,Guachipelin,141,2025,0
OMD-1328,1328 - Guachipelin,OMD,1328,OMD-2025-1328,19.5,6.4,80.3,Guachipelin,141,2025,0
OMD-1329,1329 - Guachipelin,OMD,1329,OMD-2025-1329,15.2,6.4,48.3,Guachipelin,141,2025,0
OMD-1330,1330 - Guachipelin,OMD,1330,OMD-2025-1330,20.5,6.4,89.0,Guachipelin,141,2025,0
OMD-1332,1332 - Uruca,OMD,1332,OMD-2025-1332,14.6,10.0,63.0,Uruca,359,2025,0
OMD-1333,1333 - Uruca,OMD,1333,OMD-2025-1333,18.1,10.0,97.7,Uruca,359,2025,0
OMD-1334,1334 - Uruca,OMD,1334,OMD-2025-1334,16.0,10.0,76.0,Uruca,359,2025,0
OMD-1335,1335 - Uruca,OMD,1335,OMD-2025-1335,16.0,10.0,76.0,Uruca,359,2025,0
OMD-1336,1336 - itabo,OMD,1336,OMD-2025-1336,26.8,5.0,126.8,itabo,380,2025,0
OMD-1337,1337 - itabo,OMD,1337,OMD-2025-1337,12.4,5.0,26.3,itabo,380,2025,0
OMD-1339,1339 - itabo,OMD,1339,OMD-2025-1339,14.9,4.7,36.5,itabo,380,2025,0
OMD-1340,1340 - itabo,OMD,1340,OMD-2025-1340,14.8,4.7,36.0,itabo,380,2025,0
OMD-1341,1341 - itabo,OMD,1341,OMD-2025-1341,12.7,4.8,26.8,itabo,380,2025,0
OMD-1342,1342 - higuerón,OMD,1342,OMD-2025-1342,28.0,10.0,237.9,higuerón,178,2025,0
OMD-1343,1343 - higuerón,OMD,1343,OMD-2025-1343,21.1,10.0,133.6,higuerón,178,2025,0
OMD-1344,1344 - higuerón,OMD,1344,OMD-2025-1344,16.4,10.0,79.9,higuerón,178,2025,0
OMD-1345,1345 - Madero Negro,OMD,1345,OMD-2025-1345,19.2,10.2,111.9,Madero Negro,186,2025,0
OMD-1347,1347 - Guarumo,OMD,1347,OMD-2025-1347,25.9,13.6,257.8,Guarumo,88,2025,0
OMD-1351,1351 - Roble sabana,OMD,1351,OMD-2025-1351,20.0,8.1,96.5,Roble sabana,6,2025,0
OMD-1352,1352 - higuerón,OMD,1352,OMD-2025-1352,53.8,14.0,1171.6,higuerón,178,2025,0
OMD-1353,1353 - higuerón,OMD,1353,OMD-2025-1353,30.0,14.5,365.8,higuerón,178,2025,0
OMD-1354,1354 - higuerón,OMD,1354,OMD-2025-1354,24.9,15.5,263.5,higuerón,178,2025,0
OMD-1356,1356 - higuerón,OMD,1356,OMD-2025-1356,11.5,14.0,50.3,higuerón,178,2025,0
OMD-1357,1357 - Guitite,OMD,1357,OMD-2025-1357,15.4,6.5,50.2,Guitite,35,2025,0
OMD-1358,1358 - Tuete,OMD,1358,OMD-2025-1358,13.4,5.0,30.8,Tuete,366,2025,0
OMD-1359,1359 - itabo,OMD,1359,OMD-2025-1359,15.2,5.2,41.1,itabo,380,2025,0
OMD-1360,1360 - Guachipelin,OMD,1360,OMD-2025-1360,16.8,6.5,60.0,Guachipelin,141,2025,0
OMD-1361,1361 - Gallinazo,OMD,1361,OMD-2025-1361,28.8,16.2,366.9,Gallinazo,321,2025,0
OMD-1362,1362 - Jacaranda,OMD,1362,OMD-2025-1362,25.0,10.0,171.1,Jacaranda,8,2025,0
OMD-1363,1363 - Mango,OMD,1363,OMD-2025-1363,17.6,5.5,51.4,Mango,14,2025,0
OMD-1364,1364 - Mango,OMD,1364,OMD-2025-1364,17.0,5.5,47.9,Mango,14,2025,0
OMD-1365,1365 - Mango,OMD,1365,OMD-2025-1365,15.8,5.5,41.2,Mango,14,2025,0
OMD-1366,1366 - Mango,OMD,1366,OMD-2025-1366,18.9,5.5,59.4,Mango,14,2025,0
OMD-1367,1367 - Guachipelin,OMD,1367,OMD-2025-1367,12.4,5.0,26.3,Guachipelin,141,2025,0
OMD-1368,1368 - Guachipelin,OMD,1368,OMD-2025-1368,11.5,5.0,22.6,Guachipelin,141,2025,0
OMD-1369,1369 - Guachipelin,OMD,1369,OMD-2025-1369,12.4,4.0,22.1,Guachipelin,141,2025,0
OMD-1370,1370 - Guachipelin,OMD,1370,OMD-2025-1370,14.5,4.3,32.2,Guachipelin,141,2025,0
OMD-1371,1371 - Guachipelin,OMD,1371,OMD-2025-1371,19.9,11.0,127.7,Guachipelin,141,2025,0
OMD-1372,1372 - Guachipelin,OMD,1372,OMD-2025-1372,13.2,4.8,29.0,Guachipelin,141,2025,0
OMD-1373,1373 - Guachipelin,OMD,1373,OMD-2025-1373,13.8,5.3,34.3,Guachipelin,141,2025,0
OMD-504,504 - ciprés,OMD,504,OMD-2025-0504,42.0,10.0,544.0,ciprés,135,2025,0
OMD-1375,1375 - Guachipelin,OMD,1375,OMD-2025-1375,12.2,5.3,26.6,Guachipelin,141,2025,0
OMD-1376,1376 - Mango,OMD,1376,OMD-2025-1376,17.2,6.5,55.9,Mango,14,2025,0
OMD-1377,1377 - Mango,OMD,1377,OMD-2025-1377,16.0,5.1,39.9,Mango,14,2025,0
OMD-1378,1378 - Mango,OMD,1378,OMD-2025-1378,14.0,5.1,30.4,Mango,14,2025,0
OMD-1379,1379 - higuerón,OMD,1379,OMD-2025-1379,25.3,20.0,331.9,higuerón,178,2025,0
OMD-636,636 - Guanacaste,OMD,636,OMD-2025-0636,130.0,21.5,9278.5,Guanacaste,1,2025,0
OMD-1380,1380 - higuerón,OMD,1380,OMD-2025-1380,49.1,20.0,1283.7,higuerón,178,2025,0
OMD-1381,1381 - higuerón,OMD,1381,OMD-2025-1381,37.7,20.0,748.9,higuerón,178,2025,0
OMD-1382,1382 - higuerón,OMD,1382,OMD-2025-1382,39.1,20.0,806.7,higuerón,178,2025,0
OMD-1383,1383 - higuerón,OMD,1383,OMD-2025-1383,45.3,20.0,1089.2,higuerón,178,2025,0
OMD-1384,1384 - higuerón,OMD,1384,OMD-2025-1384,31.5,20.0,519.1,higuerón,178,2025,0
OMD-1385,1385 - higuerón,OMD,1385,OMD-2025-1385,23.0,20.0,273.3,higuerón,178,2025,0
OMD-1386,1386 - Roble sabana,OMD,1386,OMD-2025-1386,29.3,16.6,367.9,Roble sabana,6,2025,0
OMD-1387,1387 - Roble sabana,OMD,1387,OMD-2025-1387,25.5,17.0,282.3,Roble sabana,6,2025,0
OMD-1388,1388 - Lorito,OMD,1388,OMD-2025-1388,14.5,8.0,52.2,Lorito,114,2025,0
OMD-1389,1389 - Lorito,OMD,1389,OMD-2025-1389,16.3,8.0,66.3,Lorito,114,2025,0
OMD-1390,1390 - Lorito,OMD,1390,OMD-2025-1390,19.7,9.3,109.7,Lorito,114,2025,0
OMD-1391,1391 - Lorito,OMD,1391,OMD-2025-1391,14.1,7.9,48.9,Lorito,114,2025,0
OMD-1392,1392 - Lorito,OMD,1392,OMD-2025-1392,18.4,10.9,108.0,Lorito,114,2025,0
OMD-1393,1393 - guabo machete,OMD,1393,OMD-2025-1393,14.4,12.5,72.9,guabo machete,218,2025,0
OMD-1394,1394 - guabo machete,OMD,1394,OMD-2025-1394,18.0,12.5,114.9,guabo machete,218,2025,0
OMD-1395,1395 - guabo machete,OMD,1395,OMD-2025-1395,17.1,12.5,103.5,guabo machete,218,2025,0
OMD-1396,1396 - Jacaranda,OMD,1396,OMD-2025-1396,25.7,14.3,239.2,Jacaranda,8,2025,0
OMD-1397,1397 - Jacaranda,OMD,1397,OMD-2025-1397,17.3,14.3,106.7,Jacaranda,8,2025,0
OMD-1355,1355 - higuerón,OMD,1355,OMD-2025-1355,24.1,15.0,240.3,higuerón,178,2025,0
OMD-1399,1399 - Guayaba,OMD,1399,OMD-2025-1399,22.3,7.0,113.3,Guayaba,297,2025,0
OMD-1400,1400 - Uruca,OMD,1400,OMD-2025-1400,26.7,10.2,219.3,Uruca,359,2025,0
OMD-1401,1401 - Uruca,OMD,1401,OMD-2025-1401,14.4,10.2,62.2,Uruca,359,2025,0
OMD-1402,1402 - Uruca,OMD,1402,OMD-2025-1402,11.2,10.2,37.3,Uruca,359,2025,0
OMD-1403,1403 - Uruca,OMD,1403,OMD-2025-1403,16.8,10.2,85.2,Uruca,359,2025,0
OMD-1404,1404 - Roble sabana,OMD,1404,OMD-2025-1404,18.2,7.3,73.5,Roble sabana,6,2025,0
OMD-1405,1405 - Madero Negro,OMD,1405,OMD-2025-1405,16.8,10.0,83.9,Madero Negro,186,2025,0
OMD-1406,1406 - Madero Negro,OMD,1406,OMD-2025-1406,16.4,8.9,73.0,Madero Negro,186,2025,0
OMD-1407,1407 - Carao,OMD,1407,OMD-2025-1407,18.8,10.2,107.2,Carao,82,2025,0
OMD-1408,1408 - higuerón,OMD,1408,OMD-2025-1408,27.6,10.2,234.6,higuerón,175,2025,0
OMD-1409,1409 - higuerón,OMD,1409,OMD-2025-1409,16.9,10.2,86.3,higuerón,175,2025,0
OMD-1410,1410 - higuerón,OMD,1410,OMD-2025-1410,21.2,10.2,137.0,higuerón,175,2025,0
OMD-1411,1411 - higuerón,OMD,1411,OMD-2025-1411,23.5,10.2,169.0,higuerón,175,2025,0
OMD-1412,1412 - Mango,OMD,1412,OMD-2025-1412,15.4,7.5,49.8,Mango,14,2025,0
OMD-1413,1413 - Mango,OMD,1413,OMD-2025-1413,17.3,7.3,61.9,Mango,14,2025,0
OMD-1414,1414 - Mango,OMD,1414,OMD-2025-1414,13.6,7.3,37.9,Mango,14,2025,0
OMD-1415,1415 - Mango,OMD,1415,OMD-2025-1415,18.4,7.7,73.1,Mango,14,2025,0
OMD-1416,1416 - Vainillo,OMD,1416,OMD-2025-1416,12.3,5.0,25.9,Vainillo,347,2025,0
OMD-1418,1418 - Roble sabana,OMD,1418,OMD-2025-1418,58.5,15.0,1393.3,Roble sabana,6,2025,0
OMD-1419,1419 - Casco de venado,OMD,1419,OMD-2025-1419,13.1,5.0,29.4,Casco de venado,54,2025,0
OMD-1420,1420 - Casco de venado,OMD,1420,OMD-2025-1420,12.4,2.0,12.9,Casco de venado,54,2025,0
OMD-1421,1421 - Guitite,OMD,1421,OMD-2025-1421,15.4,5.0,41.0,Guitite,35,2025,0
OMD-1422,1422 - higuerón,OMD,1422,OMD-2025-1422,57.4,9.0,947.7,higuerón,178,2025,0
OMD-1423,1423 - higuerón,OMD,1423,OMD-2025-1423,34.0,4.0,173.1,higuerón,178,2025,0
OMD-1424,"1424 - h. caballo, guijarro",OMD,1424,OMD-2025-1424,12.0,7.0,32.0,"h. caballo, guijarro",345,2025,0
OMD-1425,1425 - Yos,OMD,1425,OMD-2025-1425,24.5,17.6,281.4,Yos,315,2025,0
OMD-1426,1426 - higuerón,OMD,1426,OMD-2025-1426,55.7,16.9,1456.2,higuerón,178,2025,0
OMD-1427,1427 - higuerón,OMD,1427,OMD-2025-1427,95.6,18.0,4603.7,higuerón,178,2025,0
OMD-1428,1428 - higuerón,OMD,1428,OMD-2025-1428,69.0,24.0,2961.9,higuerón,178,2025,0
OMD-1429,1429 - Guitite,OMD,1429,OMD-2025-1429,19.0,11.4,119.5,Guitite,35,2025,0
OMD-1430,1430 - Casco de venado,OMD,1430,OMD-2025-1430,14.9,12.0,75.7,Casco de venado,54,2025,0
OMD-1431,1431 - Casco de venado,OMD,1431,OMD-2025-1431,17.3,12.0,102.7,Casco de venado,54,2025,0
OMD-1432,1432 - Casco de venado,OMD,1432,OMD-2025-1432,12.7,12.0,54.7,Casco de venado,54,2025,0
OMD-1433,1433 - Casco de venado,OMD,1433,OMD-2025-1433,22.6,12.0,177.1,Casco de venado,54,2025,0
OMD-1434,1434 - Casco de venado,OMD,1434,OMD-2025-1434,22.7,12.0,178.7,Casco de venado,54,2025,0
OMD-1435,1435 - Mango,OMD,1435,OMD-2025-1435,19.4,7.0,75.7,Mango,14,2025,0
OMD-1436,1436 - Mango,OMD,1436,OMD-2025-1436,18.5,7.0,68.7,Mango,14,2025,0
OMD-1437,"1437 - calistemón, hisopo",OMD,1437,OMD-2025-1437,13.3,10.5,54.1,"calistemón, hisopo",69,2025,0
OMD-1438,"1438 - calistemón, hisopo",OMD,1438,OMD-2025-1438,15.4,10.5,73.0,"calistemón, hisopo",69,2025,0
OMD-1439,"1439 - calistemón, hisopo",OMD,1439,OMD-2025-1439,15.4,10.5,73.0,"calistemón, hisopo",69,2025,0
OMD-1440,"1440 - calistemón, hisopo",OMD,1440,OMD-2025-1440,13.4,8.5,46.6,"calistemón, hisopo",69,2025,0
OMD-1441,"1441 - calistemón, hisopo",OMD,1441,OMD-2025-1441,11.0,8.5,31.2,"calistemón, hisopo",69,2025,0
OMD-1442,"1442 - calistemón, hisopo",OMD,1442,OMD-2025-1442,14.2,10.0,59.6,"calistemón, hisopo",69,2025,0
OMD-1443,"1443 - calistemón, hisopo",OMD,1443,OMD-2025-1443,15.2,10.1,69.0,"calistemón, hisopo",69,2025,0
OMD-1444,1444 - muñeco,OMD,1444,OMD-2025-1444,16.9,8.6,75.5,muñeco,119,2025,0
OMD-1445,1445 - Casco de venado,OMD,1445,OMD-2025-1445,18.3,11.0,107.6,Casco de venado,54,2025,0
OMD-1671,1671 - Guitite,OMD,1671,OMD-2025-1671,11.3,7.0,28.3,Guitite,35,2025,0
OMD-1672,1672 - Capulin,OMD,1672,OMD-2025-1672,16.1,8.0,64.7,Capulin,256,2025,0
OMD-1676,1676 - Guachipelin,OMD,1676,OMD-2025-1676,25.9,8.0,170.5,Guachipelin,141,2025,0
OMD-1677,1677 - Sota caballo,OMD,1677,OMD-2025-1677,11.6,8.0,33.1,Sota caballo,386,2025,0
OMD-1678,1678 - Llama del bosque,OMD,1678,OMD-2025-1678,18.3,8.0,84.0,Llama del bosque,331,2025,0
OMD-1679,1679 - Llama del bosque,OMD,1679,OMD-2025-1679,15.9,8.0,63.0,Llama del bosque,331,2025,0
OMD-1680,1680 - Llama del bosque,OMD,1680,OMD-2025-1680,11.8,8.0,34.3,Llama del bosque,331,2025,0
OMD-1681,1681 - Llama del bosque,OMD,1681,OMD-2025-1681,13.8,8.0,47.2,Llama del bosque,331,2025,0
OMD-1682,1682 - Cas,OMD,1682,OMD-2025-1682,18.7,7.0,79.1,Cas,296,2025,0
OMD-1683,1683 - Cas,OMD,1683,OMD-2025-1683,18.9,7.0,80.8,Cas,296,2025,0
OMD-1685,1685 - Cas,OMD,1685,OMD-2025-1685,22.9,7.0,119.6,Cas,296,2025,0
OMD-580,580 - Jacaranda,OMD,580,OMD-2025-0580,51.9,14.5,1014.0,Jacaranda,8,2025,0
OMD-578,578 - Roble sabana,OMD,578,OMD-2025-0578,55.6,23.5,1781.9,Roble sabana,6,2025,0
OMD-577,577 - Roble sabana,OMD,577,OMD-2025-0577,48.0,15.6,959.5,Roble sabana,6,2025,0
OMD-576,"576 - calistemón, hisopo",OMD,576,OMD-2025-0576,18.2,10.1,99.6,"calistemón, hisopo",69,2025,0
OMD-575,"575 - calistemón, hisopo",OMD,575,OMD-2025-0575,26.3,10.1,211.0,"calistemón, hisopo",69,2025,0
OMD-574,"574 - calistemón, hisopo",OMD,574,OMD-2025-0574,20.7,11.5,143.2,"calistemón, hisopo",69,2025,0
OMD-581,581 - Uruca,OMD,581,OMD-2025-0581,36.7,14.0,536.9,Uruca,359,2025,0
OMD-573,"573 - calistemón, hisopo",OMD,573,OMD-2025-0573,24.7,7.5,147.2,"calistemón, hisopo",69,2025,0
OMD-835,835 - itabo,OMD,835,OMD-2024-0835,15.4,5.0,41.0,itabo,380,2024,0
OMD-847,847 - itabo,OMD,847,OMD-2024-0847,16.0,6.0,51.0,itabo,380,2024,0
OMD-854,854 - itabo,OMD,854,OMD-2024-0854,11.4,2.5,12.9,itabo,380,2024,0
OMD-860,860 - Guitite,OMD,860,OMD-2024-0860,11.3,6.0,25.1,Guitite,35,2024,0
OMD-891,891 - Guachipelin,OMD,891,OMD-2024-0891,30.5,6.5,202.5,Guachipelin,141,2024,0
OMD-1673,1673 - Ron ron,OMD,1673,OMD-2023-1673,10.8,5.0,20.1,Ron ron,52,2023,0
OMD-1585,1585 - Guitite,OMD,1585,OMD-2023-1585,10.8,4.4,18.2,Guitite,35,2023,0
OMD-1584,1584 - itabo,OMD,1584,OMD-2023-1584,10.8,4.0,16.9,itabo,380,2023,0
OMD-1417,1417 - Vainillo,OMD,1417,OMD-2023-1417,10.9,4.8,19.8,Vainillo,347,2023,0
OMD-1322,1322 - itabo,OMD,1322,OMD-2023-1322,10.8,4.9,19.7,itabo,380,2023,0
OMD-1251,1251 - Guachipelin,OMD,1251,OMD-2023-1251,31.6,9.0,283.4,Guachipelin,141,2023,0
OMD-1204,1204 - Manazana rosa,OMD,1204,OMD-2023-1204,10.8,8.1,29.2,Manazana rosa,342,2023,0
OMD-836,836 - itabo,OMD,836,OMD-2023-0836,10.8,3.7,15.9,itabo,380,2023,0
OMD-799,799 - Níspero,OMD,799,OMD-2023-0799,19.2,9.4,106.1,Níspero,150,2023,0
OMD-352,352 - Madero Negro,OMD,352,OMD-2023-0352,29.0,20.5,451.6,Madero Negro,186,2023,0
OMD-293,"293 - cenizaro macho, guayaquil",OMD,293,OMD-2023-0293,12.9,8.0,41.6,"cenizaro macho, guayaquil",294,2023,0
OMD-1650,1650 - Guayaba,OMD,1650,OMD-2022-1650,14.0,5.9,38.7,Guayaba,297,2022,0
OMD-1611,1611 - Guitite,OMD,1611,OMD-2022-1611,10.2,5.3,18.7,Guitite,35,2022,0
OMD-1598,1598 - itabo,OMD,1598,OMD-2022-1598,14.3,4.4,32.2,itabo,380,2022,0
OMD-1596,1596 - itabo,OMD,1596,OMD-2022-1596,18.3,4.4,53.2,itabo,380,2022,0
OMD-1543,1543 - itabo,OMD,1543,OMD-2022-1543,16.2,6.3,54.9,itabo,380,2022,0
OMD-1542,1542 - itabo,OMD,1542,OMD-2022-1542,16.5,6.3,57.0,itabo,380,2022,0
OMD-1541,1541 - itabo,OMD,1541,OMD-2022-1541,23.1,4.9,93.1,itabo,380,2022,0
OMD-1530,1530 - Aguacate,OMD,1530,OMD-2022-1530,13.1,9.6,49.4,Aguacate,279,2022,0
OMD-1470,1470 - Lorito,OMD,1470,OMD-2022-1470,17.0,10.5,90.2,Lorito,114,2022,0
OMD-1326,1326 - Uruca,OMD,1326,OMD-2022-1326,11.2,4.1,18.5,Uruca,359,2022,0
OMD-1056,1056 - Llama del bosque,OMD,1056,OMD-2022-1056,25.4,7.8,162.3,Llama del bosque,331,2022,0
OMD-853,853 - Targua,OMD,853,OMD-2022-0853,11.0,2.0,10.2,Targua,129,2022,0
OMD-697,697 - Almendro de playa,OMD,697,OMD-2022-0697,22.5,4.5,82.6,Almendro de playa,350,2022,0
OMD-586,586 - Casco de venado,OMD,586,OMD-2022-0586,29.8,5.0,159.0,Casco de venado,54,2022,0
OMD-585,585 - Casco de venado,OMD,585,OMD-2022-0585,24.0,5.8,114.8,Casco de venado,54,2022,0
OMD-584,584 - Casco de venado,OMD,584,OMD-2022-0584,29.8,5.8,178.5,Casco de venado,54,2022,0
OMD-550,550 - Mango,OMD,550,OMD-2022-0550,32.0,6.9,209.8,Mango,14,2022,0
OMD-547,547 - Llama del bosque,OMD,547,OMD-2022-0547,39.3,7.0,363.5,Llama del bosque,331,2022,0
OMD-546,546 - Llama del bosque,OMD,546,OMD-2022-0546,38.4,7.0,346.7,Llama del bosque,331,2022,0
OMD-544,544 - Malinche,OMD,544,OMD-2022-0544,39.5,9.4,418.8,Malinche,5,2022,0
OMD-337,337 - Guachipelin,OMD,337,OMD-2022-0337,37.2,3.9,206.0,Guachipelin,141,2022,0
OMD-336,336 - Guachipelin,OMD,336,OMD-2022-0336,26.9,4.3,114.8,Guachipelin,141,2022,0
OMD-543,543 - Malinche,OMD,543,OMD-2022-0543,56.7,9.4,875.4,Malinche,5,2022,0
OMD-1303,1303 - Uruca,OMD,1303,OMD-2021-1303,10.1,8.1,25.5,Uruca,359,2021,0
OMD-814,814 - Roble sabana,OMD,814,OMD-2021-0814,12.4,7.0,32.8,Roble sabana,6,2021,0
OMD-899,899 - itabo,OMD,899,OMD-2021-0899,11.3,6.0,25.4,itabo,380,2021,0
OMD-712,712 - flor amarilla,OMD,712,OMD-2021-0712,15.8,2.0,21.4,flor amarilla,83,2021,0
OMD-711,711 - flor amarilla,OMD,711,OMD-2021-0711,20.4,6.0,84.6,flor amarilla,83,2021,0
OMD-695,695 - Almendro de playa,OMD,695,OMD-2021-0695,25.1,10.0,192.3,Almendro de playa,350,2021,0
OMD-694,694 - Almendro de playa,OMD,694,OMD-2021-0694,23.6,8.5,149.4,Almendro de playa,350,2021,0
OMD-643,643 - laurel negro,OMD,643,OMD-2021-0643,26.4,10.0,213.2,laurel negro,123,2021,0
OMD-603,603 - Guachipelin,OMD,603,OMD-2021-0603,15.3,7.0,53.1,Guachipelin,141,2021,0
OMD-602,602 - Guachipelin,OMD,602,OMD-2021-0602,20.0,7.0,91.6,Guachipelin,141,2021,0
OMD-598,598 - Guachipelin,OMD,598,OMD-2021-0598,33.8,7.0,267.3,Guachipelin,141,2021,0
OMD-597,597 - Casco de venado,OMD,597,OMD-2021-0597,23.9,5.0,101.4,Casco de venado,54,2021,0
OMD-579,579 - flor amarilla,OMD,579,OMD-2021-0579,37.9,11.0,480.0,flor amarilla,83,2021,0
OMD-545,545 - flor amarilla,OMD,545,OMD-2021-0545,38.9,12.0,541.7,flor amarilla,83,2021,0
OMD-448,448 - Guachipelin,OMD,448,OMD-2021-0448,17.7,6.0,63.3,Guachipelin,141,2021,0
OMD-433,433 - Roble sabana,OMD,433,OMD-2021-0433,36.5,17.0,592.8,Roble sabana,6,2021,0
OMD-432,432 - Roble sabana,OMD,432,OMD-2021-0432,48.2,18.0,1092.9,Roble sabana,6,2021,0
OMD-357,357 - Guachipelin,OMD,357,OMD-2021-0357,56.8,11.0,1095.7,Guachipelin,141,2021,0
OMD-356,356 - Guachipelin,OMD,356,OMD-2021-0356,34.5,11.0,396.3,Guachipelin,141,2021,0
OMD-32,32 - Reina de la noche,OMD,32,OMD-2021-0032,13.3,3.0,20.6,Reina de la noche,60,2021,0
OMD-279,279 - chilillo,OMD,279,OMD-2021-0279,17.3,6.0,60.5,chilillo,281,2021,0
OMD-277,277 - chilillo,OMD,277,OMD-2021-0277,19.8,6.0,79.6,chilillo,281,2021,0
OMD-261,261 - ciprés,OMD,261,OMD-2021-0261,23.1,7.0,123.0,ciprés,135,2021,0
OMD-247,247 - Cenizaro,OMD,247,OMD-2021-0247,11.8,6.0,27.7,Cenizaro,312,2021,0
OMD-22,22 - Casco de venado,OMD,22,OMD-2021-0022,14.5,5.0,36.6,Casco de venado,54,2021,0
OMD-1627_A,1627_A - Roble sabana,OMD,1627_A,OMD-2021-1627_A,40.4,14.6,647.7,Roble sabana,6,2021,0
OMD-1627_B,1627_B - Casco de venado,OMD,1627_B,OMD-2021-1627_B,10.7,5.8,22.1,Casco de venado,54,2021,0
OMD-1625_A,1625_A - Guachipelin,OMD,1625_A,OMD-2021-1625_A,12.5,8.4,40.5,Guachipelin,141,2021,0
OMD-1625_B,1625_B - laurel de la india,OMD,1625_B,OMD-2021-1625_B,11.6,6.6,28.8,laurel de la india,170,2021,0
OMD-1623_B,1623_B - Guachipelin,OMD,1623_B,OMD-2021-1623_B,12.3,7.7,36.6,Guachipelin,141,2021,0
OMD-1623_A,1623_A - Guayaba,OMD,1623_A,OMD-2021-1623_A,16.1,4.5,41.7,Guayaba,297,2021,0
OMD-1622_A,1622_A - Guachipelin,OMD,1622_A,OMD-2021-1622_A,19.3,13.9,145.4,Guachipelin,141,2021,0
OMD-1622_B,1622_B - Guayaba,OMD,1622_B,OMD-2021-1622_B,10.5,4.5,17.4,Guayaba,297,2021,0
OMD-1621_B,1621_B - jícaro,OMD,1621_B,OMD-2021-1621_B,13.7,3.1,22.5,jícaro,127,2021,0
OMD-1621_A,1621_A - Jacaranda,OMD,1621_A,OMD-2021-1621_A,37.5,17.1,600.3,Jacaranda,8,2021,0
OMD-1620,1620 - Uruca,OMD,1620,OMD-2021-1620,13.0,5.0,29.3,Uruca,359,2021,0
OMD-1603,1603 - Guitite,OMD,1603,OMD-2021-1603,11.8,4.1,20.6,Guitite,35,2021,0
OMD-1602,1602 - Guitite,OMD,1602,OMD-2021-1602,12.2,4.1,22.0,Guitite,35,2021,0
OMD-1600,1600 - Guitite,OMD,1600,OMD-2021-1600,10.4,3.8,15.0,Guitite,35,2021,0
OMD-1565,1565 - itabo,OMD,1565,OMD-2021-1565,12.6,3.9,22.6,itabo,380,2021,0
OMD-1558,1558 - itabo,OMD,1558,OMD-2021-1558,12.4,3.2,18.8,itabo,380,2021,0
OMD-1471,1471 - Lorito,OMD,1471,OMD-2021-1471,34.5,7.8,303.2,Lorito,114,2021,0
OMD-1398,1398 - Guanacaste,OMD,1398,OMD-2021-1398,23.8,9.0,149.0,Guanacaste,1,2021,0
OMD-1350,1350 - Madero Negro,OMD,1350,OMD-2021-1350,12.1,9.0,40.0,Madero Negro,186,2021,0
OMD-1349,1349 - Madero Negro,OMD,1349,OMD-2021-1349,12.9,8.3,42.8,Madero Negro,186,2021,0
OMD-1348,1348 - Madero Negro,OMD,1348,OMD-2021-1348,10.7,5.0,19.7,Madero Negro,186,2021,0
OMD-1346,1346 - Madero Negro,OMD,1346,OMD-2021-1346,11.7,4.7,22.5,Madero Negro,186,2021,0
OMD-1338,1338 - itabo,OMD,1338,OMD-2021-1338,12.6,3.8,22.2,itabo,380,2021,0
OMD-1331,1331 - Guachipelin,OMD,1331,OMD-2021-1331,10.9,5.0,20.4,Guachipelin,141,2021,0
OMD-1317,1317 - Capulin,OMD,1317,OMD-2021-1317,10.0,3.7,13.6,Capulin,256,2021,0
OMD-1316,1316 - Capulin,OMD,1316,OMD-2021-1316,14.4,4.0,30.3,Capulin,256,2021,0
OMD-1313,1313 - Targua,OMD,1313,OMD-2021-1313,10.2,6.1,20.8,Targua,129,2021,0
OMD-1312,1312 - Targua,OMD,1312,OMD-2021-1312,12.5,5.4,28.7,Targua,129,2021,0
OMD-1290,1290 - higuerón,OMD,1290,OMD-2021-1290,12.0,6.0,28.7,higuerón,178,2021,0
OMD-1286,1286 - higuerón,OMD,1286,OMD-2021-1286,16.3,5.4,49.3,higuerón,178,2021,0
OMD-1285,1285 - higuerón,OMD,1285,OMD-2021-1285,12.5,5.0,27.0,higuerón,178,2021,0
OMD-128,128 - Casco de venado,OMD,128,OMD-2021-0128,15.6,4.0,35.7,Casco de venado,54,2021,0
OMD-127,127 - Casco de venado,OMD,127,OMD-2021-0127,24.2,4.0,87.4,Casco de venado,54,2021,0
OMD-126,126 - Casco de venado,OMD,126,OMD-2021-0126,24.7,4.0,91.1,Casco de venado,54,2021,0
OMD-1254,1254 - Guitite,OMD,1254,OMD-2021-1254,10.7,3.8,15.9,Guitite,35,2021,0
OMD-1253,1253 - Guitite,OMD,1253,OMD-2021-1253,11.8,4.3,21.4,Guitite,35,2021,0
OMD-1252,1252 - Guitite,OMD,1252,OMD-2021-1252,10.5,4.0,15.9,Guitite,35,2021,0
OMD-120,120 - Lorito,OMD,120,OMD-2021-0120,25.7,5.0,117.6,Lorito,114,2021,0
OMD-1183,1183 - higuerón,OMD,1183,OMD-2021-1183,18.7,8.0,88.7,higuerón,173,2021,0
OMD-1131,1131 - Uruca,OMD,1131,OMD-2021-1131,26.9,11.0,238.5,Uruca,359,2021,0
OMD-1128,1128 - Mango,OMD,1128,OMD-2021-1128,12.3,4.0,19.5,Mango,14,2021,0
OMD-1099,1099 - Manazana rosa,OMD,1099,OMD-2021-1099,11.0,7.3,28.0,Manazana rosa,342,2021,0
OMD-108,108 - Grevilea,OMD,108,OMD-2021-0108,61.2,12.0,1365.3,Grevilea,191,2021,0
OMD-107,107 - Grevilea,OMD,107,OMD-2021-0107,38.2,12.0,522.0,Grevilea,191,2021,0
OMD-1046,1046 - Llama del bosque,OMD,1046,OMD-2021-1046,26.7,14.0,283.5,Llama del bosque,331,2021,0
OMD-972,972 - barrabas,OMD,972,OMD-2021-0972,10.3,4.2,15.9,barrabas,168,2021,0
OMD-971,971 - barrabas,OMD,971,OMD-2021-0971,11.5,3.8,18.4,barrabas,168,2021,0
OMD-970,970 - Roble sabana,OMD,970,OMD-2021-0970,18.1,5.0,54.6,Roble sabana,6,2021,0
OMD-969,969 - barrabas,OMD,969,OMD-2021-0969,15.2,4.0,33.9,barrabas,168,2021,0
OMD-968,968 - Tuete,OMD,968,OMD-2021-0968,13.3,3.0,19.3,Tuete,408,2021,0
OMD-960,960 - Guayaba,OMD,960,OMD-2021-0960,22.0,5.0,85.6,Guayaba,297,2021,0
OMD-870,870 - Uruca,OMD,870,OMD-2021-0870,13.9,11.0,62.0,Uruca,359,2021,0
OMD-294,294 - Cedro amargo,OMD,294,OMD-2019-0294,26.8,14.0,170.6,Cedro amargo,9,2019,0
OMD-271,271 - Velo de novia,OMD,271,OMD-2019-0271,11.7,5.0,17.7,Velo de novia,306,2019,0
OMD-270,270 - Velo de novia,OMD,270,OMD-2019-0270,11.8,5.0,18.0,Velo de novia,306,2019,0
OMD-760,760 - Leucaena,OMD,760,OMD-2019-0760,22.1,6.0,113.7,Leucaena,231,2019,0
OMD-269,269 - Velo de novia,OMD,269,OMD-2019-0269,14.5,5.0,27.5,Velo de novia,306,2019,0
OMD-667,667 - Eucalipto,OMD,667,OMD-2019-0667,86.9,32.0,3958.8,Eucalipto,160,2019,0
OMD-255,255 - Mango,OMD,255,OMD-2019-0255,23.0,7.0,100.7,Mango,14,2019,0
OMD-239,239 - Cenizaro,OMD,239,OMD-2019-0239,19.7,6.0,65.1,Cenizaro,312,2019,0
OMD-227,227 - Velo de novia,OMD,227,OMD-2019-0227,17.0,6.0,43.8,Velo de novia,306,2019,0
OMD-226,226 - Velo de novia,OMD,226,OMD-2019-0226,12.1,6.0,21.9,Velo de novia,306,2019,0
OMD-620,620 - Guachipelin,OMD,620,OMD-2019-0620,26.6,7.0,241.2,Guachipelin,141,2019,0
OMD-225,225 - Velo de novia,OMD,225,OMD-2019-0225,12.0,6.0,21.5,Velo de novia,306,2019,0
OMD-224,224 - Uruca,OMD,224,OMD-2019-0224,14.5,5.0,31.3,Uruca,359,2019,0
OMD-747,747 - Guanacaste,OMD,747,OMD-2019-0747,29.7,8.0,105.8,Guanacaste,1,2019,0
OMD-223,223 - Velo de novia,OMD,223,OMD-2019-0223,11.6,5.0,17.4,Velo de novia,306,2019,0
OMD-487,487 - Lorito,OMD,487,OMD-2019-0487,55.4,10.0,725.7,Lorito,114,2019,0
OMD-208,208 - Mango,OMD,208,OMD-2019-0208,33.2,6.0,188.8,Mango,14,2019,0
OMD-207,207 - Mango,OMD,207,OMD-2019-0207,34.2,6.0,200.5,Mango,14,2019,0
OMD-619,619 - Guachipelin,OMD,619,OMD-2019-0619,23.1,7.0,180.9,Guachipelin,141,2019,0
OMD-204,204 - Guanabana,OMD,204,OMD-2019-0204,15.2,5.0,24.2,Guanabana,47,2019,0
OMD-486,486 - Lorito,OMD,486,OMD-2019-0486,63.3,11.0,1025.9,Lorito,114,2019,0
OMD-200,200 - Casco de venado,OMD,200,OMD-2019-0200,24.5,4.0,96.9,Casco de venado,54,2019,0
OMD-188,188 - Aguacate,OMD,188,OMD-2019-0188,22.3,7.0,103.1,Aguacate,279,2019,0
OMD-485,485 - Cedro amargo,OMD,485,OMD-2019-0485,51.1,14.0,636.3,Cedro amargo,9,2019,0
OMD-143,143 - Cocobolo,OMD,143,OMD-2019-0143,17.0,7.0,84.9,Cocobolo,136,2019,0
OMD-483,483 - Lorito,OMD,483,OMD-2019-0483,39.9,10.0,371.5,Lorito,114,2019,0
OMD-138,138 - Caña fistula,OMD,138,OMD-2019-0138,15.8,2.0,23.7,Caña fistula,81,2019,0
OMD-482,482 - Lorito,OMD,482,OMD-2019-0482,59.0,10.0,825.1,Lorito,114,2019,0
OMD-481,481 - Lorito,OMD,481,OMD-2019-0481,53.6,10.0,678.4,Lorito,114,2019,0
OMD-746,746 - Guanacaste,OMD,746,OMD-2019-0746,31.8,8.0,121.6,Guanacaste,1,2019,0
OMD-124,124 - Guitite,OMD,124,OMD-2019-0124,16.8,2.0,18.2,Guitite,35,2019,0
OMD-480,480 - Cedro amargo,OMD,480,OMD-2019-0480,35.3,13.0,282.4,Cedro amargo,9,2019,0
OMD-466,466 - Vainillo,OMD,466,OMD-2019-0466,31.7,9.0,192.7,Vainillo,347,2019,0
OMD-79,79 - Grevilea,OMD,79,OMD-2019-0079,31.8,5.0,133.6,Grevilea,191,2019,0
OMD-75,75 - Grevilea,OMD,75,OMD-2019-0075,27.0,5.0,95.7,Grevilea,191,2019,0
OMD-74,74 - Grevilea,OMD,74,OMD-2019-0074,22.6,5.0,66.6,Grevilea,191,2019,0
OMD-596,596 - Roble sabana,OMD,596,OMD-2019-0596,36.9,12.0,381.6,Roble sabana,6,2019,0
OMD-70,70 - Citrico,OMD,70,OMD-2019-0070,17.2,5.0,60.7,Citrico,102,2019,0
OMD-69,69 - Citrico,OMD,69,OMD-2019-0069,15.0,5.0,45.9,Citrico,102,2019,0
OMD-68,68 - Citrico,OMD,68,OMD-2019-0068,14.2,5.0,41.1,Citrico,102,2019,0
OMD-401,401 - Casco de venado,OMD,401,OMD-2019-0401,25.4,7.0,161.3,Casco de venado,54,2019,0
OMD-67,67 - Guitite,OMD,67,OMD-2019-0067,15.8,6.0,37.7,Guitite,35,2019,0
OMD-595,595 - Grevilea,OMD,595,OMD-2019-0595,55.2,14.0,917.5,Grevilea,191,2019,0
OMD-66,66 - Casco de venado,OMD,66,OMD-2019-0066,19.3,5.0,70.9,Casco de venado,54,2019,0
OMD-383,383 - Aguacate,OMD,383,OMD-2019-0383,15.2,7.0,47.2,Aguacate,279,2019,0
OMD-57,57 - Casco de venado,OMD,57,OMD-2019-0057,13.6,5.0,34.7,Casco de venado,54,2019,0
OMD-382,382 - Casco de venado,OMD,382,OMD-2019-0382,24.2,4.0,94.5,Casco de venado,54,2019,0
OMD-56,56 - Casco de venado,OMD,56,OMD-2019-0056,15.9,5.0,47.7,Casco de venado,54,2019,0
OMD-55,55 - Casco de venado,OMD,55,OMD-2019-0055,14.2,5.0,37.9,Casco de venado,54,2019,0
OMD-54,54 - Casco de venado,OMD,54,OMD-2019-0054,14.1,5.0,37.4,Casco de venado,54,2019,0
OMD-53,53 - Casco de venado,OMD,53,OMD-2019-0053,15.2,5.0,43.5,Casco de venado,54,2019,0
OMD-253,253 - Aguacate,OMD,253,OMD-2019-0253,37.8,,10.7,Aguacate,389,2019,0
OMD-761,761 - Leucaena,OMD,761,OMD-2019-0761,23.4,6.0,127.7,Leucaena,231,2019,0
OMD-28,28 - Sacagundí,OMD,28,OMD-2019-0028,17.8,5.0,37.6,Sacagundí,324,2019,0
OMD-27,27 - Sacagundí,OMD,27,OMD-2019-0027,20.9,5.0,52.1,Sacagundí,324,2019,0
OMD-341,341 - Targua,OMD,341,OMD-2019-0341,28.9,11.0,165.8,Targua,129,2019,0
OMD-699,699 - Guachipelin,OMD,699,OMD-2019-0699,39.5,4.0,349.4,Guachipelin,141,2019,0
OMD-297,297 - Candelillo,OMD,297,OMD-2019-0297,34.3,8.0,275.2,Candelillo,325,2019,0
SAL-1437,1437 - higuerón,SAL,1437,SAL-2025-1437,245.6,12.9,24337.1,higuerón,178,2025,0
SAL-1436,1436 - higuerón,SAL,1436,SAL-2025-1436,181.4,13.0,13196.4,higuerón,178,2025,0
SAL-1434,1434 - cerezo,SAL,1434,SAL-2025-1434,30.3,8.5,246.4,cerezo,61,2025,0
SAL-1433,1433 - cerezo,SAL,1433,SAL-2025-1433,35.6,10.0,387.4,cerezo,61,2025,0
SAL-1432,1432 - Yos,SAL,1432,SAL-2025-1432,94.3,16.4,4159.2,Yos,315,2025,0
SAL-1431,1431 - quizarrá caca,SAL,1431,SAL-2025-1431,26.0,12.1,237.2,quizarrá caca,270,2025,0
SAL-1430,1430 - Guitite,SAL,1430,SAL-2025-1430,35.8,12.1,456.7,Guitite,35,2025,0
SAL-1429,1429 - cerezo,SAL,1429,SAL-2025-1429,13.3,5.6,33.3,cerezo,61,2025,0
SAL-1428,1428 - cerezo,SAL,1428,SAL-2025-1428,44.6,11.2,672.0,cerezo,61,2025,0
SAL-1426,1426 - dama,SAL,1426,SAL-2025-1426,57.4,13.3,1282.4,dama,101,2025,0
SAL-1425,1425 - Colpachí,SAL,1425,SAL-2025-1425,30.3,11.0,301.8,Colpachí,130,2025,0
SAL-1424,1424 - cerezo,SAL,1424,SAL-2025-1424,16.5,8.5,71.4,cerezo,61,2025,0
SAL-1423,1423 - Cuajiniquil,SAL,1423,SAL-2025-1423,46.6,11.0,725.5,Cuajiniquil,214,2025,0
SAL-1422,1422 - quizarrá caca,SAL,1422,SAL-2025-1422,35.9,12.8,475.9,quizarrá caca,270,2025,0
SAL-1421,1421 - Jocote,SAL,1421,SAL-2025-1421,45.4,12.5,757.2,Jocote,333,2025,0
SAL-1420,"1420 - h. caballo, guijarro",SAL,1420,SAL-2025-1420,29.5,12.6,317.4,"h. caballo, guijarro",345,2025,0
SAL-1419,1419 - Poro,SAL,1419,SAL-2025-1419,15.2,5.5,41.8,Poro,3,2025,0
SAL-1418,"1418 - h. caballo, guijarro",SAL,1418,SAL-2025-1418,31.9,12.5,369.3,"h. caballo, guijarro",345,2025,0
SAL-1417,1417 - Cuajiniquil,SAL,1417,SAL-2025-1417,39.7,9.5,466.0,Cuajiniquil,214,2025,0
SAL-1416,1416 - aguacatillo,SAL,1416,SAL-2025-1416,18.2,12.7,118.8,aguacatillo,232,2025,0
SAL-1415,1415 - aguacatillo,SAL,1415,SAL-2025-1415,18.3,9.2,93.2,aguacatillo,232,2025,0
SAL-1414,1414 - aguacatillo,SAL,1414,SAL-2025-1414,93.6,17.0,4213.2,aguacatillo,232,2025,0
SAL-1413,1413 - cerezo,SAL,1413,SAL-2025-1413,16.1,6.3,54.0,cerezo,61,2025,0
SAL-1411,1411 - quizarrá caca,SAL,1411,SAL-2025-1411,59.4,15.0,1514.0,quizarrá caca,270,2025,0
SAL-1410,1410 - Cinamomun,SAL,1410,SAL-2025-1410,17.5,8.0,76.5,Cinamomun,99,2025,0
SAL-1409,1409 - ciprés,SAL,1409,SAL-2025-1409,84.3,15.0,3087.2,ciprés,135,2025,0
SAL-1408,1408 - Madero Negro,SAL,1408,SAL-2025-1408,18.3,5.0,58.3,Madero Negro,186,2025,0
SAL-1407,1407 - Yos,SAL,1407,SAL-2025-1407,17.4,10.0,89.9,Yos,315,2025,0
SAL-1406,1406 - Yos,SAL,1406,SAL-2025-1406,31.8,16.1,445.0,Yos,315,2025,0
SAL-1405,1405 - Yos,SAL,1405,SAL-2025-1405,23.4,16.1,239.3,Yos,315,2025,0
SAL-1404,1404 - Yos,SAL,1404,SAL-2025-1404,19.4,10.0,112.8,Yos,315,2025,0
SAL-1403,1403 - Yos,SAL,1403,SAL-2025-1403,31.6,16.1,440.4,Yos,315,2025,0
SAL-1402,1402 - Madero Negro,SAL,1402,SAL-2025-1402,16.3,7.0,60.0,Madero Negro,186,2025,0
SAL-1401,"1401 - h. caballo, guijarro",SAL,1401,SAL-2025-1401,46.2,7.4,524.6,"h. caballo, guijarro",345,2025,0
SAL-1400,1400 - Madero Negro,SAL,1400,SAL-2025-1400,30.7,10.1,289.0,Madero Negro,186,2025,0
SAL-1399,1399 - Capulin,SAL,1399,SAL-2025-1399,61.3,12.8,1425.4,Capulin,357,2025,0
SAL-1398,1398 - Poro cuchillo,SAL,1398,SAL-2025-1398,27.1,8.5,196.7,Poro cuchillo,151,2025,0
SAL-1397,1397 - Guitite,SAL,1397,SAL-2025-1397,15.9,8.2,64.2,Guitite,35,2025,0
SAL-1396,1396 - Guitite,SAL,1396,SAL-2025-1396,24.7,7.3,143.8,Guitite,35,2025,0
SAL-1394,1394 - higuerón,SAL,1394,SAL-2025-1394,78.7,12.0,2255.0,higuerón,175,2025,0
SAL-1393,1393 - higuerón,SAL,1393,SAL-2025-1393,15.6,10.0,72.3,higuerón,178,2025,0
SAL-1392,1392 - higuerón,SAL,1392,SAL-2025-1392,15.5,10.0,70.7,higuerón,178,2025,0
SAL-1391,1391 - higuerón,SAL,1391,SAL-2025-1391,23.4,10.0,165.3,higuerón,178,2025,0
SAL-1390,1390 - higuerón,SAL,1390,SAL-2025-1390,13.3,10.0,51.9,higuerón,178,2025,0
SAL-1389,1389 - higuerón,SAL,1389,SAL-2025-1389,13.3,10.0,51.9,higuerón,178,2025,0
SAL-1388,1388 - higuerón,SAL,1388,SAL-2025-1388,20.1,5.5,76.2,higuerón,178,2025,0
SAL-1387,1387 - higuerón,SAL,1387,SAL-2025-1387,15.7,5.5,46.1,higuerón,178,2025,0
SAL-1386,1386 - higuerón,SAL,1386,SAL-2025-1386,18.3,5.5,62.8,higuerón,178,2025,0
SAL-1385,1385 - higuerón,SAL,1385,SAL-2025-1385,21.2,11.0,144.6,higuerón,178,2025,0
SAL-1384,1384 - higuerón,SAL,1384,SAL-2025-1384,57.0,11.0,1090.4,higuerón,178,2025,0
SAL-1383,1383 - Madero Negro,SAL,1383,SAL-2025-1383,39.4,12.0,549.0,Madero Negro,186,2025,0
SAL-1381,"1381 - h. caballo, guijarro",SAL,1381,SAL-2025-1381,11.3,10.2,38.1,"h. caballo, guijarro",345,2025,0
SAL-1380,"1380 - h. caballo, guijarro",SAL,1380,SAL-2025-1380,15.4,10.2,70.9,"h. caballo, guijarro",345,2025,0
SAL-1379,1379 - cerezo,SAL,1379,SAL-2025-1379,37.5,10.0,431.0,cerezo,61,2025,0
SAL-1378,1378 - Jocote,SAL,1378,SAL-2025-1378,62.5,9.0,1128.9,Jocote,333,2025,0
SAL-1377,1377 - Madero Negro,SAL,1377,SAL-2025-1377,18.1,8.6,86.8,Madero Negro,186,2025,0
SAL-1376,1376 - Madero Negro,SAL,1376,SAL-2025-1376,37.2,11.9,486.6,Madero Negro,186,2025,0
SAL-1375,1375 - Guitite,SAL,1375,SAL-2025-1375,16.5,7.0,60.9,Guitite,35,2025,0
SAL-1374,1374 - Guitite,SAL,1374,SAL-2025-1374,14.7,7.0,48.6,Guitite,35,2025,0
SAL-1373,1373 - Jocote,SAL,1373,SAL-2025-1373,13.9,5.0,33.4,Jocote,333,2025,0
SAL-1372,1372 - Jocote,SAL,1372,SAL-2025-1372,19.7,7.8,95.6,Jocote,333,2025,0
SAL-1371,1371 - Jocote,SAL,1371,SAL-2025-1371,37.3,8.5,376.2,Jocote,333,2025,0
SAL-1370,1370 - higuerón,SAL,1370,SAL-2025-1370,95.4,26.0,6099.3,higuerón,178,2025,0
SAL-1369,1369 - higuerón,SAL,1369,SAL-2025-1369,66.5,26.0,2924.7,higuerón,178,2025,0
SAL-1368,1368 - higuerón,SAL,1368,SAL-2025-1368,114.3,26.0,8827.9,higuerón,178,2025,0
SAL-1367,1367 - higuerón,SAL,1367,SAL-2025-1367,99.8,26.0,6695.4,higuerón,178,2025,0
SAL-1366,1366 - higuerón,SAL,1366,SAL-2025-1366,95.6,26.0,6128.1,higuerón,178,2025,0
SAL-1365,"1365 - h. caballo, guijarro",SAL,1365,SAL-2025-1365,34.5,11.9,416.1,"h. caballo, guijarro",345,2025,0
SAL-1364,"1364 - h. caballo, guijarro",SAL,1364,SAL-2025-1364,22.2,8.2,127.4,"h. caballo, guijarro",345,2025,0
SAL-1363,"1363 - h. caballo, guijarro",SAL,1363,SAL-2025-1363,18.3,9.0,92.0,"h. caballo, guijarro",345,2025,0
SAL-1362,"1362 - h. caballo, guijarro",SAL,1362,SAL-2025-1362,13.7,9.0,51.3,"h. caballo, guijarro",345,2025,0
SAL-1361,"1361 - h. caballo, guijarro",SAL,1361,SAL-2025-1361,18.2,9.0,91.0,"h. caballo, guijarro",345,2025,0
SAL-1360,"1360 - h. caballo, guijarro",SAL,1360,SAL-2025-1360,19.5,8.7,102.5,"h. caballo, guijarro",345,2025,0
SAL-1359,1359 - dama,SAL,1359,SAL-2025-1359,15.3,5.0,40.5,dama,101,2025,0
SAL-1358,1358 - higuerón,SAL,1358,SAL-2025-1358,321.9,20.7,61099.7,higuerón,178,2025,0
SAL-1357,1357 - higuerón,SAL,1357,SAL-2025-1357,172.9,16.7,14550.5,higuerón,178,2025,0
SAL-1356,1356 - Guayaba,SAL,1356,SAL-2025-1356,17.4,5.3,55.0,Guayaba,297,2025,0
SAL-1355,1355 - Guayaba,SAL,1355,SAL-2025-1355,19.8,5.3,71.8,Guayaba,297,2025,0
SAL-1354,1354 - ciprés,SAL,1354,SAL-2025-1354,94.8,16.8,4284.0,ciprés,135,2025,0
SAL-1353,1353 - higuerón,SAL,1353,SAL-2025-1353,160.6,18.5,13554.8,higuerón,178,2025,0
SAL-1352,1352 - Madero Negro,SAL,1352,SAL-2025-1352,27.0,10.7,232.7,Madero Negro,186,2025,0
SAL-1351,1351 - ira café,SAL,1351,SAL-2025-1351,18.5,7.2,78.8,ira café,280,2025,0
SAL-1350,1350 - Cinamomun,SAL,1350,SAL-2025-1350,103.5,17.8,5363.0,Cinamomun,99,2025,0
SAL-1349,1349 - cerezo,SAL,1349,SAL-2025-1349,15.5,9.7,69.3,cerezo,61,2025,0
SAL-1348,1348 - Targua,SAL,1348,SAL-2025-1348,18.9,9.4,101.1,Targua,129,2025,0
SAL-1347,1347 - Targua,SAL,1347,SAL-2025-1347,26.4,9.4,201.4,Targua,129,2025,0
SAL-1346,1346 - Guitite,SAL,1346,SAL-2025-1346,13.6,5.4,33.5,Guitite,35,2025,0
SAL-1344,1344 - higuerón,SAL,1344,SAL-2025-1344,169.5,21.5,17002.0,higuerón,178,2025,0
SAL-1343,1343 - Colpachí,SAL,1343,SAL-2025-1343,22.3,7.8,123.1,Colpachí,130,2025,0
SAL-1342,1342 - Yos,SAL,1342,SAL-2025-1342,25.5,12.1,228.8,Yos,315,2025,0
SAL-1340,1340 - Jocote,SAL,1340,SAL-2025-1340,26.3,7.8,172.5,Jocote,333,2025,0
SAL-1339,1339 - Jocote,SAL,1339,SAL-2025-1339,33.7,12.1,401.8,Jocote,333,2025,0
SAL-1338,1338 - Jocote,SAL,1338,SAL-2025-1338,18.4,4.2,51.1,Jocote,333,2025,0
SAL-1337,1337 - Jocote,SAL,1337,SAL-2025-1337,27.9,8.1,199.7,Jocote,333,2025,0
SAL-1336,"1336 - h. caballo, guijarro",SAL,1336,SAL-2025-1336,32.8,9.9,325.1,"h. caballo, guijarro",345,2025,0
SAL-1335,1335 - Uruca,SAL,1335,SAL-2025-1335,27.5,12.6,275.4,Uruca,359,2025,0
SAL-1334,1334 - higuerón,SAL,1334,SAL-2025-1334,257.7,23.0,42125.5,higuerón,178,2025,0
SAL-1333,1333 - higuerón,SAL,1333,SAL-2025-1333,23.6,29.0,385.7,higuerón,178,2025,0
SAL-1332,"1332 - h. caballo, guijarro",SAL,1332,SAL-2025-1332,16.7,9.6,79.8,"h. caballo, guijarro",345,2025,0
SAL-1330,1330 - higuerón,SAL,1330,SAL-2025-1330,200.7,20.0,22695.6,higuerón,178,2025,0
SAL-1329,"1329 - h. caballo, guijarro",SAL,1329,SAL-2025-1329,26.7,8.2,184.7,"h. caballo, guijarro",345,2025,0
SAL-1327,1327 - higuerón,SAL,1327,SAL-2025-1327,68.4,10.2,1491.8,higuerón,175,2025,0
SAL-1326,"1326 - h. caballo, guijarro",SAL,1326,SAL-2025-1326,41.6,7.0,403.7,"h. caballo, guijarro",345,2025,0
SAL-1325,1325 - higuerón,SAL,1325,SAL-2025-1325,129.1,22.6,10136.5,higuerón,175,2025,0
SAL-1324,"1324 - h. caballo, guijarro",SAL,1324,SAL-2025-1324,29.5,9.4,250.6,"h. caballo, guijarro",345,2025,0
SAL-1323,"1323 - h. caballo, guijarro",SAL,1323,SAL-2025-1323,22.8,9.4,149.1,"h. caballo, guijarro",345,2025,0
SAL-1322,"1322 - h. caballo, guijarro",SAL,1322,SAL-2025-1322,20.5,9.4,119.4,"h. caballo, guijarro",345,2025,0
SAL-1321,"1321 - h. caballo, guijarro",SAL,1321,SAL-2025-1321,15.2,7.0,52.0,"h. caballo, guijarro",345,2025,0
SAL-1320,1320 - peipute,SAL,1320,SAL-2025-1320,14.2,2.8,21.7,peipute,379,2025,0
SAL-1318,1318 - Chicasquil,SAL,1318,SAL-2025-1318,23.5,5.1,98.1,Chicasquil,112,2025,0
SAL-1313,"1313 - h. caballo, guijarro",SAL,1313,SAL-2025-1313,12.9,5.3,30.0,"h. caballo, guijarro",345,2025,0
SAL-1312,"1312 - h. caballo, guijarro",SAL,1312,SAL-2025-1312,12.2,5.3,26.6,"h. caballo, guijarro",345,2025,0
SAL-1311,1311 - higuerón,SAL,1311,SAL-2025-1311,140.7,12.2,7477.5,higuerón,178,2025,0
SAL-1310,1310 - Jocote,SAL,1310,SAL-2025-1310,43.7,7.4,466.3,Jocote,333,2025,0
SAL-1309,1309 - Jocote,SAL,1309,SAL-2025-1309,63.3,7.4,992.1,Jocote,333,2025,0
SAL-1308,1308 - higuerón,SAL,1308,SAL-2025-1308,148.5,18.9,11734.7,higuerón,178,2025,0
SAL-1307,1307 - higuerón,SAL,1307,SAL-2025-1307,153.5,22.0,14133.8,higuerón,178,2025,0
SAL-1306,1306 - Laurel negro,SAL,1306,SAL-2025-1306,31.7,11.0,308.8,Laurel negro,11,2025,0
SAL-1304,1304 - Poro cuchillo,SAL,1304,SAL-2025-1304,47.1,12.2,802.4,Poro cuchillo,151,2025,0
SAL-1303,1303 - Poro cuchillo,SAL,1303,SAL-2025-1303,24.4,9.0,165.2,Poro cuchillo,151,2025,0
SAL-1302,1302 - Poro cuchillo,SAL,1302,SAL-2025-1302,36.0,12.2,463.8,Poro cuchillo,151,2025,0
SAL-1301,1301 - guaba mecate,SAL,1301,SAL-2025-1301,32.0,14.2,411.3,guaba mecate,211,2025,0
SAL-1300,1300 - Poro cuchillo,SAL,1300,SAL-2025-1300,34.6,12.0,423.2,Poro cuchillo,151,2025,0
SAL-1299,1299 - Poro cuchillo,SAL,1299,SAL-2025-1299,31.9,10.1,313.2,Poro cuchillo,151,2025,0
SAL-1298,1298 - guaba mecate,SAL,1298,SAL-2025-1298,31.9,13.3,386.6,guaba mecate,211,2025,0
SAL-1297,1297 - Poro cuchillo,SAL,1297,SAL-2025-1297,40.1,9.5,475.8,Poro cuchillo,151,2025,0
SAL-1296,1296 - Colpachí,SAL,1296,SAL-2025-1296,18.9,10.5,110.8,Colpachí,130,2025,0
SAL-1295,1295 - Poro cuchillo,SAL,1295,SAL-2025-1295,28.0,11.2,259.1,Poro cuchillo,151,2025,0
SAL-1294,1294 - Poro cuchillo,SAL,1294,SAL-2025-1294,39.6,11.2,525.6,Poro cuchillo,151,2025,0
SAL-1293,"1293 - h. caballo, guijarro",SAL,1293,SAL-2025-1293,26.3,10.2,212.8,"h. caballo, guijarro",345,2025,0
SAL-1292,"1292 - h. caballo, guijarro",SAL,1292,SAL-2025-1292,14.6,10.0,63.1,"h. caballo, guijarro",345,2025,0
SAL-1291,1291 - Colpachí,SAL,1291,SAL-2025-1291,39.3,11.6,532.4,Colpachí,130,2025,0
SAL-1290,"1290 - h. caballo, guijarro",SAL,1290,SAL-2025-1290,23.6,11.5,187.0,"h. caballo, guijarro",345,2025,0
SAL-1289,"1289 - h. caballo, guijarro",SAL,1289,SAL-2025-1289,29.9,13.6,345.1,"h. caballo, guijarro",345,2025,0
SAL-1288,1288 - Colpachí,SAL,1288,SAL-2025-1288,16.1,5.8,50.1,Colpachí,130,2025,0
SAL-1287,1287 - Colpachí,SAL,1287,SAL-2025-1287,27.3,8.5,198.5,Colpachí,130,2025,0
SAL-1286,1286 - Colpachí,SAL,1286,SAL-2025-1286,37.0,10.0,420.0,Colpachí,130,2025,0
SAL-1285,1285 - Poro,SAL,1285,SAL-2025-1285,53.4,14.7,1161.6,Poro,3,2025,0
SAL-1284,1284 - Cedro amargo,SAL,1284,SAL-2025-1284,83.0,24.7,4080.0,Cedro amargo,9,2025,0
SAL-1283,1283 - guabo machete,SAL,1283,SAL-2025-1283,14.9,10.2,66.7,guabo machete,218,2025,0
SAL-1282,1282 - guabo machete,SAL,1282,SAL-2025-1282,15.8,10.2,75.3,guabo machete,218,2025,0
SAL-1281,1281 - Guachipelin,SAL,1281,SAL-2025-1281,16.0,8.0,63.6,Guachipelin,141,2025,0
SAL-1280,1280 - Laurel negro,SAL,1280,SAL-2025-1280,27.8,14.6,295.1,Laurel negro,11,2025,0
SAL-1279,1279 - Laurel negro,SAL,1279,SAL-2025-1279,19.5,14.0,138.9,Laurel negro,11,2025,0
SAL-1278,1278 - Guayaba,SAL,1278,SAL-2025-1278,19.7,8.2,99.1,Guayaba,297,2025,0
SAL-1277,1277 - Cedro amargo,SAL,1277,SAL-2025-1277,49.2,28.1,1554.0,Cedro amargo,9,2025,0
SAL-1276,1276 - Nogal,SAL,1276,SAL-2025-1276,27.2,12.9,273.4,Nogal,226,2025,0
SAL-1275,1275 - Guachipelin,SAL,1275,SAL-2025-1275,14.5,5.8,40.7,Guachipelin,141,2025,0
SAL-1274,1274 - Nogal,SAL,1274,SAL-2025-1274,47.4,15.5,979.9,Nogal,226,2025,0
SAL-1273,1273 - Laurel negro,SAL,1273,SAL-2025-1273,25.6,12.0,213.3,Laurel negro,11,2025,0
SAL-1272,1272 - Laurel negro,SAL,1272,SAL-2025-1272,28.6,16.8,348.6,Laurel negro,11,2025,0
SAL-1271,1271 - Guayaba,SAL,1271,SAL-2025-1271,17.0,7.5,68.3,Guayaba,297,2025,0
SAL-1270,1270 - Cedro amargo,SAL,1270,SAL-2025-1270,73.9,25.0,3253.1,Cedro amargo,9,2025,0
SAL-1269,1269 - Guayaba,SAL,1269,SAL-2025-1269,18.4,11.0,108.2,Guayaba,297,2025,0
SAL-1268,1268 - Guayaba,SAL,1268,SAL-2025-1268,20.6,11.0,136.7,Guayaba,297,2025,0
SAL-1267,1267 - Guayaba,SAL,1267,SAL-2025-1267,18.9,11.0,114.4,Guayaba,297,2025,0
SAL-1266,1266 - Cedro amargo,SAL,1266,SAL-2025-1266,73.6,24.0,3126.1,Cedro amargo,9,2025,0
SAL-1265,1265 - eucalipto,SAL,1265,SAL-2025-1265,67.8,27.0,3134.3,eucalipto,162,2025,0
SAL-1263,1263 - Cedro amargo,SAL,1263,SAL-2025-1263,75.9,23.0,3220.9,Cedro amargo,9,2025,0
SAL-1262,1262 - Roble sabana,SAL,1262,SAL-2025-1262,22.1,8.9,127.4,Roble sabana,6,2025,0
SAL-1261,1261 - Laurel negro,SAL,1261,SAL-2025-1261,29.4,18.0,390.3,Laurel negro,11,2025,0
SAL-1260,1260 - Laurel negro,SAL,1260,SAL-2025-1260,23.1,14.5,201.2,Laurel negro,11,2025,0
SAL-1259,1259 - Guachipelin,SAL,1259,SAL-2025-1259,14.0,10.0,57.7,Guachipelin,141,2025,0
SAL-1258,1258 - Guachipelin,SAL,1258,SAL-2025-1258,14.6,8.2,53.8,Guachipelin,141,2025,0
SAL-1257,"1257 - chirraca, bálsamo",SAL,1257,SAL-2025-1257,19.9,15.1,163.9,"chirraca, bálsamo",258,2025,0
SAL-1256,1256 - Laurel negro,SAL,1256,SAL-2025-1256,18.2,10.2,93.9,Laurel negro,11,2025,0
SAL-1255,1255 - Laurel negro,SAL,1255,SAL-2025-1255,45.7,17.0,915.1,Laurel negro,11,2025,0
SAL-1254,1254 - Laurel negro,SAL,1254,SAL-2025-1254,28.4,12.5,272.8,Laurel negro,11,2025,0
SAL-1253,1253 - Laurel negro,SAL,1253,SAL-2025-1253,19.3,17.9,165.0,Laurel negro,11,2025,0
SAL-1252,1252 - Laurel negro,SAL,1252,SAL-2025-1252,45.0,26.3,1247.3,Laurel negro,11,2025,0
SAL-1251,1251 - Nogal,SAL,1251,SAL-2025-1251,55.4,19.9,1638.1,Nogal,226,2025,0
SAL-1250,1250 - Laurel negro,SAL,1250,SAL-2025-1250,26.8,12.3,239.8,Laurel negro,11,2025,0
SAL-1249,1249 - Laurel negro,SAL,1249,SAL-2025-1249,24.6,17.2,260.9,Laurel negro,11,2025,0
SAL-1248,1248 - Poro,SAL,1248,SAL-2025-1248,65.2,24.6,2608.3,Poro,3,2025,0
SAL-1246,1246 - Poro,SAL,1246,SAL-2025-1246,53.0,24.6,1705.1,Poro,3,2025,0
SAL-1245,1245 - Laurel negro,SAL,1245,SAL-2025-1245,20.4,11.2,127.3,Laurel negro,11,2025,0
SAL-1244,1244 - Nogal,SAL,1244,SAL-2025-1244,18.9,11.2,116.3,Nogal,226,2025,0
SAL-1243,1243 - Nogal,SAL,1243,SAL-2025-1243,66.2,25.0,2807.2,Nogal,226,2025,0
SAL-1242,1242 - Poro,SAL,1242,SAL-2025-1242,50.1,17.2,1187.4,Poro,153,2025,0
SAL-1241,1241 - Roble sabana,SAL,1241,SAL-2025-1241,66.4,14.6,1765.4,Roble sabana,6,2025,0
SAL-1240,1240 - Poro,SAL,1240,SAL-2025-1240,86.5,21.0,4101.6,Poro,3,2025,0
SAL-1239,1239 - Guayaba,SAL,1239,SAL-2025-1239,28.8,11.0,270.8,Guayaba,297,2025,0
SAL-1238,1238 - Cedro amargo,SAL,1238,SAL-2025-1238,61.6,15.3,1528.7,Cedro amargo,9,2025,0
SAL-1237,1237 - Guayaba,SAL,1237,SAL-2025-1237,22.2,11.4,163.5,Guayaba,297,2025,0
SAL-1236,1236 - Guayaba,SAL,1236,SAL-2025-1236,22.5,12.3,178.6,Guayaba,297,2025,0
SAL-1235,1235 - Guayaba,SAL,1235,SAL-2025-1235,22.5,11.5,169.3,Guayaba,297,2025,0
SAL-1234,1234 - Nogal,SAL,1234,SAL-2025-1234,52.8,23.1,1664.3,Nogal,226,2025,0
SAL-1233,1233 - Guayaba,SAL,1233,SAL-2025-1233,20.4,7.5,100.0,Guayaba,297,2025,0
SAL-1232,1232 - Guayaba,SAL,1232,SAL-2025-1232,26.9,9.1,202.9,Guayaba,297,2025,0
SAL-1231,1231 - Guayaba,SAL,1231,SAL-2025-1231,22.7,12.7,186.8,Guayaba,297,2025,0
SAL-1230,1230 - Guayaba,SAL,1230,SAL-2025-1230,14.4,8.6,54.3,Guayaba,297,2025,0
SAL-1229,1229 - cerezo,SAL,1229,SAL-2025-1229,17.6,12.2,107.2,cerezo,61,2025,0
SAL-1228,1228 - cerezo,SAL,1228,SAL-2025-1228,14.9,12.2,76.8,cerezo,61,2025,0
SAL-1227,1227 - Poro,SAL,1227,SAL-2025-1227,57.5,19.1,1655.8,Poro,3,2025,0
SAL-1226,1226 - Laurel negro,SAL,1226,SAL-2025-1226,34.0,16.7,493.0,Laurel negro,11,2025,0
SAL-1225,1225 - Guachipelin,SAL,1225,SAL-2025-1225,51.0,13.5,1019.6,Guachipelin,141,2025,0
SAL-1224,1224 - Laurel negro,SAL,1224,SAL-2025-1224,31.4,20.6,493.5,Laurel negro,11,2025,0
SAL-1223,1223 - javillo,SAL,1223,SAL-2025-1223,76.2,21.0,3263.9,javillo,206,2025,0
SAL-1222,1222 - Cedro amargo,SAL,1222,SAL-2025-1222,70.6,22.2,2697.8,Cedro amargo,9,2025,0
SAL-1221,1221 - Cedro amargo,SAL,1221,SAL-2025-1221,59.2,19.9,1730.5,Cedro amargo,9,2025,0
SAL-1220,1220 - Cedro amargo,SAL,1220,SAL-2025-1220,73.4,22.5,2953.9,Cedro amargo,9,2025,0
SAL-1219,1219 - Guayaba,SAL,1219,SAL-2025-1219,18.1,7.3,76.0,Guayaba,297,2025,0
SAL-1218,1218 - Laurel negro,SAL,1218,SAL-2025-1218,15.4,10.3,67.8,Laurel negro,11,2025,0
SAL-1217,1217 - Guayaba,SAL,1217,SAL-2025-1217,28.5,11.4,273.0,Guayaba,297,2025,0
SAL-1216,1216 - Cedro amargo,SAL,1216,SAL-2025-1216,63.6,21.0,2092.3,Cedro amargo,9,2025,0
SAL-1215,1215 - Cedro amargo,SAL,1215,SAL-2025-1215,58.4,20.0,1688.2,Cedro amargo,9,2025,0
SAL-1214,1214 - Laurel negro,SAL,1214,SAL-2025-1214,22.7,12.0,167.2,Laurel negro,11,2025,0
SAL-1213,1213 - Laurel negro,SAL,1213,SAL-2025-1213,16.5,10.2,76.5,Laurel negro,11,2025,0
SAL-1212,1212 - Cedro amargo,SAL,1212,SAL-2025-1212,90.9,25.7,5069.9,Cedro amargo,9,2025,0
SAL-1211,1211 - Guayaba,SAL,1211,SAL-2025-1211,11.9,5.0,24.2,Guayaba,297,2025,0
SAL-1210,1210 - Guayaba,SAL,1210,SAL-2025-1210,17.1,7.0,66.0,Guayaba,297,2025,0
SAL-1209,1209 - Guitite,SAL,1209,SAL-2025-1209,13.9,6.3,39.8,Guitite,35,2025,0
SAL-1208,1208 - higuerón,SAL,1208,SAL-2025-1208,100.9,15.3,4530.0,higuerón,178,2025,0
SAL-1207,1207 - Cedro amargo,SAL,1207,SAL-2025-1207,68.7,24.3,2739.5,Cedro amargo,9,2025,0
SAL-1206,1206 - Cedro amargo,SAL,1206,SAL-2025-1206,43.8,19.3,913.6,Cedro amargo,9,2025,0
SAL-1205,1205 - Guayaba,SAL,1205,SAL-2025-1205,21.5,8.5,122.4,Guayaba,297,2025,0
SAL-1204,1204 - Laurel negro,SAL,1204,SAL-2025-1204,22.1,12.6,165.1,Laurel negro,11,2025,0
SAL-1203,1203 - Laurel negro,SAL,1203,SAL-2025-1203,13.0,5.3,28.3,Laurel negro,11,2025,0
SAL-1202,1202 - Madero Negro,SAL,1202,SAL-2025-1202,12.1,8.0,36.0,Madero Negro,186,2025,0
SAL-1200,1200 - Jocote,SAL,1200,SAL-2025-1200,64.7,9.4,1247.5,Jocote,333,2025,0
SAL-1199,1199 - Cedro amargo,SAL,1199,SAL-2025-1199,78.9,20.0,3122.2,Cedro amargo,9,2025,0
SAL-1198,1198 - lagarto blanco,SAL,1198,SAL-2025-1198,15.2,6.7,50.4,lagarto blanco,383,2025,0
SAL-1197,1197 - lagarto blanco,SAL,1197,SAL-2025-1197,24.4,12.8,217.6,lagarto blanco,383,2025,0
SAL-1196,1196 - Madero Negro,SAL,1196,SAL-2025-1196,18.2,7.1,75.3,Madero Negro,186,2025,0
SAL-1195,1195 - higuerón,SAL,1195,SAL-2025-1195,143.3,22.0,12283.7,higuerón,175,2025,0
SAL-1194,1194 - Nogal,SAL,1194,SAL-2025-1194,20.1,10.0,120.9,Nogal,226,2025,0
SAL-1193,1193 - Pino,SAL,1193,SAL-2025-1193,58.9,31.0,2620.6,Pino,282,2025,0
SAL-1192,1192 - Pino,SAL,1192,SAL-2025-1192,39.4,19.0,785.2,Pino,282,2025,0
SAL-1191,1191 - ciprés,SAL,1191,SAL-2025-1191,69.6,22.5,2869.4,ciprés,135,2025,0
SAL-1190,1190 - ciprés,SAL,1190,SAL-2025-1190,65.4,25.3,2768.3,ciprés,135,2025,0
SAL-1189,1189 - ciprés,SAL,1189,SAL-2025-1189,61.0,20.9,2071.0,ciprés,135,2025,0
SAL-1188,1188 - ciprés,SAL,1188,SAL-2025-1188,29.4,19.8,446.5,ciprés,135,2025,0
SAL-1187,1187 - ciprés,SAL,1187,SAL-2025-1187,54.6,23.8,1823.8,ciprés,135,2025,0
SAL-1186,1186 - ciprés,SAL,1186,SAL-2025-1186,60.2,22.4,2127.9,ciprés,135,2025,0
SAL-1185,1185 - ciprés,SAL,1185,SAL-2025-1185,49.9,20.8,1365.1,ciprés,135,2025,0
SAL-1184,1184 - ciprés,SAL,1184,SAL-2025-1184,51.1,23.3,1568.4,ciprés,135,2025,0
SAL-1183,1183 - ciprés,SAL,1183,SAL-2025-1183,65.9,20.0,2337.5,ciprés,135,2025,0
SAL-1181,1181 - ciprés,SAL,1181,SAL-2025-1181,62.0,18.7,1958.6,ciprés,135,2025,0
SAL-1180,1180 - ciprés,SAL,1180,SAL-2025-1180,52.5,19.6,1446.3,ciprés,135,2025,0
SAL-1179,1179 - ciprés,SAL,1179,SAL-2025-1179,30.5,16.6,419.2,ciprés,135,2025,0
SAL-1178,1178 - ciprés,SAL,1178,SAL-2025-1178,59.1,18.9,1795.3,ciprés,135,2025,0
SAL-1176,1176 - ciprés,SAL,1176,SAL-2025-1176,35.7,20.7,688.3,ciprés,135,2025,0
SAL-1175,1175 - ciprés,SAL,1175,SAL-2025-1175,59.4,20.7,1947.2,ciprés,135,2025,0
SAL-1174,1174 - ciprés,SAL,1174,SAL-2025-1174,39.5,16.1,694.9,ciprés,135,2025,0
SAL-1173,1173 - ciprés,SAL,1173,SAL-2025-1173,52.6,18.7,1403.6,ciprés,135,2025,0
SAL-1172,1172 - Nogal,SAL,1172,SAL-2025-1172,51.9,23.1,1606.9,Nogal,226,2025,0
SAL-1171,1171 - Nogal,SAL,1171,SAL-2025-1171,98.5,28.6,7016.4,Nogal,226,2025,0
SAL-1170,1170 - Nogal,SAL,1170,SAL-2025-1170,59.7,25.1,2285.1,Nogal,226,2025,0
SAL-1169,1169 - eucalipto,SAL,1169,SAL-2025-1169,66.0,34.0,3547.2,eucalipto,162,2025,0
SAL-1168,1168 - Nogal,SAL,1168,SAL-2025-1168,64.8,34.0,3418.0,Nogal,226,2025,0
SAL-1167,1167 - Nogal,SAL,1167,SAL-2025-1167,40.6,32.0,1256.9,Nogal,226,2025,0
SAL-1166,1166 - Nogal,SAL,1166,SAL-2025-1166,70.3,32.6,3901.2,Nogal,226,2025,0
SAL-1165,1165 - Nogal,SAL,1165,SAL-2025-1165,59.8,32.0,2767.7,Nogal,226,2025,0
SAL-1164,1164 - Nogal,SAL,1164,SAL-2025-1164,40.8,24.8,1040.3,Nogal,226,2025,0
SAL-1163,1163 - Nogal,SAL,1163,SAL-2025-1163,46.6,26.4,1431.0,Nogal,226,2025,0
SAL-1162,1162 - Madero Negro,SAL,1162,SAL-2025-1162,21.6,5.9,92.1,Madero Negro,186,2025,0
SAL-1161,1161 - Nogal,SAL,1161,SAL-2025-1161,74.3,32.0,4309.8,Nogal,226,2025,0
SAL-1867,1867 - Sacagundí,SAL,1867,SAL-2025-1867,14.3,6.4,42.6,Sacagundí,324,2025,0
SAL-1160,1160 - murta,SAL,1160,SAL-2025-1160,59.8,15.0,1533.9,murta,257,2025,0
SAL-1159,1159 - Cirri colorado,SAL,1159,SAL-2025-1159,17.4,15.6,127.2,Cirri colorado,244,2025,0
SAL-1158,1158 - Higuerón,SAL,1158,SAL-2025-1158,103.9,15.6,4883.2,Higuerón,183,2025,0
SAL-1157,1157 - Cirri colorado,SAL,1157,SAL-2025-1157,15.8,6.2,50.8,Cirri colorado,244,2025,0
SAL-1156,1156 - Cirri colorado,SAL,1156,SAL-2025-1156,14.0,5.2,34.9,Cirri colorado,244,2025,0
SAL-1155,1155 - Higuerón,SAL,1155,SAL-2025-1155,211.7,27.0,31960.1,Higuerón,183,2025,0
SAL-1154,1154 - aguacatillo,SAL,1154,SAL-2025-1154,13.8,9.0,51.6,aguacatillo,232,2025,0
SAL-1153,1153 - chaperno,SAL,1153,SAL-2025-1153,11.7,6.3,28.0,chaperno,233,2025,0
SAL-1152,1152 - No registrado,SAL,1152,SAL-2025-1152,17.9,11.4,105.9,No registrado,247,2025,0
SAL-1151,1151 - Yos,SAL,1151,SAL-2025-1151,17.0,7.0,65.0,Yos,315,2025,0
SAL-1150,1150 - Yos,SAL,1150,SAL-2025-1150,30.5,9.3,267.5,Yos,315,2025,0
SAL-1149,1149 - Yos,SAL,1149,SAL-2025-1149,53.3,15.0,1212.0,Yos,315,2025,0
SAL-1147,1147 - Cinamomun,SAL,1147,SAL-2025-1147,16.4,7.4,63.0,Cinamomun,99,2025,0
SAL-1146,1146 - Cinamomun,SAL,1146,SAL-2025-1146,22.1,7.4,115.7,Cinamomun,99,2025,0
SAL-1145,1145 - Cuajiniquil,SAL,1145,SAL-2025-1145,15.7,7.0,55.0,Cuajiniquil,214,2025,0
SAL-1144,1144 - Nogal,SAL,1144,SAL-2025-1144,72.1,23.7,3208.5,Nogal,226,2025,0
SAL-1143,1143 - Higuerón,SAL,1143,SAL-2025-1143,154.3,19.6,13058.7,Higuerón,183,2025,0
SAL-1142,1142 - Nogal,SAL,1142,SAL-2025-1142,53.2,21.0,1571.0,Nogal,226,2025,0
SAL-1141,1141 - Cinamomun,SAL,1141,SAL-2025-1141,65.8,18.6,2206.3,Cinamomun,99,2025,0
SAL-1140,1140 - Uruca,SAL,1140,SAL-2025-1140,26.3,7.7,171.3,Uruca,359,2025,0
SAL-1139,1139 - Guachipelin,SAL,1139,SAL-2025-1139,75.0,17.6,2760.4,Guachipelin,141,2025,0
SAL-1138,1138 - Higuerón,SAL,1138,SAL-2025-1138,18.0,15.0,132.8,Higuerón,183,2025,0
SAL-1137,1137 - Higuerón,SAL,1137,SAL-2025-1137,14.1,15.0,80.9,Higuerón,183,2025,0
SAL-1136,1136 - Higuerón,SAL,1136,SAL-2025-1136,18.8,15.0,144.6,Higuerón,183,2025,0
SAL-1135,1135 - Higuerón,SAL,1135,SAL-2025-1135,28.4,15.0,336.8,Higuerón,183,2025,0
SAL-1134,1134 - Cinamomun,SAL,1134,SAL-2025-1134,12.3,5.6,28.2,Cinamomun,99,2025,0
SAL-1133,1133 - higuerón,SAL,1133,SAL-2025-1133,16.8,12.2,98.5,higuerón,175,2025,0
SAL-1132,1132 - Cinamomun,SAL,1132,SAL-2025-1132,17.0,12.2,100.9,Cinamomun,99,2025,0
SAL-1131,1131 - Yos,SAL,1131,SAL-2025-1131,14.9,6.0,43.5,Yos,315,2025,0
SAL-1130,1130 - Higuerón,SAL,1130,SAL-2025-1130,12.5,5.0,26.6,Higuerón,183,2025,0
SAL-1129,"1129 - h. caballo, guijarro",SAL,1129,SAL-2025-1129,19.9,7.0,90.2,"h. caballo, guijarro",345,2025,0
SAL-1128,"1128 - h. caballo, guijarro",SAL,1128,SAL-2025-1128,34.7,10.7,387.8,"h. caballo, guijarro",345,2025,0
SAL-1126,1126 - Madero Negro,SAL,1126,SAL-2025-1126,19.4,9.0,103.7,Madero Negro,186,2025,0
SAL-1125,1125 - No registrado,SAL,1125,SAL-2025-1125,40.9,11.1,557.3,No registrado,163,2025,0
SAL-1124,1124 - Guachipelin,SAL,1124,SAL-2025-1124,28.4,7.4,193.3,Guachipelin,141,2025,0
SAL-1123,1123 - Guachipelin,SAL,1123,SAL-2025-1123,34.3,7.4,284.3,Guachipelin,141,2025,0
SAL-1122,1122 - Guachipelin,SAL,1122,SAL-2025-1122,39.6,7.4,382.4,Guachipelin,141,2025,0
SAL-1121,1121 - Higuerón,SAL,1121,SAL-2025-1121,36.8,15.0,569.4,Higuerón,183,2025,0
SAL-1120,1120 - Higuerón,SAL,1120,SAL-2025-1120,31.8,15.0,422.7,Higuerón,183,2025,0
SAL-1119,1119 - Higuerón,SAL,1119,SAL-2025-1119,32.0,15.0,428.7,Higuerón,183,2025,0
SAL-1118,1118 - Higuerón,SAL,1118,SAL-2025-1118,41.4,15.0,723.8,Higuerón,183,2025,0
SAL-1117,1117 - Higuerón,SAL,1117,SAL-2025-1117,50.7,15.0,1094.0,Higuerón,183,2025,0
SAL-1116,1116 - Guachipelin,SAL,1116,SAL-2025-1116,41.1,11.1,563.7,Guachipelin,141,2025,0
SAL-1115,1115 - Guachipelin,SAL,1115,SAL-2025-1115,48.8,11.4,819.6,Guachipelin,141,2025,0
SAL-1114,1114 - Madero Negro,SAL,1114,SAL-2025-1114,22.2,8.0,124.6,Madero Negro,186,2025,0
SAL-1113,1113 - Jocote,SAL,1113,SAL-2025-1113,31.4,8.0,252.4,Jocote,333,2025,0
SAL-1112,1112 - pino australiano,SAL,1112,SAL-2025-1112,93.8,23.2,5400.1,pino australiano,85,2025,0
SAL-1111,1111 - Jocote,SAL,1111,SAL-2025-1111,32.2,8.0,265.1,Jocote,333,2025,0
SAL-1109,1109 - Uruca,SAL,1109,SAL-2025-1109,13.5,4.1,26.4,Uruca,359,2025,0
SAL-1108,1108 - Uruca,SAL,1108,SAL-2025-1108,21.0,2.7,47.7,Uruca,359,2025,0
SAL-1107,1107 - Uruca,SAL,1107,SAL-2025-1107,17.4,4.1,44.8,Uruca,359,2025,0
SAL-1106,1106 - Uruca,SAL,1106,SAL-2025-1106,22.4,6.4,106.9,Uruca,359,2025,0
SAL-1105,1105 - Madero Negro,SAL,1105,SAL-2025-1105,25.0,6.0,127.2,Madero Negro,186,2025,0
SAL-1103,1103 - Madero Negro,SAL,1103,SAL-2025-1103,47.9,13.0,874.1,Madero Negro,186,2025,0
SAL-1102,1102 - higuerón,SAL,1102,SAL-2025-1102,183.9,23.5,21519.5,higuerón,178,2025,0
SAL-1101,1101 - Madero Negro,SAL,1101,SAL-2025-1101,34.2,8.3,308.9,Madero Negro,186,2025,0
SAL-1100,1100 - Guachipelin,SAL,1100,SAL-2025-1100,92.7,15.0,3753.3,Guachipelin,141,2025,0
SAL-1099,1099 - Nogal,SAL,1099,SAL-2025-1099,22.8,12.0,179.8,Nogal,226,2025,0
SAL-1098,1098 - Cirri colorado,SAL,1098,SAL-2025-1098,41.8,17.7,839.4,Cirri colorado,244,2025,0
SAL-1097,1097 - Cirri colorado,SAL,1097,SAL-2025-1097,72.0,17.7,2545.0,Cirri colorado,244,2025,0
SAL-1096,1096 - Higuerón,SAL,1096,SAL-2025-1096,94.8,17.7,4455.8,Higuerón,183,2025,0
SAL-1095,1095 - Madero Negro,SAL,1095,SAL-2025-1095,41.7,10.0,536.6,Madero Negro,186,2025,0
SAL-1094,1094 - No registrado,SAL,1094,SAL-2025-1094,13.3,7.0,39.3,No registrado,128,2025,0
SAL-1093,1093 - Cirri colorado,SAL,1093,SAL-2025-1093,14.6,8.0,53.1,Cirri colorado,244,2025,0
SAL-1092,1092 - Laurel negro,SAL,1092,SAL-2025-1092,16.1,12.0,82.8,Laurel negro,11,2025,0
SAL-1090,1090 - Madero Negro,SAL,1090,SAL-2025-1090,15.7,6.5,51.9,Madero Negro,186,2025,0
SAL-1089,1089 - Vainillo,SAL,1089,SAL-2025-1089,14.3,4.0,29.7,Vainillo,347,2025,0
SAL-1088,1088 - Madero Negro,SAL,1088,SAL-2025-1088,25.8,9.0,186.0,Madero Negro,186,2025,0
SAL-1087,1087 - Madero Negro,SAL,1087,SAL-2025-1087,25.7,8.0,167.5,Madero Negro,186,2025,0
SAL-1086,1086 - Madero Negro,SAL,1086,SAL-2025-1086,14.0,6.5,41.1,Madero Negro,186,2025,0
SAL-1085,1085 - Madero Negro,SAL,1085,SAL-2025-1085,33.5,7.5,274.5,Madero Negro,186,2025,0
SAL-1084,1084 - Madero Negro,SAL,1084,SAL-2025-1084,36.7,12.5,491.0,Madero Negro,186,2025,0
SAL-1083,1083 - higuerón,SAL,1083,SAL-2025-1083,127.5,18.0,8279.1,higuerón,178,2025,0
SAL-1082,1082 - Vainillo,SAL,1082,SAL-2025-1082,32.5,9.0,296.6,Vainillo,347,2025,0
SAL-1081,1081 - higuerón,SAL,1081,SAL-2025-1081,140.1,18.9,10424.6,higuerón,178,2025,0
SAL-1080,1080 - Uruca,SAL,1080,SAL-2025-1080,36.0,11.8,452.1,Uruca,359,2025,0
SAL-1079,1079 - Uruca,SAL,1079,SAL-2025-1079,28.7,11.8,285.0,Uruca,359,2025,0
SAL-1078,1078 - Uruca,SAL,1078,SAL-2025-1078,33.4,11.8,388.5,Uruca,359,2025,0
SAL-1077,1077 - ira café,SAL,1077,SAL-2025-1077,83.1,19.8,3728.4,ira café,280,2025,0
SAL-1076,1076 - Cirri colorado,SAL,1076,SAL-2025-1076,44.4,16.8,912.3,Cirri colorado,244,2025,0
SAL-1075,1075 - Cirri colorado,SAL,1075,SAL-2025-1075,48.7,16.8,1100.7,Cirri colorado,244,2025,0
SAL-1074,1074 - Cirri colorado,SAL,1074,SAL-2025-1074,38.2,16.8,670.9,Cirri colorado,244,2025,0
SAL-1073,1073 - Cirri colorado,SAL,1073,SAL-2025-1073,90.5,16.8,3901.2,Cirri colorado,244,2025,0
SAL-1072,1072 - Cirri colorado,SAL,1072,SAL-2025-1072,65.3,16.8,2003.6,Cirri colorado,244,2025,0
SAL-1070,1070 - Targua,SAL,1070,SAL-2025-1070,22.1,12.1,170.9,Targua,129,2025,0
SAL-1069,1069 - Vainillo,SAL,1069,SAL-2025-1069,62.7,17.0,1864.9,Vainillo,347,2025,0
SAL-1068,1068 - Vainillo,SAL,1068,SAL-2025-1068,17.5,11.0,98.1,Vainillo,347,2025,0
SAL-1067,1067 - Vainillo,SAL,1067,SAL-2025-1067,29.0,10.0,254.8,Vainillo,347,2025,0
SAL-1066,1066 - Higuerón,SAL,1066,SAL-2025-1066,30.6,7.2,220.8,Higuerón,183,2025,0
SAL-1065,1065 - Higuerón,SAL,1065,SAL-2025-1065,52.0,12.8,1020.1,Higuerón,183,2025,0
SAL-1064,1064 - Cirri colorado,SAL,1064,SAL-2025-1064,37.2,18.0,670.2,Cirri colorado,244,2025,0
SAL-1063,1063 - Cirri colorado,SAL,1063,SAL-2025-1063,17.0,7.0,65.3,Cirri colorado,244,2025,0
SAL-1062,1062 - Cirri colorado,SAL,1062,SAL-2025-1062,18.9,7.0,80.5,Cirri colorado,244,2025,0
SAL-1061,1061 - Cirri colorado,SAL,1061,SAL-2025-1061,26.2,15.2,287.4,Cirri colorado,244,2025,0
SAL-1060,1060 - Cirri colorado,SAL,1060,SAL-2025-1060,33.7,17.8,545.3,Cirri colorado,244,2025,0
SAL-1059,1059 - Cirri colorado,SAL,1059,SAL-2025-1059,43.6,17.8,917.9,Cirri colorado,244,2025,0
SAL-1058,1058 - Cirri colorado,SAL,1058,SAL-2025-1058,36.8,17.8,650.3,Cirri colorado,244,2025,0
SAL-1057,1057 - Cirri colorado,SAL,1057,SAL-2025-1057,16.8,9.0,77.5,Cirri colorado,244,2025,0
SAL-1056,1056 - Cirri colorado,SAL,1056,SAL-2025-1056,49.1,11.6,840.5,Cirri colorado,244,2025,0
SAL-1055,1055 - Cirri colorado,SAL,1055,SAL-2025-1055,35.5,11.6,433.9,Cirri colorado,244,2025,0
SAL-1054,1054 - chaperno,SAL,1054,SAL-2025-1054,59.4,21.0,1967.8,chaperno,233,2025,0
SAL-1053,1053 - Madero Negro,SAL,1053,SAL-2025-1053,24.0,9.0,159.5,Madero Negro,186,2025,0
SAL-1052,1052 - chaperno,SAL,1052,SAL-2025-1052,33.4,9.0,313.3,chaperno,233,2025,0
SAL-1051,1051 - Madero Negro,SAL,1051,SAL-2025-1051,26.6,10.0,214.8,Madero Negro,186,2025,0
SAL-1050,1050 - Higuerón,SAL,1050,SAL-2025-1050,18.6,15.6,145.4,Higuerón,180,2025,0
SAL-1049,1049 - Higuerón,SAL,1049,SAL-2025-1049,20.7,15.6,181.3,Higuerón,180,2025,0
SAL-1048,1048 - Cirri colorado,SAL,1048,SAL-2025-1048,42.1,15.6,771.1,Cirri colorado,244,2025,0
SAL-1047,1047 - Cirri colorado,SAL,1047,SAL-2025-1047,39.1,15.6,663.4,Cirri colorado,244,2025,0
SAL-1046,1046 - Cirri colorado,SAL,1046,SAL-2025-1046,53.0,15.6,1235.3,Cirri colorado,244,2025,0
SAL-1045,1045 - higuerón,SAL,1045,SAL-2025-1045,75.5,11.0,1938.7,higuerón,175,2025,0
SAL-1044,1044 - higuerón,SAL,1044,SAL-2025-1044,27.1,17.6,345.4,higuerón,175,2025,0
SAL-1043,1043 - Cirri colorado,SAL,1043,SAL-2025-1043,76.8,16.5,2754.4,Cirri colorado,244,2025,0
SAL-1042,1042 - Yos,SAL,1042,SAL-2025-1042,33.5,12.6,410.6,Yos,315,2025,0
SAL-1041,1041 - lagarto blanco,SAL,1041,SAL-2025-1041,27.3,16.2,328.0,lagarto blanco,383,2025,0
SAL-1040,1040 - Cirri colorado,SAL,1040,SAL-2025-1040,22.4,7.0,113.8,Cirri colorado,244,2025,0
SAL-1039,1039 - Cirri colorado,SAL,1039,SAL-2025-1039,52.5,21.1,1536.6,Cirri colorado,244,2025,0
SAL-1038,1038 - Cirri colorado,SAL,1038,SAL-2025-1038,40.9,21.1,921.9,Cirri colorado,244,2025,0
SAL-1037,1037 - Cirri colorado,SAL,1037,SAL-2025-1037,44.9,21.1,1117.2,Cirri colorado,244,2025,0
SAL-1036,1036 - Cirri colorado,SAL,1036,SAL-2025-1036,39.6,21.1,861.8,Cirri colorado,244,2025,0
SAL-1035,1035 - Cirri colorado,SAL,1035,SAL-2025-1035,60.2,21.1,2029.7,Cirri colorado,244,2025,0
SAL-1034,1034 - lengua de vaca,SAL,1034,SAL-2025-1034,14.0,12.8,70.1,lengua de vaca,116,2025,0
SAL-1033,1033 - lengua de vaca,SAL,1033,SAL-2025-1033,27.3,12.8,273.2,lengua de vaca,116,2025,0
SAL-1032,1032 - higuerón,SAL,1032,SAL-2025-1032,43.9,16.5,881.1,higuerón,175,2025,0
SAL-1031,1031 - higuerón,SAL,1031,SAL-2025-1031,35.0,15.3,521.1,higuerón,175,2025,0
SAL-1030,1030 - higuerón,SAL,1030,SAL-2025-1030,47.9,16.5,1051.5,higuerón,175,2025,0
SAL-1029,1029 - higuerón,SAL,1029,SAL-2025-1029,23.4,12.0,189.3,higuerón,175,2025,0
SAL-1028,1028 - higuerón,SAL,1028,SAL-2025-1028,37.4,14.0,556.8,higuerón,175,2025,0
SAL-1027,1027 - higuerón,SAL,1027,SAL-2025-1027,35.0,14.0,488.0,higuerón,175,2025,0
SAL-1026,1026 - Cirri colorado,SAL,1026,SAL-2025-1026,83.1,16.8,3274.1,Cirri colorado,244,2025,0
SAL-1025,1025 - Uruca,SAL,1025,SAL-2025-1025,24.6,14.2,240.5,Uruca,359,2025,0
SAL-1024,1024 - Uruca,SAL,1024,SAL-2025-1024,35.6,14.2,510.2,Uruca,359,2025,0
SAL-1023,1023 - higuerón,SAL,1023,SAL-2025-1023,287.5,34.1,71546.5,higuerón,178,2025,0
SAL-1022,1022 - Cirri colorado,SAL,1022,SAL-2025-1022,72.1,25.0,3347.2,Cirri colorado,244,2025,0
SAL-1021,1021 - Cirri colorado,SAL,1021,SAL-2025-1021,39.4,17.0,721.6,Cirri colorado,244,2025,0
SAL-1020,1020 - Cirri colorado,SAL,1020,SAL-2025-1020,37.2,17.0,643.1,Cirri colorado,244,2025,0
SAL-1019,1019 - Cirri colorado,SAL,1019,SAL-2025-1019,43.0,17.0,861.7,Cirri colorado,244,2025,0
SAL-1018,1018 - Cirri colorado,SAL,1018,SAL-2025-1018,37.7,17.0,659.5,Cirri colorado,244,2025,0
SAL-1017,1017 - Cirri colorado,SAL,1017,SAL-2025-1017,42.4,17.0,837.7,Cirri colorado,244,2025,0
SAL-1016,1016 - Vainillo,SAL,1016,SAL-2025-1016,27.3,4.0,110.9,Vainillo,347,2025,0
SAL-1015,1015 - Vainillo,SAL,1015,SAL-2025-1015,55.7,8.2,830.2,Vainillo,347,2025,0
SAL-1014,1014 - Cirri colorado,SAL,1014,SAL-2025-1014,41.6,12.1,619.8,Cirri colorado,244,2025,0
SAL-1013,1013 - Cirri colorado,SAL,1013,SAL-2025-1013,30.3,12.1,325.1,Cirri colorado,244,2025,0
SAL-1868,1868 - Caoba,SAL,1868,SAL-2025-1868,11.4,7.0,27.2,Caoba,10,2025,0
SAL-1012,1012 - Cirri colorado,SAL,1012,SAL-2025-1012,36.4,12.1,472.4,Cirri colorado,244,2025,0
SAL-1011,1011 - Cirri colorado,SAL,1011,SAL-2025-1011,62.3,12.1,1412.4,Cirri colorado,244,2025,0
SAL-1010,1010 - achiotillo,SAL,1010,SAL-2025-1010,33.2,8.4,294.7,achiotillo,370,2025,0
SAL-1009,1009 - Madero Negro,SAL,1009,SAL-2025-1009,19.9,6.2,80.9,Madero Negro,186,2025,0
SAL-1008,1008 - Cirri colorado,SAL,1008,SAL-2025-1008,73.1,17.1,2555.2,Cirri colorado,244,2025,0
SAL-1007,1007 - higuerón,SAL,1007,SAL-2025-1007,155.9,28.0,17603.4,higuerón,178,2025,0
SAL-1006,1006 - Vainillo,SAL,1006,SAL-2025-1006,37.1,7.0,319.0,Vainillo,347,2025,0
SAL-1005,1005 - Higuerón,SAL,1005,SAL-2025-1005,16.1,20.8,136.1,Higuerón,183,2025,0
SAL-1004,1004 - Cirri colorado,SAL,1004,SAL-2025-1004,51.0,20.8,1428.4,Cirri colorado,244,2025,0
SAL-1003,1003 - Cirri colorado,SAL,1003,SAL-2025-1003,63.4,20.8,2227.9,Cirri colorado,244,2025,0
SAL-1002,1002 - Cirri colorado,SAL,1002,SAL-2025-1002,36.5,20.8,724.0,Cirri colorado,244,2025,0
SAL-1001,1001 - Cirri colorado,SAL,1001,SAL-2025-1001,50.1,20.8,1380.8,Cirri colorado,244,2025,0
SAL-1000,1000 - quizarrá caca,SAL,1000,SAL-2025-1000,53.3,30.0,2083.8,quizarrá caca,270,2025,0
SAL-999,999 - quizarrá caca,SAL,999,SAL-2025-0999,63.2,30.0,2941.5,quizarrá caca,270,2025,0
SAL-998,998 - quizarrá caca,SAL,998,SAL-2025-0998,85.7,30.0,5485.0,quizarrá caca,270,2025,0
SAL-997,997 - higuerón,SAL,997,SAL-2025-0997,157.2,27.5,17663.8,higuerón,178,2025,0
SAL-996,996 - higuerón,SAL,996,SAL-2025-0996,212.9,26.6,31960.0,higuerón,178,2025,0
SAL-995,995 - higuerón,SAL,995,SAL-2025-0995,14.8,3.6,29.1,higuerón,175,2025,0
SAL-994,994 - higuerón,SAL,994,SAL-2025-0994,56.6,13.3,1248.9,higuerón,175,2025,0
SAL-993,993 - higuerón,SAL,993,SAL-2025-0993,25.7,25.8,419.1,higuerón,175,2025,0
SAL-992,992 - higuerón,SAL,992,SAL-2025-0992,35.2,25.8,792.8,higuerón,175,2025,0
SAL-991,991 - higuerón,SAL,991,SAL-2025-0991,98.3,25.8,6449.4,higuerón,175,2025,0
SAL-990,990 - Cirri colorado,SAL,990,SAL-2025-0990,52.0,25.8,1758.9,Cirri colorado,244,2025,0
SAL-989,989 - Higuerón,SAL,989,SAL-2025-0989,106.4,25.6,7537.9,Higuerón,183,2025,0
SAL-988,988 - Indio desnudo,SAL,988,SAL-2025-0988,26.6,8.1,181.7,Indio desnudo,62,2025,0
SAL-987,987 - Indio desnudo,SAL,987,SAL-2025-0987,33.7,9.0,318.8,Indio desnudo,62,2025,0
SAL-986,986 - Indio desnudo,SAL,986,SAL-2025-0986,20.8,9.0,119.9,Indio desnudo,62,2025,0
SAL-985,985 - Indio desnudo,SAL,985,SAL-2025-0985,22.2,8.7,132.7,Indio desnudo,62,2025,0
SAL-984,984 - Indio desnudo,SAL,984,SAL-2025-0984,22.2,2.3,46.9,Indio desnudo,62,2025,0
SAL-983,983 - Poró,SAL,983,SAL-2025-0983,19.6,2.3,36.6,Poró,156,2025,0
SAL-982,982 - Cenizaro,SAL,982,SAL-2025-0982,41.0,15.8,741.1,Cenizaro,312,2025,0
SAL-981,981 - Cenizaro,SAL,981,SAL-2025-0981,27.4,10.1,228.5,Cenizaro,312,2025,0
SAL-980,980 - Indio desnudo,SAL,980,SAL-2025-0980,14.1,6.5,41.8,Indio desnudo,62,2025,0
SAL-979,979 - Indio desnudo,SAL,979,SAL-2025-0979,17.2,10.4,90.9,Indio desnudo,62,2025,0
SAL-978,978 - Indio desnudo,SAL,978,SAL-2025-0978,25.4,10.4,201.5,Indio desnudo,62,2025,0
SAL-977,977 - Indio desnudo,SAL,977,SAL-2025-0977,23.4,10.5,171.2,Indio desnudo,62,2025,0
SAL-976,976 - Madero Negro,SAL,976,SAL-2025-0976,16.4,8.5,70.6,Madero Negro,186,2025,0
SAL-975,975 - Indio desnudo,SAL,975,SAL-2025-0975,21.8,7.0,108.4,Indio desnudo,62,2025,0
SAL-974,974 - Indio desnudo,SAL,974,SAL-2025-0974,25.3,10.5,200.6,Indio desnudo,62,2025,0
SAL-973,973 - Indio desnudo,SAL,973,SAL-2025-0973,28.2,9.2,225.5,Indio desnudo,62,2025,0
SAL-972,972 - Indio desnudo,SAL,972,SAL-2025-0972,20.4,8.2,107.2,Indio desnudo,62,2025,0
SAL-971,971 - Indio desnudo,SAL,971,SAL-2025-0971,18.7,2.1,31.0,Indio desnudo,62,2025,0
SAL-970,970 - Indio desnudo,SAL,970,SAL-2025-0970,25.8,8.5,177.5,Indio desnudo,62,2025,0
SAL-969,969 - Indio desnudo,SAL,969,SAL-2025-0969,17.4,9.4,85.9,Indio desnudo,62,2025,0
SAL-1869,1869 - Caoba,SAL,1869,SAL-2025-1869,13.3,7.0,37.2,Caoba,10,2025,0
SAL-968,968 - Indio desnudo,SAL,968,SAL-2025-0968,29.1,13.1,318.5,Indio desnudo,62,2025,0
SAL-967,967 - Jocote,SAL,967,SAL-2025-0967,66.1,12.0,1580.4,Jocote,333,2025,0
SAL-966,966 - Guitite,SAL,966,SAL-2025-0966,22.4,6.3,105.1,Guitite,35,2025,0
SAL-965,965 - Indio desnudo,SAL,965,SAL-2025-0965,16.4,8.1,68.0,Indio desnudo,62,2025,0
SAL-964,964 - Indio desnudo,SAL,964,SAL-2025-0964,24.0,7.2,134.9,Indio desnudo,62,2025,0
SAL-963,963 - higuerón,SAL,963,SAL-2025-0963,133.2,22.0,10585.1,higuerón,178,2025,0
SAL-962,962 - higuerón,SAL,962,SAL-2025-0962,32.9,7.1,253.6,higuerón,173,2025,0
SAL-961,961 - Vainillo,SAL,961,SAL-2025-0961,14.3,12.1,69.9,Vainillo,347,2025,0
SAL-960,960 - Vainillo,SAL,960,SAL-2025-0960,29.5,12.1,307.2,Vainillo,347,2025,0
SAL-959,959 - Indio desnudo,SAL,959,SAL-2025-0959,40.7,6.9,381.9,Indio desnudo,62,2025,0
SAL-958,958 - Vainillo,SAL,958,SAL-2025-0958,27.3,9.2,211.6,Vainillo,347,2025,0
SAL-957,957 - Higuerón,SAL,957,SAL-2025-0957,25.5,9.0,181.5,Higuerón,180,2025,0
SAL-956,956 - Uruca,SAL,956,SAL-2025-0956,22.0,8.0,121.8,Uruca,359,2025,0
SAL-955,955 - Uruca,SAL,955,SAL-2025-0955,27.5,6.9,171.9,Uruca,359,2025,0
SAL-954,954 - Indio desnudo,SAL,954,SAL-2025-0954,26.5,9.2,199.1,Indio desnudo,62,2025,0
SAL-940,940 - Poro cuchillo,SAL,940,SAL-2025-0940,13.0,3.0,19.4,Poro cuchillo,151,2025,0
SAL-939,939 - Cirri colorado,SAL,939,SAL-2025-0939,16.7,7.8,68.6,Cirri colorado,244,2025,0
SAL-938,938 - Coralillo,SAL,938,SAL-2025-0938,13.9,5.8,36.9,Coralillo,197,2025,0
SAL-937,937 - Capulin,SAL,937,SAL-2025-0937,61.0,15.0,1596.2,Capulin,357,2025,0
SAL-936,936 - Capulin,SAL,936,SAL-2025-0936,56.0,15.0,1339.6,Capulin,357,2025,0
SAL-935,935 - Capulin,SAL,935,SAL-2025-0935,71.4,15.0,2200.9,Capulin,357,2025,0
SAL-934,934 - Vainillo,SAL,934,SAL-2025-0934,23.0,8.5,139.8,Vainillo,347,2025,0
SAL-933,933 - Guayaba,SAL,933,SAL-2025-0933,26.1,8.0,172.7,Guayaba,297,2025,0
SAL-931,"931 - h. caballo, guijarro",SAL,931,SAL-2025-0931,12.6,6.4,33.0,"h. caballo, guijarro",345,2025,0
SAL-929,929 - Guitite,SAL,929,SAL-2025-0929,28.1,8.0,201.1,Guitite,35,2025,0
SAL-928,928 - Higuerón,SAL,928,SAL-2025-0928,32.1,20.0,538.2,Higuerón,180,2025,0
SAL-927,927 - Uruca,SAL,927,SAL-2025-0927,13.8,7.0,42.5,Uruca,359,2025,0
SAL-926,926 - higuerón,SAL,926,SAL-2025-0926,75.1,32.0,4407.4,higuerón,178,2025,0
SAL-925,925 - higuerón,SAL,925,SAL-2025-0925,36.4,32.0,1006.5,higuerón,178,2025,0
SAL-924,924 - higuerón,SAL,924,SAL-2025-0924,32.3,32.0,786.4,higuerón,178,2025,0
SAL-923,923 - higuerón,SAL,923,SAL-2025-0923,78.2,32.0,4778.9,higuerón,178,2025,0
SAL-921,921 - Poro cuchillo,SAL,921,SAL-2025-0921,14.5,2.2,19.2,Poro cuchillo,151,2025,0
SAL-920,920 - Guitite,SAL,920,SAL-2025-0920,15.5,6.0,47.4,Guitite,35,2025,0
SAL-919,919 - limón madarina,SAL,919,SAL-2025-0919,14.2,5.7,38.3,limón madarina,105,2025,0
SAL-918,918 - Guayaba,SAL,918,SAL-2025-0918,12.2,6.4,30.8,Guayaba,297,2025,0
SAL-917,917 - Guayaba,SAL,917,SAL-2025-0917,12.6,6.1,31.9,Guayaba,297,2025,0
SAL-916,916 - Guayaba,SAL,916,SAL-2025-0916,14.1,10.0,58.9,Guayaba,297,2025,0
SAL-915,915 - Poro cuchillo,SAL,915,SAL-2025-0915,27.9,5.0,138.0,Poro cuchillo,151,2025,0
SAL-914,914 - Indio desnudo,SAL,914,SAL-2025-0914,28.8,8.1,212.8,Indio desnudo,62,2025,0
SAL-912,912 - dracena marginata,SAL,912,SAL-2025-0912,13.2,5.3,31.0,dracena marginata,145,2025,0
SAL-911,911 - dracena marginata,SAL,911,SAL-2025-0911,14.7,5.3,38.4,dracena marginata,145,2025,0
SAL-910,910 - dracena marginata,SAL,910,SAL-2025-0910,28.4,7.0,185.1,dracena marginata,145,2025,0
SAL-909,909 - dracena marginata,SAL,909,SAL-2025-0909,29.7,7.0,203.2,dracena marginata,145,2025,0
SAL-908,908 - dracena marginata,SAL,908,SAL-2025-0908,25.3,7.0,146.2,dracena marginata,145,2025,0
SAL-907,907 - dracena marginata,SAL,907,SAL-2025-0907,29.3,7.0,197.4,dracena marginata,145,2025,0
SAL-905,905 - Roble sabana,SAL,905,SAL-2025-0905,43.6,16.0,804.0,Roble sabana,6,2025,0
SAL-896,896 - Cortez amarillo,SAL,896,SAL-2025-0896,22.4,3.7,69.7,Cortez amarillo,200,2025,0
SAL-894,894 - Poro cuchillo,SAL,894,SAL-2025-0894,14.3,9.2,56.3,Poro cuchillo,151,2025,0
SAL-893,893 - higuerón,SAL,893,SAL-2025-0893,13.5,10.2,54.6,higuerón,175,2025,0
SAL-892,892 - higuerón,SAL,892,SAL-2025-0892,19.0,10.2,109.5,higuerón,175,2025,0
SAL-891,891 - Targua,SAL,891,SAL-2025-0891,29.0,8.0,215.2,Targua,129,2025,0
SAL-890,890 - Guitite,SAL,890,SAL-2025-0890,28.5,10.0,247.3,Guitite,35,2025,0
SAL-889,889 - Poro cuchillo,SAL,889,SAL-2025-0889,21.5,3.0,54.4,Poro cuchillo,151,2025,0
SAL-888,888 - Poro cuchillo,SAL,888,SAL-2025-0888,29.1,5.5,161.9,Poro cuchillo,151,2025,0
SAL-887,887 - Mango,SAL,887,SAL-2025-0887,36.4,9.2,337.1,Mango,14,2025,0
SAL-886,886 - Mango,SAL,886,SAL-2025-0886,28.9,9.2,211.2,Mango,14,2025,0
SAL-885,885 - Mango,SAL,885,SAL-2025-0885,29.7,9.2,223.0,Mango,14,2025,0
SAL-884,884 - Mango,SAL,884,SAL-2025-0884,25.6,9.2,164.7,Mango,14,2025,0
SAL-883,883 - ira café,SAL,883,SAL-2025-0883,26.5,13.2,264.4,ira café,280,2025,0
SAL-882,882 - ira café,SAL,882,SAL-2025-0882,34.9,9.0,342.5,ira café,280,2025,0
SAL-881,881 - Lorito,SAL,881,SAL-2025-0881,76.6,25.2,3808.5,Lorito,114,2025,0
SAL-880,880 - Lorito,SAL,880,SAL-2025-0880,78.2,25.2,3975.7,Lorito,114,2025,0
SAL-879,879 - dama,SAL,879,SAL-2025-0879,13.8,7.0,42.8,dama,101,2025,0
SAL-878,878 - dama,SAL,878,SAL-2025-0878,16.2,7.0,58.9,dama,101,2025,0
SAL-877,877 - Cas,SAL,877,SAL-2025-0877,26.1,11.0,221.7,Cas,296,2025,0
SAL-876,876 - Tucuico,SAL,876,SAL-2025-0876,19.1,5.0,63.3,Tucuico,51,2025,0
SAL-875,875 - Lorito,SAL,875,SAL-2025-0875,68.4,22.5,2762.8,Lorito,114,2025,0
SAL-874,874 - Cas,SAL,874,SAL-2025-0874,19.2,7.0,83.4,Cas,296,2025,0
SAL-873,873 - Guitite,SAL,873,SAL-2025-0873,16.5,6.1,54.4,Guitite,35,2025,0
SAL-872,872 - Uruca,SAL,872,SAL-2025-0872,18.1,5.5,61.4,Uruca,359,2025,0
SAL-871,871 - Nogal,SAL,871,SAL-2025-0871,23.4,8.0,139.0,Nogal,226,2025,0
SAL-870,870 - Vainillo,SAL,870,SAL-2025-0870,23.8,7.1,130.9,Vainillo,347,2025,0
SAL-869,869 - Cirri colorado,SAL,869,SAL-2025-0869,28.1,14.0,311.2,Cirri colorado,244,2025,0
SAL-868,868 - Cirri colorado,SAL,868,SAL-2025-0868,28.1,14.0,310.5,Cirri colorado,244,2025,0
SAL-867,867 - Cirri colorado,SAL,867,SAL-2025-0867,16.6,9.0,75.3,Cirri colorado,244,2025,0
SAL-865,865 - Cirri colorado,SAL,865,SAL-2025-0865,67.5,12.0,1649.9,Cirri colorado,244,2025,0
SAL-864,864 - dracena marginata,SAL,864,SAL-2025-0864,18.2,5.0,57.6,dracena marginata,145,2025,0
SAL-863,863 - dracena marginata,SAL,863,SAL-2025-0863,17.4,5.0,52.7,dracena marginata,145,2025,0
SAL-862,862 - dracena marginata,SAL,862,SAL-2025-0862,11.6,5.0,23.1,dracena marginata,145,2025,0
SAL-861,861 - dracena marginata,SAL,861,SAL-2025-0861,12.8,6.0,32.1,dracena marginata,145,2025,0
SAL-860,860 - dracena marginata,SAL,860,SAL-2025-0860,14.4,6.0,41.2,dracena marginata,145,2025,0
SAL-859,859 - dracena marginata,SAL,859,SAL-2025-0859,15.8,6.0,49.7,dracena marginata,145,2025,0
SAL-858,858 - dracena marginata,SAL,858,SAL-2025-0858,13.5,6.0,36.0,dracena marginata,145,2025,0
SAL-857,857 - dracena marginata,SAL,857,SAL-2025-0857,19.4,5.8,73.4,dracena marginata,145,2025,0
SAL-856,856 - dracena marginata,SAL,856,SAL-2025-0856,21.3,5.8,88.6,dracena marginata,145,2025,0
SAL-855,855 - dracena marginata,SAL,855,SAL-2025-0855,31.0,8.5,258.0,dracena marginata,145,2025,0
SAL-854,854 - dracena marginata,SAL,854,SAL-2025-0854,32.7,7.0,246.7,dracena marginata,145,2025,0
SAL-853,"853 - ceibo, ceibo barrigón",SAL,853,SAL-2025-0853,28.7,10.3,256.0,"ceibo, ceibo barrigón",293,2025,0
SAL-852,852 - Guitite,SAL,852,SAL-2025-0852,13.0,5.0,28.8,Guitite,35,2025,0
SAL-851,851 - Guitite,SAL,851,SAL-2025-0851,14.7,5.0,37.0,Guitite,35,2025,0
SAL-845,845 - burio,SAL,845,SAL-2025-0845,18.7,9.1,96.6,burio,203,2025,0
SAL-844,844 - burio,SAL,844,SAL-2025-0844,18.3,8.5,88.4,burio,203,2025,0
SAL-843,843 - burio,SAL,843,SAL-2025-0843,19.9,8.5,104.7,burio,203,2025,0
SAL-840,840 - Velo de novia,SAL,840,SAL-2025-0840,17.2,11.0,94.8,Velo de novia,306,2025,0
SAL-839,839 - Velo de novia,SAL,839,SAL-2025-0839,20.4,11.0,134.6,Velo de novia,306,2025,0
SAL-838,838 - Velo de novia,SAL,838,SAL-2025-0838,18.6,11.0,110.8,Velo de novia,306,2025,0
SAL-837,837 - Velo de novia,SAL,837,SAL-2025-0837,10.9,11.0,37.5,Velo de novia,306,2025,0
SAL-836,836 - Velo de novia,SAL,836,SAL-2025-0836,15.7,11.0,78.6,Velo de novia,306,2025,0
SAL-835,835 - quizarrá caca,SAL,835,SAL-2025-0835,16.7,10.2,84.5,quizarrá caca,270,2025,0
SAL-834,834 - quitirrí,SAL,834,SAL-2025-0834,15.5,5.7,45.7,quitirrí,230,2025,0
SAL-833,833 - higuerón,SAL,833,SAL-2025-0833,14.0,2.0,16.4,higuerón,175,2025,0
SAL-831,831 - Cuajiniquil,SAL,831,SAL-2025-0831,34.7,10.0,367.9,Cuajiniquil,214,2025,0
SAL-830,830 - Cuajiniquil,SAL,830,SAL-2025-0830,28.9,10.0,253.4,Cuajiniquil,214,2025,0
SAL-829,829 - Yos,SAL,829,SAL-2025-0829,20.6,9.3,120.6,Yos,315,2025,0
SAL-828,828 - Jocote,SAL,828,SAL-2025-0828,38.5,8.4,397.2,Jocote,333,2025,0
SAL-827,827 - Jocote,SAL,827,SAL-2025-0827,40.5,8.4,440.3,Jocote,333,2025,0
SAL-826,826 - Guayaba,SAL,826,SAL-2025-0826,17.2,5.0,51.2,Guayaba,297,2025,0
SAL-824,824 - Guayaba,SAL,824,SAL-2025-0824,36.2,11.3,442.9,Guayaba,297,2025,0
SAL-823,823 - Guayaba,SAL,823,SAL-2025-0823,28.7,9.4,238.4,Guayaba,297,2025,0
SAL-822,822 - ira café,SAL,822,SAL-2025-0822,60.2,12.6,1355.6,ira café,280,2025,0
SAL-819,819 - Guayaba,SAL,819,SAL-2025-0819,32.3,12.0,367.7,Guayaba,297,2025,0
SAL-818,818 - Guayaba,SAL,818,SAL-2025-0818,30.6,8.5,251.7,Guayaba,297,2025,0
SAL-817,817 - Aguacate,SAL,817,SAL-2025-0817,32.4,9.0,294.6,Aguacate,279,2025,0
SAL-816,816 - Guayaba,SAL,816,SAL-2025-0816,24.2,8.5,155.1,Guayaba,297,2025,0
SAL-815,815 - ira café,SAL,815,SAL-2025-0815,37.1,11.0,454.2,ira café,280,2025,0
SAL-814,814 - Guayaba,SAL,814,SAL-2025-0814,16.4,7.3,62.1,Guayaba,297,2025,0
SAL-813,813 - Guayaba,SAL,813,SAL-2025-0813,24.5,7.3,142.0,Guayaba,297,2025,0
SAL-812,812 - Cas,SAL,812,SAL-2025-0812,19.6,7.3,90.3,Cas,296,2025,0
SAL-811,811 - Aguacate,SAL,811,SAL-2025-0811,37.5,10.2,438.7,Aguacate,279,2025,0
SAL-810,810 - Cas,SAL,810,SAL-2025-0810,21.2,7.3,105.7,Cas,296,2025,0
SAL-809,809 - Aguacate,SAL,809,SAL-2025-0809,35.3,10.2,387.6,Aguacate,279,2025,0
SAL-808,808 - Cas,SAL,808,SAL-2025-0808,29.2,7.8,213.1,Cas,296,2025,0
SAL-807,807 - Nance,SAL,807,SAL-2025-0807,20.0,9.6,116.1,Nance,63,2025,0
SAL-806,806 - Cuajiniquil,SAL,806,SAL-2025-0806,1.0,5.0,0.2,Cuajiniquil,214,2025,0
SAL-802,802 - Moringa,SAL,802,SAL-2025-0802,26.7,6.3,150.5,Moringa,255,2025,0
SAL-801,801 - Moringa,SAL,801,SAL-2025-0801,29.2,6.7,189.8,Moringa,255,2025,0
SAL-800,800 - Moringa,SAL,800,SAL-2025-0800,23.2,6.2,111.6,Moringa,255,2025,0
SAL-798,798 - Moringa,SAL,798,SAL-2025-0798,22.5,4.0,74.7,Moringa,255,2025,0
SAL-791,791 - Moringa,SAL,791,SAL-2025-0791,19.8,3.6,52.8,Moringa,255,2025,0
SAL-790,790 - Moringa,SAL,790,SAL-2025-0790,20.9,3.7,60.1,Moringa,255,2025,0
SAL-789,789 - Moringa,SAL,789,SAL-2025-0789,20.5,6.1,85.9,Moringa,255,2025,0
SAL-787,787 - Moringa,SAL,787,SAL-2025-0787,19.6,5.8,75.3,Moringa,255,2025,0
SAL-786,786 - Moringa,SAL,786,SAL-2025-0786,22.0,5.1,86.2,Moringa,255,2025,0
SAL-785,785 - Moringa,SAL,785,SAL-2025-0785,21.2,5.0,78.3,Moringa,255,2025,0
SAL-784,784 - Moringa,SAL,784,SAL-2025-0784,20.6,6.3,88.3,Moringa,255,2025,0
SAL-783,783 - Moringa,SAL,783,SAL-2025-0783,17.8,5.0,54.8,Moringa,255,2025,0
SAL-782,782 - Moringa,SAL,782,SAL-2025-0782,18.5,7.3,80.0,Moringa,255,2025,0
SAL-781,781 - Moringa,SAL,781,SAL-2025-0781,18.7,5.0,60.8,Moringa,255,2025,0
SAL-778,778 - Nance,SAL,778,SAL-2025-0778,28.2,11.0,260.5,Nance,63,2025,0
SAL-777,777 - eucalipto,SAL,777,SAL-2025-0777,97.2,29.0,6909.2,eucalipto,159,2025,0
SAL-776,776 - guabillo,SAL,776,SAL-2025-0776,30.0,12.0,316.1,guabillo,210,2025,0
SAL-775,775 - ira café,SAL,775,SAL-2025-0775,71.0,23.8,3122.8,ira café,280,2025,0
SAL-774,774 - lagarto blanco,SAL,774,SAL-2025-0774,35.1,12.1,436.8,lagarto blanco,383,2025,0
SAL-773,773 - Colpachí,SAL,773,SAL-2025-0773,34.8,7.6,298.5,Colpachí,130,2025,0
SAL-772,772 - Laurel negro,SAL,772,SAL-2025-0772,25.1,12.7,214.3,Laurel negro,11,2025,0
SAL-770,770 - Laurel negro,SAL,770,SAL-2025-0770,26.9,13.5,260.2,Laurel negro,11,2025,0
SAL-769,769 - Nogal,SAL,769,SAL-2025-0769,31.8,11.0,332.2,Nogal,226,2025,0
SAL-768,768 - Roble sabana,SAL,768,SAL-2025-0768,29.4,8.6,222.1,Roble sabana,6,2025,0
SAL-766,766 - murta,SAL,766,SAL-2025-0766,22.9,7.9,130.9,murta,257,2025,0
SAL-765,765 - Roble sabana,SAL,765,SAL-2025-0765,32.0,9.1,275.2,Roble sabana,6,2025,0
SAL-764,764 - Yos,SAL,764,SAL-2025-0764,53.6,17.0,1353.6,Yos,315,2025,0
SAL-763,763 - candelillo,SAL,763,SAL-2025-0763,20.8,9.0,118.9,candelillo,323,2025,0
SAL-762,762 - murta,SAL,762,SAL-2025-0762,37.9,15.2,612.6,murta,257,2025,0
SAL-761,761 - Yos,SAL,761,SAL-2025-0761,57.5,18.0,1633.7,Yos,315,2025,0
SAL-760,760 - Cinamomun,SAL,760,SAL-2025-0760,33.3,6.7,247.6,Cinamomun,99,2025,0
SAL-759,759 - Mango,SAL,759,SAL-2025-0759,18.3,6.5,63.2,Mango,14,2025,0
SAL-758,758 - Yos,SAL,758,SAL-2025-0758,43.0,10.1,575.7,Yos,315,2025,0
SAL-757,757 - Guayaba,SAL,757,SAL-2025-0757,28.9,9.0,232.9,Guayaba,297,2025,0
SAL-754,754 - Colpachí,SAL,754,SAL-2025-0754,26.7,8.7,193.1,Colpachí,130,2025,0
SAL-753,753 - Colpachí,SAL,753,SAL-2025-0753,22.1,6.0,98.7,Colpachí,130,2025,0
SAL-752,"752 - h. caballo, guijarro",SAL,752,SAL-2025-0752,22.3,7.0,113.5,"h. caballo, guijarro",345,2025,0
SAL-751,751 - Guachipelin,SAL,751,SAL-2025-0751,33.2,9.2,316.1,Guachipelin,141,2025,0
SAL-750,750 - Yos,SAL,750,SAL-2025-0750,45.5,15.1,881.3,Yos,315,2025,0
SAL-749,749 - Colpachí,SAL,749,SAL-2025-0749,31.0,14.5,390.8,Colpachí,130,2025,0
SAL-748,748 - Cuajiniquil,SAL,748,SAL-2025-0748,18.8,7.0,79.6,Cuajiniquil,214,2025,0
SAL-1870,1870 - Caoba,SAL,1870,SAL-2025-1870,13.6,5.9,34.0,Caoba,10,2025,0
SAL-1871,1871 - Caoba,SAL,1871,SAL-2025-1871,16.6,8.0,64.1,Caoba,10,2025,0
SAL-1872,1872 - Caoba,SAL,1872,SAL-2025-1872,14.5,7.4,46.3,Caoba,10,2025,0
SAL-1873,1873 - Caoba,SAL,1873,SAL-2025-1873,13.8,8.0,43.9,Caoba,10,2025,0
SAL-1874,1874 - Caoba,SAL,1874,SAL-2025-1874,14.6,8.0,49.4,Caoba,10,2025,0
SAL-1875,1875 - Caoba,SAL,1875,SAL-2025-1875,14.2,6.1,37.7,Caoba,10,2025,0
SAL-675,675 - Laurel negro,SAL,675,SAL-2025-0675,29.6,11.1,271.0,Laurel negro,11,2025,0
SAL-1876,1876 - Caoba,SAL,1876,SAL-2025-1876,10.6,5.2,18.4,Caoba,10,2025,0
SAL-1877,1877 - Caoba,SAL,1877,SAL-2025-1877,15.2,8.0,53.5,Caoba,10,2025,0
SAL-1878,1878 - Caoba,SAL,1878,SAL-2025-1878,13.6,7.3,40.2,Caoba,10,2025,0
SAL-1879,1879 - Caoba,SAL,1879,SAL-2025-1879,13.5,8.0,42.4,Caoba,10,2025,0
SAL-1880,1880 - Caoba,SAL,1880,SAL-2025-1880,12.6,7.3,34.5,Caoba,10,2025,0
SAL-1881,1881 - Cas,SAL,1881,SAL-2025-1881,14.7,5.1,37.8,Cas,296,2025,0
SAL-1882,1882 - Cas,SAL,1882,SAL-2025-1882,20.2,6.3,85.5,Cas,296,2025,0
SAL-1883,1883 - Cas,SAL,1883,SAL-2025-1883,11.3,4.0,18.3,Cas,296,2025,0
SAL-1884,1884 - Cas,SAL,1884,SAL-2025-1884,13.8,5.0,32.8,Cas,296,2025,0
SAL-1885,1885 - Guarumo,SAL,1885,SAL-2025-1885,30.2,10.6,290.1,Guarumo,88,2025,0
SAL-1886,1886 - Cas,SAL,1886,SAL-2025-1886,28.6,8.2,212.4,Cas,296,2025,0
SAL-1887,1887 - Cas,SAL,1887,SAL-2025-1887,23.5,7.9,138.3,Cas,296,2025,0
SAL-1888,1888 - Cas,SAL,1888,SAL-2025-1888,16.2,6.3,54.2,Cas,296,2025,0
SAL-1889,1889 - Cas,SAL,1889,SAL-2025-1889,21.8,6.5,102.2,Cas,296,2025,0
SAL-1890,1890 - Cas,SAL,1890,SAL-2025-1890,15.5,5.7,46.0,Cas,296,2025,0
SAL-1891,1891 - Cas,SAL,1891,SAL-2025-1891,15.6,5.9,48.1,Cas,296,2025,0
SAL-1892,1892 - Cas,SAL,1892,SAL-2025-1892,16.6,5.9,54.2,Cas,296,2025,0
SAL-1894,1894 - Guayaba,SAL,1894,SAL-2025-1894,19.5,10.0,113.7,Guayaba,297,2025,0
SAL-1897,1897 - Guayaba,SAL,1897,SAL-2025-1897,13.4,7.3,41.1,Guayaba,297,2025,0
SAL-1898,1898 - Cas,SAL,1898,SAL-2025-1898,13.7,5.3,33.6,Cas,296,2025,0
SAL-1899,1899 - Aguacate,SAL,1899,SAL-2025-1899,28.2,6.3,167.9,Aguacate,279,2025,0
SAL-1900,1900 - Níspero,SAL,1900,SAL-2025-1900,13.4,5.7,34.3,Níspero,150,2025,0
SAL-1901,1901 - Cas,SAL,1901,SAL-2025-1901,17.6,6.1,62.5,Cas,296,2025,0
SAL-674,674 - Laurel negro,SAL,674,SAL-2025-0674,38.9,14.7,588.5,Laurel negro,11,2025,0
SAL-1902,1902 - Cas,SAL,1902,SAL-2025-1902,15.1,6.2,46.3,Cas,296,2025,0
SAL-1903,1903 - Cas,SAL,1903,SAL-2025-1903,12.6,5.3,28.3,Cas,296,2025,0
SAL-1904,1904 - Cas,SAL,1904,SAL-2025-1904,15.8,6.0,49.5,Cas,296,2025,0
SAL-1905,1905 - Cas,SAL,1905,SAL-2025-1905,12.2,4.3,22.5,Cas,296,2025,0
SAL-1906,1906 - Cas,SAL,1906,SAL-2025-1906,13.3,5.3,31.9,Cas,296,2025,0
SAL-1907,1907 - Cas,SAL,1907,SAL-2025-1907,15.1,5.3,40.9,Cas,296,2025,0
SAL-1908,"1908 - neem, paraíso",SAL,1908,SAL-2025-1908,12.2,5.0,25.5,"neem, paraíso",246,2025,0
SAL-1909,1909 - Cas,SAL,1909,SAL-2025-1909,13.9,6.0,38.2,Cas,296,2025,0
SAL-1910,1910 - Cas,SAL,1910,SAL-2025-1910,21.8,7.0,107.9,Cas,296,2025,0
SAL-1911,1911 - Cas,SAL,1911,SAL-2025-1911,15.7,7.3,57.1,Cas,296,2025,0
SAL-1912,1912 - Cas,SAL,1912,SAL-2025-1912,15.7,7.3,57.4,Cas,296,2025,0
SAL-1913,1913 - Cas,SAL,1913,SAL-2025-1913,15.6,6.0,48.6,Cas,296,2025,0
SAL-1914,1914 - Cas,SAL,1914,SAL-2025-1914,14.6,5.5,39.6,Cas,296,2025,0
SAL-1915,1915 - Cas,SAL,1915,SAL-2025-1915,17.7,5.3,56.9,Cas,296,2025,0
SAL-1916,1916 - Cas,SAL,1916,SAL-2025-1916,17.2,5.0,51.3,Cas,296,2025,0
SAL-1917,1917 - Cinamomun,SAL,1917,SAL-2025-1917,37.1,11.0,454.4,Cinamomun,99,2025,0
SAL-1918,1918 - Cinamomun,SAL,1918,SAL-2025-1918,19.8,11.0,126.2,Cinamomun,99,2025,0
SAL-1919,1919 - Cinamomun,SAL,1919,SAL-2025-1919,37.6,11.0,467.0,Cinamomun,99,2025,0
SAL-1920,1920 - Cas,SAL,1920,SAL-2025-1920,20.2,6.0,82.3,Cas,296,2025,0
SAL-1921,1921 - Cas,SAL,1921,SAL-2025-1921,13.9,7.1,43.5,Cas,296,2025,0
SAL-1922,1922 - Cas,SAL,1922,SAL-2025-1922,29.0,11.2,279.5,Cas,296,2025,0
SAL-1923,1923 - Cas,SAL,1923,SAL-2025-1923,24.8,11.2,203.5,Cas,296,2025,0
SAL-1924,1924 - Cas,SAL,1924,SAL-2025-1924,24.5,9.3,171.1,Cas,296,2025,0
SAL-1925,1925 - Cas,SAL,1925,SAL-2025-1925,22.8,9.3,147.2,Cas,296,2025,0
SAL-1926,1926 - Cas,SAL,1926,SAL-2025-1926,18.4,9.4,96.0,Cas,296,2025,0
SAL-1927,1927 - Cas,SAL,1927,SAL-2025-1927,16.8,5.1,49.6,Cas,296,2025,0
SAL-1929,1929 - Cas,SAL,1929,SAL-2025-1929,21.2,7.2,104.8,Cas,296,2025,0
SAL-1930,1930 - Guayaba,SAL,1930,SAL-2025-1930,17.8,7.0,71.3,Guayaba,297,2025,0
SAL-1931,1931 - Guayaba,SAL,1931,SAL-2025-1931,15.4,7.0,53.3,Guayaba,297,2025,0
SAL-1932,1932 - Cas,SAL,1932,SAL-2025-1932,20.9,8.0,109.6,Cas,296,2025,0
SAL-1933,1933 - Cas,SAL,1933,SAL-2025-1933,14.5,5.6,39.6,Cas,296,2025,0
SAL-1934,1934 - Aguacate,SAL,1934,SAL-2025-1934,38.8,11.0,499.5,Aguacate,279,2025,0
SAL-1937,1937 - Cas,SAL,1937,SAL-2025-1937,20.5,6.5,90.2,Cas,296,2025,0
SAL-1938,1938 - Cas,SAL,1938,SAL-2025-1938,15.6,5.2,43.6,Cas,296,2025,0
SAL-1939,1939 - Cas,SAL,1939,SAL-2025-1939,17.5,6.4,64.1,Cas,296,2025,0
SAL-1940,1940 - Cas,SAL,1940,SAL-2025-1940,19.8,8.0,98.4,Cas,296,2025,0
SAL-1941,1941 - Cas,SAL,1941,SAL-2025-1941,18.5,8.6,90.3,Cas,296,2025,0
SAL-1942,1942 - Cas,SAL,1942,SAL-2025-1942,15.1,6.1,46.0,Cas,296,2025,0
SAL-1943,1943 - Cas,SAL,1943,SAL-2025-1943,12.4,5.5,28.2,Cas,296,2025,0
SAL-673,673 - Laurel negro,SAL,673,SAL-2025-0673,30.7,14.0,350.2,Laurel negro,11,2025,0
SAL-672,672 - Fresno,SAL,672,SAL-2025-0672,69.6,14.0,1978.7,Fresno,184,2025,0
SAL-671,671 - Cinamomun,SAL,671,SAL-2025-0671,48.9,5.0,432.7,Cinamomun,99,2025,0
SAL-670,670 - lagarto blanco,SAL,670,SAL-2025-0670,57.0,16.8,1517.7,lagarto blanco,383,2025,0
SAL-649,649 - No identificada,SAL,649,SAL-2025-0649,15.9,5.8,45.9,No identificada,388,2025,0
SAL-666,666 - Laurel negro,SAL,666,SAL-2025-0666,26.8,13.4,256.2,Laurel negro,11,2025,0
SAL-665,665 - Laurel negro,SAL,665,SAL-2025-0665,37.7,16.0,590.0,Laurel negro,11,2025,0
SAL-663,663 - Guayaba,SAL,663,SAL-2025-0663,29.1,8.3,223.0,Guayaba,297,2025,0
SAL-662,662 - guarumo colorado,SAL,662,SAL-2025-0662,31.0,7.0,221.9,guarumo colorado,87,2025,0
SAL-661,661 - ciprés,SAL,661,SAL-2025-0661,73.3,15.2,2347.4,ciprés,135,2025,0
SAL-660,660 - Uruca,SAL,660,SAL-2025-0660,37.0,8.2,360.1,Uruca,359,2025,0
SAL-659,659 - Cinamomun,SAL,659,SAL-2025-0659,62.6,16.5,1814.3,Cinamomun,99,2025,0
SAL-658,658 - Cinamomun,SAL,658,SAL-2025-0658,25.4,11.4,215.4,Cinamomun,99,2025,0
SAL-657,"657 - h. caballo, guijarro",SAL,657,SAL-2025-0657,21.8,14.0,184.7,"h. caballo, guijarro",345,2025,0
SAL-656,"656 - h. caballo, guijarro",SAL,656,SAL-2025-0656,28.5,14.0,319.6,"h. caballo, guijarro",345,2025,0
SAL-655,"655 - h. caballo, guijarro",SAL,655,SAL-2025-0655,25.3,14.0,252.0,"h. caballo, guijarro",345,2025,0
SAL-654,654 - Guachipelin,SAL,654,SAL-2025-0654,48.4,11.4,805.9,Guachipelin,141,2025,0
SAL-653,653 - Guachipelin,SAL,653,SAL-2025-0653,38.4,12.6,541.3,Guachipelin,141,2025,0
SAL-652,652 - Vainillo,SAL,652,SAL-2025-0652,20.4,9.5,120.2,Vainillo,347,2025,0
SAL-651,651 - Cirri colorado,SAL,651,SAL-2025-0651,46.1,14.2,864.8,Cirri colorado,244,2025,0
SAL-650,650 - Colpachí,SAL,650,SAL-2025-0650,25.7,7.0,150.9,Colpachí,130,2025,0
SAL-647,647 - Yos,SAL,647,SAL-2025-0647,54.6,14.2,1219.0,Yos,315,2025,0
SAL-646,646 - Yos,SAL,646,SAL-2025-0646,56.1,14.2,1291.6,Yos,315,2025,0
SAL-644,644 - Jocote,SAL,644,SAL-2025-0644,26.4,6.0,142.1,Jocote,333,2025,0
SAL-643,643 - Jocote,SAL,643,SAL-2025-0643,25.3,6.3,135.3,Jocote,333,2025,0
SAL-640,640 - guabillo,SAL,640,SAL-2025-0640,32.8,12.2,384.3,guabillo,213,2025,0
SAL-636,636 - Jocote,SAL,636,SAL-2025-0636,43.0,5.1,337.1,Jocote,333,2025,0
SAL-635,635 - Jocote,SAL,635,SAL-2025-0635,42.3,11.2,603.2,Jocote,333,2025,0
SAL-634,634 - ira café,SAL,634,SAL-2025-0634,45.3,8.5,558.5,ira café,280,2025,0
SAL-632,632 - Jocote,SAL,632,SAL-2025-0632,49.6,8.0,642.9,Jocote,333,2025,0
SAL-629,629 - Jocote,SAL,629,SAL-2025-0629,40.4,8.0,422.8,Jocote,333,2025,0
SAL-628,628 - Jocote,SAL,628,SAL-2025-0628,51.6,11.0,891.3,Jocote,333,2025,0
SAL-627,627 - Yos,SAL,627,SAL-2025-0627,45.8,14.0,844.4,Yos,315,2025,0
SAL-626,626 - Cinamomun,SAL,626,SAL-2025-0626,44.4,10.4,627.0,Cinamomun,99,2025,0
SAL-621,621 - Laurel negro,SAL,621,SAL-2025-0621,28.0,12.0,256.3,Laurel negro,11,2025,0
SAL-620,620 - Guayaba,SAL,620,SAL-2025-0620,19.4,7.1,86.6,Guayaba,297,2025,0
SAL-619,619 - Colpachí,SAL,619,SAL-2025-0619,19.7,8.5,101.9,Colpachí,130,2025,0
SAL-618,618 - Colpachí,SAL,618,SAL-2025-0618,15.3,8.5,61.3,Colpachí,130,2025,0
SAL-617,617 - Colpachí,SAL,617,SAL-2025-0617,13.6,6.4,38.6,Colpachí,130,2025,0
SAL-616,616 - Colpachí,SAL,616,SAL-2025-0616,15.1,5.4,41.5,Colpachí,130,2025,0
SAL-615,615 - Colpachí,SAL,615,SAL-2025-0615,17.4,5.1,53.3,Colpachí,130,2025,0
SAL-612,612 - Jocote,SAL,612,SAL-2025-0612,33.7,8.1,295.1,Jocote,333,2025,0
SAL-611,611 - Jocote,SAL,611,SAL-2025-0611,32.7,10.2,330.7,Jocote,333,2025,0
SAL-606,606 - Colpachí,SAL,606,SAL-2025-0606,19.4,7.0,84.8,Colpachí,130,2025,0
SAL-605,605 - Colpachí,SAL,605,SAL-2025-0605,16.9,7.0,64.6,Colpachí,130,2025,0
SAL-603,603 - Jocote,SAL,603,SAL-2025-0603,36.1,9.0,367.8,Jocote,333,2025,0
SAL-602,602 - Jocote,SAL,602,SAL-2025-0602,32.9,9.0,303.9,Jocote,333,2025,0
SAL-601,601 - Guachipelin,SAL,601,SAL-2025-0601,41.2,10.0,523.1,Guachipelin,141,2025,0
SAL-600,600 - Poro,SAL,600,SAL-2025-0600,73.9,15.2,2312.9,Poro,3,2025,0
SAL-599,599 - Colpachí,SAL,599,SAL-2025-0599,24.5,8.0,152.5,Colpachí,130,2025,0
SAL-598,598 - Colpachí,SAL,598,SAL-2025-0598,25.7,7.5,159.8,Colpachí,130,2025,0
SAL-594,594 - Cedro amargo,SAL,594,SAL-2025-0594,61.6,22.0,2032.0,Cedro amargo,9,2025,0
SAL-592,592 - Yos,SAL,592,SAL-2025-0592,27.0,9.5,212.1,Yos,315,2025,0
SAL-591,"591 - h. caballo, guijarro",SAL,591,SAL-2025-0591,34.1,9.0,327.6,"h. caballo, guijarro",345,2025,0
SAL-589,589 - Guachipelin,SAL,589,SAL-2025-0589,58.3,12.3,1249.5,Guachipelin,141,2025,0
SAL-588,588 - Guachipelin,SAL,588,SAL-2025-0588,48.5,12.3,855.8,Guachipelin,141,2025,0
SAL-584,584 - Colpachí,SAL,584,SAL-2025-0584,20.4,5.1,73.9,Colpachí,130,2025,0
SAL-583,583 - Colpachí,SAL,583,SAL-2025-0583,40.8,8.0,431.4,Colpachí,130,2025,0
SAL-582,582 - Colpachí,SAL,582,SAL-2025-0582,22.3,8.0,125.1,Colpachí,130,2025,0
SAL-581,581 - Colpachí,SAL,581,SAL-2025-0581,24.8,8.0,156.3,Colpachí,130,2025,0
SAL-580,580 - Colpachí,SAL,580,SAL-2025-0580,39.6,8.5,426.0,Colpachí,130,2025,0
SAL-579,579 - Colpachí,SAL,579,SAL-2025-0579,21.5,13.5,175.4,Colpachí,130,2025,0
SAL-578,578 - Colpachí,SAL,578,SAL-2025-0578,31.8,12.8,374.0,Colpachí,130,2025,0
SAL-577,577 - Colpachí,SAL,577,SAL-2025-0577,31.8,12.0,355.2,Colpachí,130,2025,0
SAL-576,576 - Colpachí,SAL,576,SAL-2025-0576,26.3,12.0,242.1,Colpachí,130,2025,0
SAL-575,575 - Colpachí,SAL,575,SAL-2025-0575,35.1,9.8,370.5,Colpachí,130,2025,0
SAL-574,574 - Colpachí,SAL,574,SAL-2025-0574,17.5,8.0,76.6,Colpachí,130,2025,0
SAL-572,572 - Cedro amargo,SAL,572,SAL-2025-0572,89.6,22.3,4411.5,Cedro amargo,9,2025,0
SAL-511,511 - No identificada,SAL,511,SAL-2025-0511,56.6,10.7,989.1,No identificada,388,2025,0
SAL-571,571 - cerezo,SAL,571,SAL-2025-0571,17.9,9.2,89.1,cerezo,61,2025,0
SAL-570,570 - Cirri colorado,SAL,570,SAL-2025-0570,35.2,12.0,437.1,Cirri colorado,244,2025,0
SAL-569,569 - Cirri colorado,SAL,569,SAL-2025-0569,24.6,12.0,209.7,Cirri colorado,244,2025,0
SAL-567,567 - Cirri colorado,SAL,567,SAL-2025-0567,36.2,12.0,462.0,Cirri colorado,244,2025,0
SAL-566,566 - Cirri colorado,SAL,566,SAL-2025-0566,36.2,12.0,462.5,Cirri colorado,244,2025,0
SAL-565,565 - Cirri colorado,SAL,565,SAL-2025-0565,39.8,12.0,563.0,Cirri colorado,244,2025,0
SAL-564,564 - Cinamomun,SAL,564,SAL-2025-0564,57.1,11.0,1100.6,Cinamomun,99,2025,0
SAL-563,563 - Cinamomun,SAL,563,SAL-2025-0563,29.1,15.5,361.7,Cinamomun,99,2025,0
SAL-562,562 - Cinamomun,SAL,562,SAL-2025-0562,30.6,13.4,359.5,Cinamomun,99,2025,0
SAL-552,552 - Guanabana,SAL,552,SAL-2025-0552,20.1,5.2,72.3,Guanabana,47,2025,0
SAL-551,551 - Guanabana,SAL,551,SAL-2025-0551,18.9,6.3,74.7,Guanabana,47,2025,0
SAL-550,550 - Cedro amargo,SAL,550,SAL-2025-0550,47.8,14.0,849.6,Cedro amargo,9,2025,0
SAL-549,549 - Cedro amargo,SAL,549,SAL-2025-0549,48.1,16.1,962.4,Cedro amargo,9,2025,0
SAL-548,548 - Guachipelin,SAL,548,SAL-2025-0548,36.3,9.4,382.3,Guachipelin,141,2025,0
SAL-547,547 - Cedro amargo,SAL,547,SAL-2025-0547,64.5,17.9,1901.2,Cedro amargo,9,2025,0
SAL-546,546 - Jocote,SAL,546,SAL-2025-0546,42.0,8.5,478.1,Jocote,333,2025,0
SAL-545,"545 - h. caballo, guijarro",SAL,545,SAL-2025-0545,37.1,8.0,355.2,"h. caballo, guijarro",345,2025,0
SAL-543,543 - Guachipelin,SAL,543,SAL-2025-0543,56.6,12.6,1197.8,Guachipelin,141,2025,0
SAL-542,542 - Guachipelin,SAL,542,SAL-2025-0542,48.2,15.0,986.7,Guachipelin,141,2025,0
SAL-540,540 - chaperno,SAL,540,SAL-2025-0540,16.7,11.0,89.4,chaperno,233,2025,0
SAL-539,539 - chaperno,SAL,539,SAL-2025-0539,18.4,11.0,108.7,chaperno,233,2025,0
SAL-538,538 - chaperno,SAL,538,SAL-2025-0538,14.6,11.0,68.2,chaperno,233,2025,0
SAL-537,537 - chaperno,SAL,537,SAL-2025-0537,22.8,11.0,168.4,chaperno,233,2025,0
SAL-536,536 - chaperno,SAL,536,SAL-2025-0536,17.1,11.0,94.0,chaperno,233,2025,0
SAL-535,535 - burio,SAL,535,SAL-2025-0535,53.1,12.0,1012.8,burio,203,2025,0
SAL-534,534 - Velo de novia,SAL,534,SAL-2025-0534,33.0,9.0,306.4,Velo de novia,306,2025,0
SAL-533,533 - Jocote,SAL,533,SAL-2025-0533,58.2,12.0,1221.0,Jocote,333,2025,0
SAL-531,531 - Uruca,SAL,531,SAL-2025-0531,66.7,11.2,1526.0,Uruca,359,2025,0
SAL-530,530 - Targua,SAL,530,SAL-2025-0530,39.0,10.0,468.4,Targua,129,2025,0
SAL-528,528 - Yema de huevo,SAL,528,SAL-2025-0528,37.2,12.5,505.3,Yema de huevo,385,2025,0
SAL-527,527 - Yema de huevo,SAL,527,SAL-2025-0527,57.8,9.1,968.9,Yema de huevo,385,2025,0
SAL-521,521 - aguacatillo,SAL,521,SAL-2025-0521,36.2,5.1,238.2,aguacatillo,232,2025,0
SAL-520,520 - aguacatillo,SAL,520,SAL-2025-0520,21.9,8.5,127.1,aguacatillo,232,2025,0
SAL-519,519 - aguacatillo,SAL,519,SAL-2025-0519,59.7,12.8,1348.7,aguacatillo,232,2025,0
SAL-518,518 - Cuajiniquil,SAL,518,SAL-2025-0518,30.6,8.0,239.3,Cuajiniquil,214,2025,0
SAL-517,517 - Cuajiniquil,SAL,517,SAL-2025-0517,37.2,8.0,356.5,Cuajiniquil,214,2025,0
SAL-514,514 - lagarto blanco,SAL,514,SAL-2025-0514,63.8,16.0,1841.3,lagarto blanco,383,2025,0
SAL-503,503 - Cinamomun,SAL,503,SAL-2025-0503,46.0,22.9,1246.0,Cinamomun,99,2025,0
SAL-502,502 - Yos,SAL,502,SAL-2025-0502,23.8,23.4,331.2,Yos,315,2025,0
SAL-499,499 - Cinamomun,SAL,499,SAL-2025-0499,68.8,12.0,1717.9,Cinamomun,99,2025,0
SAL-495,495 - Madero Negro,SAL,495,SAL-2025-0495,26.0,7.2,158.3,Madero Negro,186,2025,0
SAL-494,494 - Madero Negro,SAL,494,SAL-2025-0494,23.1,10.2,163.8,Madero Negro,186,2025,0
SAL-493,493 - Madero Negro,SAL,493,SAL-2025-0493,28.6,12.5,295.8,Madero Negro,186,2025,0
SAL-668,668 - No identificada,SAL,668,SAL-2025-0668,35.6,11.4,404.0,No identificada,388,2025,0
SAL-492,492 - Madero Negro,SAL,492,SAL-2025-0492,22.3,7.8,123.1,Madero Negro,186,2025,0
SAL-491,491 - Madero Negro,SAL,491,SAL-2025-0491,24.6,10.0,182.8,Madero Negro,186,2025,0
SAL-489,489 - Madero Negro,SAL,489,SAL-2025-0489,46.5,12.8,807.2,Madero Negro,186,2025,0
SAL-487,487 - Madero Negro,SAL,487,SAL-2025-0487,25.4,7.2,150.6,Madero Negro,186,2025,0
SAL-486,486 - Madero Negro,SAL,486,SAL-2025-0486,29.6,9.5,255.5,Madero Negro,186,2025,0
SAL-485,485 - Madero Negro,SAL,485,SAL-2025-0485,34.6,12.3,432.0,Madero Negro,186,2025,0
SAL-484,484 - Madero Negro,SAL,484,SAL-2025-0484,26.5,6.5,151.7,Madero Negro,186,2025,0
SAL-483,483 - Madero Negro,SAL,483,SAL-2025-0483,25.7,8.5,175.3,Madero Negro,186,2025,0
SAL-482,482 - Madero Negro,SAL,482,SAL-2025-0482,21.1,8.5,117.8,Madero Negro,186,2025,0
SAL-481,481 - Nogal,SAL,481,SAL-2025-0481,39.6,17.8,754.2,Nogal,226,2025,0
SAL-480,480 - Nogal,SAL,480,SAL-2025-0480,37.5,14.2,568.2,Nogal,226,2025,0
SAL-479,479 - Nogal,SAL,479,SAL-2025-0479,22.3,12.0,172.4,Nogal,226,2025,0
SAL-478,478 - Nogal,SAL,478,SAL-2025-0478,38.7,16.2,669.7,Nogal,226,2025,0
SAL-477,477 - Jocote,SAL,477,SAL-2025-0477,31.7,11.2,334.1,Jocote,333,2025,0
SAL-476,476 - Jocote,SAL,476,SAL-2025-0476,29.0,11.0,276.0,Jocote,333,2025,0
SAL-475,475 - Nogal,SAL,475,SAL-2025-0475,35.8,13.1,485.0,Nogal,226,2025,0
SAL-474,474 - Nogal,SAL,474,SAL-2025-0474,49.5,16.3,1111.9,Nogal,226,2025,0
SAL-473,473 - Nogal,SAL,473,SAL-2025-0473,48.6,23.6,1431.4,Nogal,226,2025,0
SAL-472,472 - Nogal,SAL,472,SAL-2025-0472,45.6,22.0,1186.9,Nogal,226,2025,0
SAL-471,471 - Nogal,SAL,471,SAL-2025-0471,47.6,23.8,1377.0,Nogal,226,2025,0
SAL-469,469 - Nogal,SAL,469,SAL-2025-0469,41.8,22.0,996.6,Nogal,226,2025,0
SAL-468,468 - Nogal,SAL,468,SAL-2025-0468,32.7,23.6,638.9,Nogal,226,2025,0
SAL-467,467 - Nogal,SAL,467,SAL-2025-0467,21.4,15.3,191.8,Nogal,226,2025,0
SAL-466,466 - Nogal,SAL,466,SAL-2025-0466,18.9,13.6,135.6,Nogal,226,2025,0
SAL-465,465 - Nogal,SAL,465,SAL-2025-0465,14.3,12.6,72.4,Nogal,226,2025,0
SAL-464,464 - Nogal,SAL,464,SAL-2025-0464,28.0,18.0,376.9,Nogal,226,2025,0
SAL-463,463 - Nogal,SAL,463,SAL-2025-0463,27.0,16.7,329.1,Nogal,226,2025,0
SAL-462,462 - Nogal,SAL,462,SAL-2025-0462,25.3,18.0,305.3,Nogal,226,2025,0
SAL-461,461 - Nogal,SAL,461,SAL-2025-0461,24.4,12.0,207.4,Nogal,226,2025,0
SAL-460,460 - Nogal,SAL,460,SAL-2025-0460,16.6,11.4,90.6,Nogal,226,2025,0
SAL-459,459 - Nogal,SAL,459,SAL-2025-0459,16.7,7.0,62.7,Nogal,226,2025,0
SAL-453,453 - Nogal,SAL,453,SAL-2025-0453,33.6,23.7,674.9,Nogal,226,2025,0
SAL-452,452 - Nogal,SAL,452,SAL-2025-0452,21.8,9.5,137.1,Nogal,226,2025,0
SAL-451,451 - Nogal,SAL,451,SAL-2025-0451,35.3,23.3,735.9,Nogal,226,2025,0
SAL-450,450 - Nogal,SAL,450,SAL-2025-0450,41.9,26.5,1156.6,Nogal,226,2025,0
SAL-449,449 - Nogal,SAL,449,SAL-2025-0449,32.3,14.1,414.8,Nogal,226,2025,0
SAL-448,448 - Nogal,SAL,448,SAL-2025-0448,62.8,24.0,2445.9,Nogal,226,2025,0
SAL-441,441 - Guachipelin,SAL,441,SAL-2025-0441,45.1,10.5,652.2,Guachipelin,141,2025,0
SAL-440,440 - Guachipelin,SAL,440,SAL-2025-0440,63.1,11.0,1343.7,Guachipelin,141,2025,0
SAL-439,439 - Cedro amargo,SAL,439,SAL-2025-0439,41.4,14.0,634.8,Cedro amargo,9,2025,0
SAL-438,438 - Nogal,SAL,438,SAL-2025-0438,36.6,13.4,516.3,Nogal,226,2025,0
SAL-437,437 - Nogal,SAL,437,SAL-2025-0437,39.7,12.0,560.1,Nogal,226,2025,0
SAL-436,436 - Nogal,SAL,436,SAL-2025-0436,38.5,17.0,689.1,Nogal,226,2025,0
SAL-435,435 - Madero Negro,SAL,435,SAL-2025-0435,17.5,5.0,52.8,Madero Negro,186,2025,0
SAL-432,432 - Uruca,SAL,432,SAL-2025-0432,14.7,8.0,53.4,Uruca,359,2025,0
SAL-430,430 - Cinamomun,SAL,430,SAL-2025-0430,28.4,15.6,346.5,Cinamomun,99,2025,0
SAL-429,429 - Cinamomun,SAL,429,SAL-2025-0429,50.3,15.0,1077.8,Cinamomun,99,2025,0
SAL-428,428 - Cinamomun,SAL,428,SAL-2025-0428,48.5,19.1,1206.3,Cinamomun,99,2025,0
SAL-382,382 - Cirri colorado,SAL,382,SAL-2025-0382,35.9,5.0,229.5,Cirri colorado,244,2025,0
SAL-381,381 - aguacatillo,SAL,381,SAL-2025-0381,68.2,16.5,2162.0,aguacatillo,232,2025,0
SAL-374,374 - Cirri colorado,SAL,374,SAL-2025-0374,49.3,18.0,1193.9,Cirri colorado,244,2025,0
SAL-373,373 - Cirri colorado,SAL,373,SAL-2025-0373,43.1,18.0,904.3,Cirri colorado,244,2025,0
SAL-372,372 - chaperno,SAL,372,SAL-2025-0372,17.0,8.3,74.0,chaperno,233,2025,0
SAL-371,371 - Cinamomun,SAL,371,SAL-2025-0371,43.1,19.8,978.2,Cinamomun,99,2025,0
SAL-370,370 - chaperno,SAL,370,SAL-2025-0370,42.2,15.0,751.5,chaperno,233,2025,0
SAL-369,369 - Cirri colorado,SAL,369,SAL-2025-0369,36.7,10.5,429.1,Cirri colorado,244,2025,0
SAL-368,368 - Cirri colorado,SAL,368,SAL-2025-0368,40.4,9.4,479.1,Cirri colorado,244,2025,0
SAL-367,367 - Cirri colorado,SAL,367,SAL-2025-0367,58.1,10.0,1052.7,Cirri colorado,244,2025,0
SAL-366,366 - Cinamomun,SAL,366,SAL-2025-0366,44.6,9.0,565.4,Cinamomun,99,2025,0
SAL-365,365 - Clethra,SAL,365,SAL-2025-0365,67.5,9.0,1317.1,Clethra,108,2025,0
SAL-364,364 - Clethra,SAL,364,SAL-2025-0364,53.3,11.0,953.7,Clethra,108,2025,0
SAL-363,363 - Cirri colorado,SAL,363,SAL-2025-0363,49.4,9.0,697.2,Cirri colorado,244,2025,0
SAL-362,362 - higuerón,SAL,362,SAL-2025-0362,57.5,7.6,833.7,higuerón,175,2025,0
SAL-730,730 - No identificada,SAL,730,SAL-2025-0730,30.6,8.6,237.8,No identificada,388,2025,0
SAL-361,361 - higuerón,SAL,361,SAL-2025-0361,110.1,17.3,5951.5,higuerón,175,2025,0
SAL-360,360 - Cedro amargo,SAL,360,SAL-2025-0360,30.5,14.7,353.0,Cedro amargo,9,2025,0
SAL-359,359 - Nogal,SAL,359,SAL-2025-0359,53.1,18.7,1428.7,Nogal,226,2025,0
SAL-358,358 - Madero Negro,SAL,358,SAL-2025-0358,40.0,12.8,596.0,Madero Negro,186,2025,0
SAL-357,357 - Cinamomun,SAL,357,SAL-2025-0357,60.2,19.1,1877.5,Cinamomun,99,2025,0
SAL-667,667 - No identificada,SAL,667,SAL-2025-0667,66.1,11.4,1423.6,No identificada,388,2025,0
SAL-356,356 - lagarto blanco,SAL,356,SAL-2025-0356,73.5,23.0,3260.3,lagarto blanco,383,2025,0
SAL-355,355 - Cinamomun,SAL,355,SAL-2025-0355,22.6,9.4,145.3,Cinamomun,99,2025,0
SAL-354,354 - Cinamomun,SAL,354,SAL-2025-0354,18.8,9.0,97.7,Cinamomun,99,2025,0
SAL-353,353 - Manazana rosa,SAL,353,SAL-2025-0353,18.2,13.2,122.9,Manazana rosa,342,2025,0
SAL-352,352 - chaperno,SAL,352,SAL-2025-0352,42.9,12.2,664.2,chaperno,233,2025,0
SAL-351,351 - chaperno,SAL,351,SAL-2025-0351,33.7,14.3,459.6,chaperno,233,2025,0
SAL-350,350 - Cinamomun,SAL,350,SAL-2025-0350,31.3,13.0,365.6,Cinamomun,99,2025,0
SAL-349,349 - Clethra,SAL,349,SAL-2025-0349,54.6,11.5,1036.2,Clethra,108,2025,0
SAL-348,348 - lengua de vaca,SAL,348,SAL-2025-0348,22.4,7.3,118.4,lengua de vaca,116,2025,0
SAL-347,347 - Clethra,SAL,347,SAL-2025-0347,36.9,10.3,427.7,Clethra,108,2025,0
SAL-346,346 - Clethra,SAL,346,SAL-2025-0346,31.3,11.1,324.7,Clethra,108,2025,0
SAL-345,345 - Clethra,SAL,345,SAL-2025-0345,22.6,9.5,147.8,Clethra,108,2025,0
SAL-344,344 - Clethra,SAL,344,SAL-2025-0344,70.2,15.5,2184.3,Clethra,108,2025,0
SAL-343,343 - Clethra,SAL,343,SAL-2025-0343,19.9,8.6,105.7,Clethra,108,2025,0
SAL-342,342 - Clethra,SAL,342,SAL-2025-0342,58.8,11.0,1164.7,Clethra,108,2025,0
SAL-341,341 - aguacatillo,SAL,341,SAL-2025-0341,41.2,11.0,562.8,aguacatillo,232,2025,0
SAL-340,340 - higuerón,SAL,340,SAL-2025-0340,37.2,12.2,495.6,higuerón,175,2025,0
SAL-1305,1305 - Colpachí,SAL,1305,SAL-2025-1305,16.1,14.6,102.7,Colpachí,130,2025,0
SAL-339,339 - higuerón,SAL,339,SAL-2025-0339,35.2,12.1,439.9,higuerón,175,2025,0
SAL-338,338 - higuerón,SAL,338,SAL-2025-0338,70.2,12.0,1786.8,higuerón,175,2025,0
SAL-335,335 - Cinamomun,SAL,335,SAL-2025-0335,33.3,12.3,397.6,Cinamomun,99,2025,0
SAL-334,334 - Cinamomun,SAL,334,SAL-2025-0334,38.9,12.3,547.5,Cinamomun,99,2025,0
SAL-333,333 - Cinamomun,SAL,333,SAL-2025-0333,66.4,12.3,1627.5,Cinamomun,99,2025,0
SAL-731,731 - No identificada,SAL,731,SAL-2025-0731,23.4,8.6,137.5,No identificada,388,2025,0
SAL-330,"330 - cenizaro macho, guayaquil",SAL,330,SAL-2025-0330,40.1,13.0,606.0,"cenizaro macho, guayaquil",294,2025,0
SAL-328,328 - Madero Negro,SAL,328,SAL-2025-0328,36.8,13.0,509.1,Madero Negro,186,2025,0
SAL-327,327 - Madero Negro,SAL,327,SAL-2025-0327,28.8,5.8,164.6,Madero Negro,186,2025,0
SAL-326,326 - Madero Negro,SAL,326,SAL-2025-0326,25.0,8.6,168.0,Madero Negro,186,2025,0
SAL-321,321 - Madero Negro,SAL,321,SAL-2025-0321,21.6,8.2,120.3,Madero Negro,186,2025,0
SAL-320,320 - Laurel negro,SAL,320,SAL-2025-0320,38.7,13.0,528.3,Laurel negro,11,2025,0
SAL-319,319 - Laurel negro,SAL,319,SAL-2025-0319,25.2,15.2,248.5,Laurel negro,11,2025,0
SAL-316,316 - Laurel negro,SAL,316,SAL-2025-0316,23.9,14.0,209.5,Laurel negro,11,2025,0
SAL-314,314 - Madero Negro,SAL,314,SAL-2025-0314,27.4,7.0,172.5,Madero Negro,186,2025,0
SAL-313,313 - Laurel negro,SAL,313,SAL-2025-0313,31.3,16.2,408.7,Laurel negro,11,2025,0
SAL-312,312 - Guayaba,SAL,312,SAL-2025-0312,23.3,6.0,109.5,Guayaba,297,2025,0
SAL-311,311 - Guayaba,SAL,311,SAL-2025-0311,20.6,13.0,156.5,Guayaba,297,2025,0
SAL-310,310 - Guayaba,SAL,310,SAL-2025-0310,23.1,13.0,197.6,Guayaba,297,2025,0
SAL-309,309 - Guayaba,SAL,309,SAL-2025-0309,33.7,13.5,439.4,Guayaba,297,2025,0
SAL-308,308 - Guayaba,SAL,308,SAL-2025-0308,26.6,13.0,262.4,Guayaba,297,2025,0
SAL-306,306 - Laurel negro,SAL,306,SAL-2025-0306,25.4,14.7,246.0,Laurel negro,11,2025,0
SAL-305,305 - Guayaba,SAL,305,SAL-2025-0305,1.0,5.0,0.2,Guayaba,297,2025,0
SAL-304,304 - Guayaba,SAL,304,SAL-2025-0304,19.2,7.5,88.0,Guayaba,297,2025,0
SAL-303,303 - Vainillo,SAL,303,SAL-2025-0303,21.1,8.4,116.7,Vainillo,347,2025,0
SAL-300,300 - Yos,SAL,300,SAL-2025-0300,32.5,9.5,310.4,Yos,315,2025,0
SAL-291,291 - Madero Negro,SAL,291,SAL-2025-0291,19.5,7.0,86.1,Madero Negro,186,2025,0
SAL-290,290 - Madero Negro,SAL,290,SAL-2025-0290,26.1,7.2,159.7,Madero Negro,186,2025,0
SAL-287,287 - Yos,SAL,287,SAL-2025-0287,52.7,12.0,995.8,Yos,315,2025,0
SAL-285,285 - lagarto blanco,SAL,285,SAL-2025-0285,57.8,18.9,1713.9,lagarto blanco,383,2025,0
SAL-269,269 - Madero Negro,SAL,269,SAL-2025-0269,26.3,9.1,194.2,Madero Negro,186,2025,0
SAL-267,267 - Madero Negro,SAL,267,SAL-2025-0267,22.3,9.6,144.3,Madero Negro,186,2025,0
SAL-266,266 - Yos,SAL,266,SAL-2025-0266,51.0,12.2,943.0,Yos,315,2025,0
SAL-265,265 - Vainillo,SAL,265,SAL-2025-0265,39.6,6.5,344.0,Vainillo,347,2025,0
SAL-262,262 - Madero Negro,SAL,262,SAL-2025-0262,27.9,5.7,151.9,Madero Negro,186,2025,0
SAL-257,257 - Madero Negro,SAL,257,SAL-2025-0257,30.4,9.2,263.8,Madero Negro,186,2025,0
SAL-256,256 - Madero Negro,SAL,256,SAL-2025-0256,19.4,8.0,94.9,Madero Negro,186,2025,0
SAL-255,255 - Madero Negro,SAL,255,SAL-2025-0255,30.4,11.8,320.3,Madero Negro,186,2025,0
SAL-254,254 - Vainillo,SAL,254,SAL-2025-0254,43.3,10.0,577.8,Vainillo,347,2025,0
SAL-253,253 - Madero Negro,SAL,253,SAL-2025-0253,26.2,8.6,184.6,Madero Negro,186,2025,0
SAL-252,252 - Higuerón,SAL,252,SAL-2025-0252,111.7,18.9,6562.9,Higuerón,183,2025,0
SAL-251,251 - Guachipelin,SAL,251,SAL-2025-0251,53.3,13.4,1112.2,Guachipelin,141,2025,0
SAL-250,250 - Guachipelin,SAL,250,SAL-2025-0250,85.3,15.0,3162.4,Guachipelin,141,2025,0
SAL-249,249 - Guachipelin,SAL,249,SAL-2025-0249,62.4,14.0,1586.5,Guachipelin,141,2025,0
SAL-247,247 - Madero Negro,SAL,247,SAL-2025-0247,22.3,7.0,113.1,Madero Negro,186,2025,0
SAL-246,246 - Guachipelin,SAL,246,SAL-2025-0246,48.5,12.2,852.2,Guachipelin,141,2025,0
SAL-245,245 - Madero Negro,SAL,245,SAL-2025-0245,36.7,8.6,366.5,Madero Negro,186,2025,0
SAL-244,244 - Vainillo,SAL,244,SAL-2025-0244,17.9,5.5,59.7,Vainillo,347,2025,0
SAL-243,243 - Vainillo,SAL,243,SAL-2025-0243,21.9,7.3,113.2,Vainillo,347,2025,0
SAL-242,242 - Guachipelin,SAL,242,SAL-2025-0242,36.8,9.4,395.0,Guachipelin,141,2025,0
SAL-241,241 - Guachipelin,SAL,241,SAL-2025-0241,22.0,9.3,137.8,Guachipelin,141,2025,0
SAL-240,240 - Madero Negro,SAL,240,SAL-2025-0240,26.3,7.0,158.2,Madero Negro,186,2025,0
SAL-238,238 - Madero Negro,SAL,238,SAL-2025-0238,23.9,9.8,169.3,Madero Negro,186,2025,0
SAL-237,237 - Madero Negro,SAL,237,SAL-2025-0237,21.9,8.5,127.3,Madero Negro,186,2025,0
SAL-236,236 - Madero Negro,SAL,236,SAL-2025-0236,25.0,9.4,179.2,Madero Negro,186,2025,0
SAL-235,235 - Madero Negro,SAL,235,SAL-2025-0235,21.7,11.1,153.0,Madero Negro,186,2025,0
SAL-234,234 - Madero Negro,SAL,234,SAL-2025-0234,41.9,11.3,594.8,Madero Negro,186,2025,0
SAL-233,233 - Madero Negro,SAL,233,SAL-2025-0233,17.6,8.0,77.9,Madero Negro,186,2025,0
SAL-231,231 - Jocote,SAL,231,SAL-2025-0231,41.5,10.0,531.4,Jocote,333,2025,0
SAL-230,230 - Jocote,SAL,230,SAL-2025-0230,41.1,6.7,381.4,Jocote,333,2025,0
SAL-229,229 - Jocote,SAL,229,SAL-2025-0229,42.5,9.7,543.7,Jocote,333,2025,0
SAL-228,228 - Vainillo,SAL,228,SAL-2025-0228,42.5,9.0,514.1,Vainillo,347,2025,0
SAL-227,227 - Higuerón,SAL,227,SAL-2025-0227,116.6,15.0,5990.9,Higuerón,183,2025,0
SAL-226,226 - Vainillo,SAL,226,SAL-2025-0226,30.9,7.3,227.5,Vainillo,347,2025,0
SAL-225,225 - Guachipelin,SAL,225,SAL-2025-0225,63.1,14.0,1620.9,Guachipelin,141,2025,0
SAL-222,222 - Jacaranda,SAL,222,SAL-2025-0222,29.0,19.6,392.3,Jacaranda,8,2025,0
SAL-220,220 - Jacaranda,SAL,220,SAL-2025-0220,31.1,13.1,330.3,Jacaranda,8,2025,0
SAL-217,217 - Madero Negro,SAL,217,SAL-2025-0217,38.2,10.4,462.0,Madero Negro,186,2025,0
SAL-216,216 - Madero Negro,SAL,216,SAL-2025-0216,29.5,13.1,326.8,Madero Negro,186,2025,0
SAL-215,215 - Madero Negro,SAL,215,SAL-2025-0215,44.4,5.0,354.9,Madero Negro,186,2025,0
SAL-214,214 - Higuerón,SAL,214,SAL-2025-0214,86.2,17.0,3565.1,Higuerón,183,2025,0
SAL-213,213 - Vainillo,SAL,213,SAL-2025-0213,35.4,8.0,323.3,Vainillo,347,2025,0
SAL-212,212 - Vainillo,SAL,212,SAL-2025-0212,29.2,8.0,218.3,Vainillo,347,2025,0
SAL-211,211 - Guachipelin,SAL,211,SAL-2025-0211,52.6,14.2,1133.1,Guachipelin,141,2025,0
SAL-210,210 - Guachipelin,SAL,210,SAL-2025-0210,59.5,14.2,1456.2,Guachipelin,141,2025,0
SAL-209,209 - Madero Negro,SAL,209,SAL-2025-0209,33.7,13.9,449.8,Madero Negro,186,2025,0
SAL-208,208 - Madero Negro,SAL,208,SAL-2025-0208,21.6,10.0,139.7,Madero Negro,186,2025,0
SAL-207,207 - Madero Negro,SAL,207,SAL-2025-0207,21.3,13.0,167.5,Madero Negro,186,2025,0
SAL-206,206 - Madero Negro,SAL,206,SAL-2025-0206,31.2,13.0,364.9,Madero Negro,186,2025,0
SAL-205,205 - Guachipelin,SAL,205,SAL-2025-0205,70.3,12.6,1864.2,Guachipelin,141,2025,0
SAL-203,203 - Jocote,SAL,203,SAL-2025-0203,55.9,11.2,1066.2,Jocote,333,2025,0
SAL-202,202 - Jocote,SAL,202,SAL-2025-0202,45.9,11.2,712.8,Jocote,333,2025,0
SAL-201,201 - ira café,SAL,201,SAL-2025-0201,30.5,6.5,202.6,ira café,280,2025,0
SAL-200,200 - higuerón,SAL,200,SAL-2025-0200,35.2,15.0,519.7,higuerón,175,2025,0
SAL-199,199 - lagarto blanco,SAL,199,SAL-2025-0199,37.8,19.6,742.8,lagarto blanco,383,2025,0
SAL-198,198 - Guachipelin,SAL,198,SAL-2025-0198,63.6,19.6,2144.2,Guachipelin,141,2025,0
SAL-197,197 - Guachipelin,SAL,197,SAL-2025-0197,75.7,19.6,3056.8,Guachipelin,141,2025,0
SAL-192,192 - chaperno,SAL,192,SAL-2025-0192,33.3,5.0,197.9,chaperno,233,2025,0
SAL-179,179 - chaperno,SAL,179,SAL-2025-0179,39.8,15.8,697.5,chaperno,233,2025,0
SAL-178,178 - chaperno,SAL,178,SAL-2025-0178,39.2,15.3,657.8,chaperno,233,2025,0
SAL-177,177 - Cirri colorado,SAL,177,SAL-2025-0177,58.2,14.1,1384.5,Cirri colorado,244,2025,0
SAL-176,176 - lagarto blanco,SAL,176,SAL-2025-0176,56.7,21.7,1831.4,lagarto blanco,383,2025,0
SAL-175,175 - lagarto blanco,SAL,175,SAL-2025-0175,37.5,20.0,740.4,lagarto blanco,383,2025,0
SAL-174,174 - lagarto blanco,SAL,174,SAL-2025-0174,38.1,12.0,514.2,lagarto blanco,383,2025,0
SAL-173,173 - lagarto blanco,SAL,173,SAL-2025-0173,41.4,12.0,608.3,lagarto blanco,383,2025,0
SAL-172,172 - Guachipelin,SAL,172,SAL-2025-0172,44.6,10.0,614.3,Guachipelin,141,2025,0
SAL-171,171 - Jocote,SAL,171,SAL-2025-0171,1.0,5.0,0.2,Jocote,333,2025,0
SAL-170,170 - Vainillo,SAL,170,SAL-2025-0170,35.4,10.8,406.4,Vainillo,347,2025,0
SAL-169,169 - Guachipelin,SAL,169,SAL-2025-0169,39.8,10.1,491.2,Guachipelin,141,2025,0
SAL-168,168 - Guachipelin,SAL,168,SAL-2025-0168,44.2,13.5,761.3,Guachipelin,141,2025,0
SAL-167,167 - Vainillo,SAL,167,SAL-2025-0167,47.2,12.6,824.6,Vainillo,347,2025,0
SAL-166,166 - Madero Negro,SAL,166,SAL-2025-0166,30.4,12.1,325.3,Madero Negro,186,2025,0
SAL-165,165 - Madero Negro,SAL,165,SAL-2025-0165,26.6,12.0,247.3,Madero Negro,186,2025,0
SAL-163,163 - Guachipelin,SAL,163,SAL-2025-0163,26.4,11.5,235.6,Guachipelin,141,2025,0
SAL-162,162 - Jocote,SAL,162,SAL-2025-0162,71.6,11.1,1751.7,Jocote,333,2025,0
SAL-196,196 - No identificada,SAL,196,SAL-2025-0196,32.5,13.2,375.2,No identificada,388,2025,0
SAL-1,1 - eucalipto,SAL,1,SAL-2025-0001,67.1,28.0,3152.0,eucalipto,159,2025,0
SAL-2,2 - eucalipto,SAL,2,SAL-2025-0002,53.2,28.0,1961.9,eucalipto,159,2025,0
SAL-3,3 - Guayaba,SAL,3,SAL-2025-0003,25.0,6.6,136.4,Guayaba,297,2025,0
SAL-9,9 - Uruca,SAL,9,SAL-2025-0009,36.3,7.7,330.1,Uruca,359,2025,0
SAL-10,10 - Roble sabana,SAL,10,SAL-2025-0010,31.2,11.0,303.1,Roble sabana,6,2025,0
SAL-11,11 - Uruca,SAL,11,SAL-2025-0011,18.0,5.0,56.0,Uruca,359,2025,0
SAL-12,12 - Uruca,SAL,12,SAL-2025-0012,22.3,5.5,94.0,Uruca,359,2025,0
SAL-13,13 - Laurel negro,SAL,13,SAL-2025-0013,27.4,16.0,308.2,Laurel negro,11,2025,0
SAL-14,14 - Laurel negro,SAL,14,SAL-2025-0014,42.1,13.0,629.6,Laurel negro,11,2025,0
SAL-15,15 - Roble sabana,SAL,15,SAL-2025-0015,26.6,10.0,204.2,Roble sabana,6,2025,0
SAL-16,16 - Guachipelin,SAL,16,SAL-2025-0016,37.0,10.2,425.9,Guachipelin,141,2025,0
SAL-17,17 - Guachipelin,SAL,17,SAL-2025-0017,28.5,12.0,283.7,Guachipelin,141,2025,0
SAL-18,18 - Guachipelin,SAL,18,SAL-2025-0018,26.0,12.0,235.7,Guachipelin,141,2025,0
SAL-19,19 - Guachipelin,SAL,19,SAL-2025-0019,26.1,12.0,238.1,Guachipelin,141,2025,0
SAL-20,20 - Guitite,SAL,20,SAL-2025-0020,17.7,7.0,70.9,Guitite,35,2025,0
SAL-23,23 - Vainillo,SAL,23,SAL-2025-0023,34.7,11.5,410.4,Vainillo,347,2025,0
SAL-25,25 - Guachipelin,SAL,25,SAL-2025-0025,20.4,17.1,189.8,Guachipelin,141,2025,0
SAL-26,26 - Uruca,SAL,26,SAL-2025-0026,18.8,6.2,72.3,Uruca,359,2025,0
SAL-27,27 - Uruca,SAL,27,SAL-2025-0027,15.3,5.5,43.5,Uruca,359,2025,0
SAL-28,28 - zapote,SAL,28,SAL-2025-0028,56.8,14.0,1306.8,zapote,290,2025,0
SAL-29,29 - Eucalipto,SAL,29,SAL-2025-0029,104.4,22.0,6435.4,Eucalipto,157,2025,0
SAL-30,30 - eucalipto,SAL,30,SAL-2025-0030,77.7,27.5,4192.6,eucalipto,158,2025,0
SAL-31,"31 - calistemón, hisopo",SAL,31,SAL-2025-0031,13.9,6.2,39.0,"calistemón, hisopo",69,2025,0
SAL-32,"32 - calistemón, hisopo",SAL,32,SAL-2025-0032,21.6,6.5,100.3,"calistemón, hisopo",69,2025,0
SAL-33,"33 - calistemón, hisopo",SAL,33,SAL-2025-0033,17.8,6.5,67.1,"calistemón, hisopo",69,2025,0
SAL-34,"34 - calistemón, hisopo",SAL,34,SAL-2025-0034,22.7,6.5,111.0,"calistemón, hisopo",69,2025,0
SAL-35,"35 - calistemón, hisopo",SAL,35,SAL-2025-0035,20.0,7.0,90.8,"calistemón, hisopo",69,2025,0
SAL-36,"36 - calistemón, hisopo",SAL,36,SAL-2025-0036,15.9,5.0,43.9,"calistemón, hisopo",69,2025,0
SAL-37,37 - guarumo colorado,SAL,37,SAL-2025-0037,29.4,11.2,287.6,guarumo colorado,87,2025,0
SAL-38,"38 - calistemón, hisopo",SAL,38,SAL-2025-0038,35.4,6.3,267.5,"calistemón, hisopo",69,2025,0
SAL-39,39 - ira café,SAL,39,SAL-2025-0039,22.2,10.4,152.3,ira café,280,2025,0
SAL-40,40 - Guayaba,SAL,40,SAL-2025-0040,35.2,11.0,409.4,Guayaba,297,2025,0
SAL-41,41 - Guayaba,SAL,41,SAL-2025-0041,28.9,11.0,273.5,Guayaba,297,2025,0
SAL-42,42 - Lorito,SAL,42,SAL-2025-0042,25.8,8.6,178.1,Lorito,114,2025,0
SAL-43,43 - Lorito,SAL,43,SAL-2025-0043,30.0,10.0,273.8,Lorito,114,2025,0
SAL-46,46 - Guayaba,SAL,46,SAL-2025-0046,25.5,12.3,231.5,Guayaba,297,2025,0
SAL-47,47 - Guanabana,SAL,47,SAL-2025-0047,22.4,5.0,87.9,Guanabana,47,2025,0
SAL-48,48 - Guayaba,SAL,48,SAL-2025-0048,22.3,9.0,137.9,Guayaba,297,2025,0
SAL-49,49 - Guayaba,SAL,49,SAL-2025-0049,17.7,9.0,86.0,Guayaba,297,2025,0
SAL-50,50 - Guayaba,SAL,50,SAL-2025-0050,20.7,7.0,97.4,Guayaba,297,2025,0
SAL-51,51 - Guayaba,SAL,51,SAL-2025-0051,40.4,11.0,540.7,Guayaba,297,2025,0
SAL-52,52 - Guanabana,SAL,52,SAL-2025-0052,23.4,7.3,128.9,Guanabana,47,2025,0
SAL-54,54 - Guayaba,SAL,54,SAL-2025-0054,26.0,11.2,223.0,Guayaba,297,2025,0
SAL-55,55 - Guayaba,SAL,55,SAL-2025-0055,25.4,9.3,183.6,Guayaba,297,2025,0
SAL-56,56 - limón madarina,SAL,56,SAL-2025-0056,17.6,6.3,64.6,limón madarina,105,2025,0
SAL-57,57 - Madero Negro,SAL,57,SAL-2025-0057,25.6,11.0,213.4,Madero Negro,186,2025,0
SAL-58,58 - Madero Negro,SAL,58,SAL-2025-0058,28.4,13.3,306.2,Madero Negro,186,2025,0
SAL-59,59 - Poro cuchillo,SAL,59,SAL-2025-0059,34.1,4.5,191.4,Poro cuchillo,151,2025,0
SAL-60,60 - Poro cuchillo,SAL,60,SAL-2025-0060,18.3,3.5,44.2,Poro cuchillo,151,2025,0
SAL-61,61 - guarumo colorado,SAL,61,SAL-2025-0061,28.6,12.7,298.4,guarumo colorado,87,2025,0
SAL-62,62 - guarumo colorado,SAL,62,SAL-2025-0062,19.2,6.5,78.6,guarumo colorado,87,2025,0
SAL-63,63 - chaperno,SAL,63,SAL-2025-0063,20.7,9.4,121.8,chaperno,233,2025,0
SAL-64,64 - chaperno,SAL,64,SAL-2025-0064,14.6,8.5,55.1,chaperno,233,2025,0
SAL-65,65 - chaperno,SAL,65,SAL-2025-0065,17.6,9.4,88.0,chaperno,233,2025,0
SAL-66,66 - Poro cuchillo,SAL,66,SAL-2025-0066,27.7,1.6,54.6,Poro cuchillo,151,2025,0
SAL-67,67 - Poro cuchillo,SAL,67,SAL-2025-0067,31.2,5.0,172.7,Poro cuchillo,151,2025,0
SAL-68,68 - Guitite,SAL,68,SAL-2025-0068,22.4,11.0,163.0,Guitite,35,2025,0
SAL-69,69 - Guitite,SAL,69,SAL-2025-0069,22.0,7.3,113.7,Guitite,35,2025,0
SAL-70,70 - Poro cuchillo,SAL,70,SAL-2025-0070,36.6,11.0,442.7,Poro cuchillo,151,2025,0
SAL-71,71 - chaperno,SAL,71,SAL-2025-0071,19.6,16.2,167.2,chaperno,233,2025,0
SAL-73,73 - Guayaba,SAL,73,SAL-2025-0073,14.3,15.0,82.7,Guayaba,297,2025,0
SAL-77,77 - Poro,SAL,77,SAL-2025-0077,29.8,2.0,77.0,Poro,153,2025,0
SAL-79,79 - Leucaena,SAL,79,SAL-2025-0079,33.6,19.0,567.9,Leucaena,231,2025,0
SAL-80,80 - Leucaena,SAL,80,SAL-2025-0080,20.8,12.2,151.2,Leucaena,231,2025,0
SAL-81,81 - Leucaena,SAL,81,SAL-2025-0081,32.9,15.5,465.7,Leucaena,231,2025,0
SAL-83,83 - Leucaena,SAL,83,SAL-2025-0083,27.2,13.5,283.5,Leucaena,231,2025,0
SAL-84,84 - Leucaena,SAL,84,SAL-2025-0084,26.6,15.5,301.2,Leucaena,231,2025,0
SAL-85,85 - Leucaena,SAL,85,SAL-2025-0085,30.3,16.3,408.1,Leucaena,231,2025,0
SAL-86,86 - Leucaena,SAL,86,SAL-2025-0086,38.1,16.2,647.6,Leucaena,231,2025,0
SAL-87,87 - Leucaena,SAL,87,SAL-2025-0087,20.5,14.0,164.0,Leucaena,231,2025,0
SAL-88,88 - Leucaena,SAL,88,SAL-2025-0088,23.9,11.0,185.4,Leucaena,231,2025,0
SAL-89,89 - Leucaena,SAL,89,SAL-2025-0089,32.6,15.0,443.8,Leucaena,231,2025,0
SAL-90,90 - Leucaena,SAL,90,SAL-2025-0090,27.7,16.7,347.5,Leucaena,231,2025,0
SAL-91,91 - Poro cuchillo,SAL,91,SAL-2025-0091,27.8,8.0,197.0,Poro cuchillo,151,2025,0
SAL-93,93 - Yos,SAL,93,SAL-2025-0093,62.4,18.2,1941.8,Yos,315,2025,0
SAL-94,94 - No registrado,SAL,94,SAL-2025-0094,17.7,10.0,93.7,No registrado,330,2025,0
SAL-95,95 - ira café,SAL,95,SAL-2025-0095,35.8,16.8,587.3,ira café,280,2025,0
SAL-98,98 - Yos,SAL,98,SAL-2025-0098,65.3,20.0,2295.7,Yos,315,2025,0
SAL-99,99 - Uruca,SAL,99,SAL-2025-0099,23.7,8.2,145.1,Uruca,359,2025,0
SAL-100,100 - Guayaba,SAL,100,SAL-2025-0100,20.2,6.0,82.1,Guayaba,297,2025,0
SAL-138,138 - Candelillo,SAL,138,SAL-2025-0138,47.8,11.0,763.5,Candelillo,325,2025,0
SAL-150,150 - Vainillo,SAL,150,SAL-2025-0150,20.8,8.5,114.6,Vainillo,347,2025,0
SAL-156,156 - Madero Negro,SAL,156,SAL-2025-0156,23.4,11.1,178.3,Madero Negro,186,2025,0
SAL-157,157 - Madero Negro,SAL,157,SAL-2025-0157,17.8,6.6,68.2,Madero Negro,186,2025,0
SAL-158,158 - Madero Negro,SAL,158,SAL-2025-0158,33.9,8.6,312.1,Madero Negro,186,2025,0
SAL-850,850 - aguacatillo,SAL,850,SAL-2025-0850,61.3,9.0,1083.7,aguacatillo,232,2025,0
SAL-180,180 - No identificada,SAL,180,SAL-2025-0180,19.2,9.3,97.6,No identificada,388,2025,0
SAL-181,181 - No identificada,SAL,181,SAL-2025-0181,20.3,9.3,109.7,No identificada,388,2025,0
SAL-182,182 - No identificada,SAL,182,SAL-2025-0182,43.0,18.0,845.8,No identificada,388,2025,0
SAL-183,183 - No identificada,SAL,183,SAL-2025-0183,46.8,7.0,482.5,No identificada,388,2025,0
SAL-258,258 - No identificada,SAL,258,SAL-2025-0258,29.2,9.2,227.2,No identificada,388,2025,0
SAL-184,184 - No identificada,SAL,184,SAL-2025-0184,52.5,16.5,1185.3,No identificada,388,2025,0
SAL-185,185 - No identificada,SAL,185,SAL-2025-0185,64.8,16.8,1852.0,No identificada,388,2025,0
SAL-187,187 - No identificada,SAL,187,SAL-2025-0187,46.5,12.8,760.8,No identificada,388,2025,0
SAL-188,188 - No identificada,SAL,188,SAL-2025-0188,22.7,12.1,167.9,No identificada,388,2025,0
SAL-189,189 - No identificada,SAL,189,SAL-2025-0189,57.6,18.8,1586.7,No identificada,388,2025,0
SAL-190,190 - No identificada,SAL,190,SAL-2025-0190,32.5,12.2,352.7,No identificada,388,2025,0
SAL-191,191 - No identificada,SAL,191,SAL-2025-0191,19.1,12.2,119.8,No identificada,388,2025,0
SAL-195,195 - No identificada,SAL,195,SAL-2025-0195,55.3,12.9,1091.2,No identificada,388,2025,0
SAL-259,259 - No identificada,SAL,259,SAL-2025-0259,26.6,8.2,171.7,No identificada,388,2025,0
SAL-260,260 - No identificada,SAL,260,SAL-2025-0260,27.2,9.2,196.4,No identificada,388,2025,0
SAL-261,261 - No identificada,SAL,261,SAL-2025-0261,30.2,12.4,307.7,No identificada,388,2025,0
SAL-263,263 - No identificada,SAL,263,SAL-2025-0263,26.2,5.7,125.8,No identificada,388,2025,0
SAL-280,280 - No identificada,SAL,280,SAL-2025-0280,41.1,9.6,473.1,No identificada,388,2025,0
SAL-281,281 - No identificada,SAL,281,SAL-2025-0281,37.1,9.6,384.0,No identificada,388,2025,0
SAL-282,282 - No identificada,SAL,282,SAL-2025-0282,71.4,14.1,1967.4,No identificada,388,2025,0
SAL-283,283 - No identificada,SAL,283,SAL-2025-0283,16.7,9.2,72.6,No identificada,388,2025,0
SAL-322,322 - No identificada,SAL,322,SAL-2025-0322,16.7,14.0,100.4,No identificada,388,2025,0
SAL-323,323 - No identificada,SAL,323,SAL-2025-0323,27.1,14.0,270.6,No identificada,388,2025,0
SAL-324,324 - No identificada,SAL,324,SAL-2025-0324,58.4,13.7,1277.2,No identificada,388,2025,0
SAL-325,325 - No identificada,SAL,325,SAL-2025-0325,24.2,14.0,214.5,No identificada,388,2025,0
SAL-383,383 - No identificada,SAL,383,SAL-2025-0383,46.7,12.0,729.5,No identificada,388,2025,0
SAL-385,385 - No identificada,SAL,385,SAL-2025-0385,79.7,14.0,2449.1,No identificada,388,2025,0
SAL-387,387 - No identificada,SAL,387,SAL-2025-0387,23.9,12.0,186.6,No identificada,388,2025,0
SAL-389,389 - No identificada,SAL,389,SAL-2025-0389,51.8,18.1,1243.8,No identificada,388,2025,0
SAL-390,390 - No identificada,SAL,390,SAL-2025-0390,45.2,12.0,682.8,No identificada,388,2025,0
SAL-391,391 - No identificada,SAL,391,SAL-2025-0391,38.6,11.6,483.0,No identificada,388,2025,0
SAL-284,284 - No identificada,SAL,284,SAL-2025-0284,17.4,9.2,79.3,No identificada,388,2025,0
SAL-392,392 - No identificada,SAL,392,SAL-2025-0392,19.9,12.3,130.7,No identificada,388,2025,0
SAL-1945,1945 - Cirri colorado,SAL,1945,SAL-2025-1945,42.5,15.3,776.9,Cirri colorado,244,2025,0
SAL-1708,1708 - Cirri colorado,SAL,1708,SAL-2025-1708,13.1,6.3,35.2,Cirri colorado,244,2025,0
SAL-1633,1633 - Yos,SAL,1633,SAL-2025-1633,49.6,12.0,880.3,Yos,315,2025,0
SAL-1539,1539 - Poro cuchillo,SAL,1539,SAL-2025-1539,30.5,5.0,165.2,Poro cuchillo,151,2025,0
SAL-1467,1467 - Colpachí,SAL,1467,SAL-2025-1467,22.1,12.0,169.5,Colpachí,130,2025,0
SAL-1427,1427 - cerezo,SAL,1427,SAL-2025-1427,38.9,15.0,637.7,cerezo,61,2025,0
SAL-1247,1247 - Poro,SAL,1247,SAL-2025-1247,60.1,24.6,2204.7,Poro,3,2025,0
SAL-866,866 - Cirri colorado,SAL,866,SAL-2025-0866,16.8,9.5,80.4,Cirri colorado,244,2025,0
SAL-568,568 - Cirri colorado,SAL,568,SAL-2025-0568,35.0,15.0,513.1,Cirri colorado,244,2025,0
SAL-470,470 - Nogal,SAL,470,SAL-2025-0470,18.0,12.3,114.0,Nogal,226,2025,0
SAL-332,332 - Uruca,SAL,332,SAL-2025-0332,40.5,11.0,544.8,Uruca,359,2025,0
SAL-315,315 - Laurel negro,SAL,315,SAL-2025-0315,38.2,17.2,640.6,Laurel negro,11,2025,0
SAL-232,232 - Vainillo,SAL,232,SAL-2025-0232,49.5,12.0,877.7,Vainillo,347,2025,0
SAL-223,223 - Jacaranda,SAL,223,SAL-2025-0223,47.9,19.6,1086.5,Jacaranda,8,2025,0
SAL-393,393 - No identificada,SAL,393,SAL-2025-0393,37.5,20.0,695.2,No identificada,388,2025,0
SAL-278,278 - No identificada,SAL,278,SAL-2025-0278,17.6,9.2,81.0,No identificada,388,2025,0
SAL-277,277 - No identificada,SAL,277,SAL-2025-0277,22.6,7.5,114.8,No identificada,388,2025,0
SAL-276,276 - No identificada,SAL,276,SAL-2025-0276,63.5,16.0,1707.5,No identificada,388,2025,0
SAL-273,273 - No identificada,SAL,273,SAL-2025-0273,19.0,4.9,58.1,No identificada,388,2025,0
SAL-264,264 - No identificada,SAL,264,SAL-2025-0264,53.3,12.3,973.9,No identificada,388,2025,0
SAL-394,394 - No identificada,SAL,394,SAL-2025-0394,36.0,20.0,637.9,No identificada,388,2025,0
SAL-395,395 - No identificada,SAL,395,SAL-2025-0395,19.4,12.0,122.1,No identificada,388,2025,0
SAL-397,397 - No identificada,SAL,397,SAL-2025-0397,15.0,8.0,52.6,No identificada,388,2025,0
SAL-398,398 - No identificada,SAL,398,SAL-2025-0398,32.2,12.0,342.1,No identificada,388,2025,0
SAL-403,403 - No identificada,SAL,403,SAL-2025-0403,45.2,7.4,467.9,No identificada,388,2025,0
SAL-404,404 - No identificada,SAL,404,SAL-2025-0404,27.0,10.0,206.8,No identificada,388,2025,0
SAL-405,405 - No identificada,SAL,405,SAL-2025-0405,34.1,13.0,409.0,No identificada,388,2025,0
SAL-406,406 - No identificada,SAL,406,SAL-2025-0406,29.3,15.0,335.8,No identificada,388,2025,0
SAL-407,407 - No identificada,SAL,407,SAL-2025-0407,29.6,15.0,341.6,No identificada,388,2025,0
SAL-408,408 - No identificada,SAL,408,SAL-2025-0408,40.8,15.0,659.9,No identificada,388,2025,0
SAL-409,409 - No identificada,SAL,409,SAL-2025-0409,38.7,15.0,592.5,No identificada,388,2025,0
SAL-388,388 - No identificada,SAL,388,SAL-2025-0388,21.9,10.0,134.7,No identificada,388,2025,0
SAL-410,410 - No identificada,SAL,410,SAL-2025-0410,31.8,11.3,317.4,No identificada,388,2025,0
SAL-411,411 - No identificada,SAL,411,SAL-2025-0411,26.0,11.3,211.2,No identificada,388,2025,0
SAL-186,186 - No identificada,SAL,186,SAL-2025-0186,75.6,12.3,1988.6,No identificada,388,2025,0
SAL-1520,1520 - Mango,SAL,1520,SAL-2025-1520,33.7,10.0,308.3,Mango,14,2025,0
SAL-413,413 - No identificada,SAL,413,SAL-2025-0413,28.1,11.3,246.4,No identificada,388,2025,0
SAL-414,414 - No identificada,SAL,414,SAL-2025-0414,31.8,11.5,322.0,No identificada,388,2025,0
SAL-426,426 - No identificada,SAL,426,SAL-2025-0426,46.9,18.0,1011.4,No identificada,388,2025,0
SAL-415,415 - No identificada,SAL,415,SAL-2025-0415,31.4,11.4,312.7,No identificada,388,2025,0
SAL-416,416 - No identificada,SAL,416,SAL-2025-0416,35.2,11.4,393.7,No identificada,388,2025,0
SAL-419,419 - No identificada,SAL,419,SAL-2025-0419,23.9,11.5,180.7,No identificada,388,2025,0
SAL-421,421 - No identificada,SAL,421,SAL-2025-0421,27.4,9.6,207.3,No identificada,388,2025,0
SAL-422,422 - No identificada,SAL,422,SAL-2025-0422,38.6,16.0,619.8,No identificada,388,2025,0
SAL-423,423 - No identificada,SAL,423,SAL-2025-0423,55.6,18.0,1428.6,No identificada,388,2025,0
SAL-424,424 - No identificada,SAL,424,SAL-2025-0424,21.9,8.3,116.7,No identificada,388,2025,0
SAL-425,425 - No identificada,SAL,425,SAL-2025-0425,20.9,9.7,119.8,No identificada,388,2025,0
SAL-427,427 - No identificada,SAL,427,SAL-2025-0427,19.7,12.0,125.9,No identificada,388,2025,0
SAL-454,454 - No identificada,SAL,454,SAL-2025-0454,27.4,11.5,237.9,No identificada,388,2025,0
SAL-455,455 - No identificada,SAL,455,SAL-2025-0455,47.9,13.9,861.8,No identificada,388,2025,0
SAL-457,457 - No identificada,SAL,457,SAL-2025-0457,40.5,19.2,788.3,No identificada,388,2025,0
SAL-458,458 - No identificada,SAL,458,SAL-2025-0458,27.4,15.7,303.5,No identificada,388,2025,0
SAL-496,496 - No identificada,SAL,496,SAL-2025-0496,42.6,5.0,306.2,No identificada,388,2025,0
SAL-500,500 - No identificada,SAL,500,SAL-2025-0500,46.5,9.0,578.7,No identificada,388,2025,0
SAL-504,504 - No identificada,SAL,504,SAL-2025-0504,21.2,8.0,106.2,No identificada,388,2025,0
SAL-505,505 - No identificada,SAL,505,SAL-2025-0505,18.4,6.3,65.9,No identificada,388,2025,0
SAL-506,506 - No identificada,SAL,506,SAL-2025-0506,19.9,6.2,76.5,No identificada,388,2025,0
SAL-501,501 - No identificada,SAL,501,SAL-2025-0501,49.2,14.0,916.4,No identificada,388,2025,0
SAL-510,510 - No identificada,SAL,510,SAL-2025-0510,32.5,11.0,325.4,No identificada,388,2025,0
SAL-507,507 - No identificada,SAL,507,SAL-2025-0507,14.0,7.0,40.8,No identificada,388,2025,0
SAL-508,508 - No identificada,SAL,508,SAL-2025-0508,91.6,14.0,3251.5,No identificada,388,2025,0
SAL-509,509 - No identificada,SAL,509,SAL-2025-0509,79.3,18.8,3048.4,No identificada,388,2025,0
SAL-512,512 - No identificada,SAL,512,SAL-2025-0512,42.3,11.4,571.7,No identificada,388,2025,0
SAL-513,513 - No identificada,SAL,513,SAL-2025-0513,43.2,23.2,1038.0,No identificada,388,2025,0
SAL-516,516 - No identificada,SAL,516,SAL-2025-0516,21.8,12.5,159.6,No identificada,388,2025,0
SAL-586,586 - No identificada,SAL,586,SAL-2025-0586,20.9,10.0,123.1,No identificada,388,2025,0
SAL-587,587 - No identificada,SAL,587,SAL-2025-0587,25.3,14.0,236.1,No identificada,388,2025,0
SAL-747,747 - lagarto blanco,SAL,747,SAL-2025-0747,49.4,15.4,1058.6,lagarto blanco,383,2025,0
SAL-746,746 - Guachipelin,SAL,746,SAL-2025-0746,48.3,14.3,957.1,Guachipelin,141,2025,0
SAL-745,745 - Cuajiniquil,SAL,745,SAL-2025-0745,33.2,10.0,336.5,Cuajiniquil,214,2025,0
SAL-744,744 - Guachipelin,SAL,744,SAL-2025-0744,38.8,10.0,463.8,Guachipelin,141,2025,0
SAL-743,743 - Manazana rosa,SAL,743,SAL-2025-0743,15.9,9.0,68.9,Manazana rosa,342,2025,0
SAL-741,741 - dama,SAL,741,SAL-2025-0741,17.9,7.4,75.8,dama,101,2025,0
SAL-740,740 - mandarina,SAL,740,SAL-2025-0740,27.9,8.7,211.7,mandarina,103,2025,0
SAL-739,739 - lagarto blanco,SAL,739,SAL-2025-0739,58.1,24.2,2097.7,lagarto blanco,383,2025,0
SAL-738,738 - Cuajiniquil,SAL,738,SAL-2025-0738,30.7,11.0,308.8,Cuajiniquil,214,2025,0
SAL-737,737 - candelillo,SAL,737,SAL-2025-0737,38.0,9.0,409.0,candelillo,323,2025,0
SAL-736,736 - ira café,SAL,736,SAL-2025-0736,31.7,11.5,341.2,ira café,280,2025,0
SAL-735,735 - Manazana rosa,SAL,735,SAL-2025-0735,15.2,7.0,51.6,Manazana rosa,342,2025,0
SAL-733,733 - candelillo,SAL,733,SAL-2025-0733,24.4,9.0,165.0,candelillo,323,2025,0
SAL-732,732 - No registrado,SAL,732,SAL-2025-0732,37.1,10.0,423.3,No registrado,166,2025,0
SAL-729,729 - Cirri colorado,SAL,729,SAL-2025-0729,37.6,16.3,634.4,Cirri colorado,244,2025,0
SAL-728,728 - Cirri colorado,SAL,728,SAL-2025-0728,33.5,16.9,515.9,Cirri colorado,244,2025,0
SAL-727,727 - Grevilea,SAL,727,SAL-2025-0727,52.5,21.4,1553.6,Grevilea,191,2025,0
SAL-726,726 - Cirri colorado,SAL,726,SAL-2025-0726,41.4,16.0,761.4,Cirri colorado,244,2025,0
SAL-725,725 - Cinamomun,SAL,725,SAL-2025-0725,40.9,12.0,593.1,Cinamomun,99,2025,0
SAL-724,724 - dama,SAL,724,SAL-2025-0724,19.6,8.2,98.7,dama,101,2025,0
SAL-721,721 - Yos,SAL,721,SAL-2025-0721,49.8,17.5,1189.8,Yos,315,2025,0
SAL-720,720 - Yos,SAL,720,SAL-2025-0720,56.7,21.0,1786.5,Yos,315,2025,0
SAL-717,717 - chaperno,SAL,717,SAL-2025-0717,33.9,17.1,533.0,chaperno,233,2025,0
SAL-716,716 - murta,SAL,716,SAL-2025-0716,33.9,15.8,501.5,murta,257,2025,0
SAL-715,715 - Grevilea,SAL,715,SAL-2025-0715,64.3,22.0,2394.5,Grevilea,191,2025,0
SAL-714,714 - Níspero,SAL,714,SAL-2025-0714,14.4,7.3,48.2,Níspero,150,2025,0
SAL-713,713 - Manazana rosa,SAL,713,SAL-2025-0713,23.3,8.2,140.0,Manazana rosa,342,2025,0
SAL-712,712 - Manazana rosa,SAL,712,SAL-2025-0712,17.1,6.5,62.3,Manazana rosa,342,2025,0
SAL-711,711 - Cuajiniquil,SAL,711,SAL-2025-0711,44.1,11.2,656.7,Cuajiniquil,214,2025,0
SAL-710,"710 - h. caballo, guijarro",SAL,710,SAL-2025-0710,24.5,9.3,171.8,"h. caballo, guijarro",345,2025,0
SAL-707,"707 - h. caballo, guijarro",SAL,707,SAL-2025-0707,23.6,8.5,148.0,"h. caballo, guijarro",345,2025,0
SAL-704,704 - quizarrá caca,SAL,704,SAL-2025-0704,39.2,13.0,580.0,quizarrá caca,270,2025,0
SAL-703,703 - guarumo colorado,SAL,703,SAL-2025-0703,33.8,11.4,385.6,guarumo colorado,87,2025,0
SAL-702,702 - guarumo colorado,SAL,702,SAL-2025-0702,25.0,11.4,208.2,guarumo colorado,87,2025,0
SAL-701,701 - Targua,SAL,701,SAL-2025-0701,37.4,11.2,468.2,Targua,129,2025,0
SAL-700,700 - Cirri colorado,SAL,700,SAL-2025-0700,37.5,11.0,464.2,Cirri colorado,244,2025,0
SAL-698,698 - quizarrá caca,SAL,698,SAL-2025-0698,35.4,10.1,387.7,quizarrá caca,270,2025,0
SAL-697,697 - Candelillo,SAL,697,SAL-2025-0697,24.7,7.1,141.3,Candelillo,325,2025,0
SAL-696,696 - quizarrá caca,SAL,696,SAL-2025-0696,44.3,15.2,840.8,quizarrá caca,270,2025,0
SAL-694,694 - ciprés,SAL,694,SAL-2025-0694,38.0,14.0,575.5,ciprés,135,2025,0
SAL-693,"693 - h. caballo, guijarro",SAL,693,SAL-2025-0693,23.6,8.0,140.6,"h. caballo, guijarro",345,2025,0
SAL-692,692 - Cirri colorado,SAL,692,SAL-2025-0692,44.0,12.9,730.1,Cirri colorado,244,2025,0
SAL-691,691 - ira café,SAL,691,SAL-2025-0691,44.7,14.0,802.5,ira café,280,2025,0
SAL-690,690 - lengua de vaca,SAL,690,SAL-2025-0690,21.3,8.0,114.7,lengua de vaca,116,2025,0
SAL-689,689 - Guachipelin,SAL,689,SAL-2025-0689,32.7,11.5,364.7,Guachipelin,141,2025,0
SAL-688,688 - ira café,SAL,688,SAL-2025-0688,39.1,12.7,566.9,ira café,280,2025,0
SAL-687,687 - Guachipelin,SAL,687,SAL-2025-0687,65.9,12.2,1592.0,Guachipelin,141,2025,0
SAL-686,686 - Guachipelin,SAL,686,SAL-2025-0686,51.4,13.5,1038.9,Guachipelin,141,2025,0
SAL-685,685 - Guachipelin,SAL,685,SAL-2025-0685,45.9,15.0,894.6,Guachipelin,141,2025,0
SAL-684,684 - Guachipelin,SAL,684,SAL-2025-0684,47.2,8.1,585.0,Guachipelin,141,2025,0
SAL-683,683 - Guachipelin,SAL,683,SAL-2025-0683,43.6,12.1,682.0,Guachipelin,141,2025,0
SAL-682,682 - Guachipelin,SAL,682,SAL-2025-0682,39.5,12.1,555.7,Guachipelin,141,2025,0
SAL-681,681 - Guanabana,SAL,681,SAL-2025-0681,22.8,7.0,118.2,Guanabana,47,2025,0
SAL-679,679 - Laurel negro,SAL,679,SAL-2025-0679,50.6,16.9,1121.0,Laurel negro,11,2025,0
SAL-678,678 - Laurel negro,SAL,678,SAL-2025-0678,38.4,13.4,533.6,Laurel negro,11,2025,0
SAL-677,677 - Laurel negro,SAL,677,SAL-2025-0677,33.0,13.3,389.2,Laurel negro,11,2025,0
SAL-676,676 - Laurel negro,SAL,676,SAL-2025-0676,34.5,11.0,366.7,Laurel negro,11,2025,0
SAL-1864,1864 - higuerón,SAL,1864,SAL-2025-1864,170.7,22.1,17622.3,higuerón,178,2025,0
SAL-1863,1863 - Caoba,SAL,1863,SAL-2025-1863,15.7,6.8,50.9,Caoba,10,2025,0
SAL-1862,1862 - Níspero,SAL,1862,SAL-2025-1862,19.6,6.3,80.4,Níspero,150,2025,0
SAL-1861,1861 - Níspero,SAL,1861,SAL-2025-1861,19.5,6.3,79.4,Níspero,150,2025,0
SAL-1860,1860 - Roble sabana,SAL,1860,SAL-2025-1860,20.6,6.2,83.2,Roble sabana,6,2025,0
SAL-1859,1859 - Cas,SAL,1859,SAL-2025-1859,18.0,9.0,89.2,Cas,296,2025,0
SAL-1858,1858 - Cas,SAL,1858,SAL-2025-1858,20.2,9.0,112.7,Cas,296,2025,0
SAL-1857,1857 - Cas,SAL,1857,SAL-2025-1857,24.9,9.0,172.9,Cas,296,2025,0
SAL-1856,1856 - Cas,SAL,1856,SAL-2025-1856,12.9,7.4,38.7,Cas,296,2025,0
SAL-1855,1855 - Cas,SAL,1855,SAL-2025-1855,19.1,7.4,85.8,Cas,296,2025,0
SAL-1854,1854 - Cas,SAL,1854,SAL-2025-1854,12.3,4.2,22.7,Cas,296,2025,0
SAL-1853,1853 - Cas,SAL,1853,SAL-2025-1853,13.8,4.2,28.5,Cas,296,2025,0
SAL-1852,1852 - Cas,SAL,1852,SAL-2025-1852,17.5,5.2,54.9,Cas,296,2025,0
SAL-1851,1851 - Cas,SAL,1851,SAL-2025-1851,15.7,5.2,44.0,Cas,296,2025,0
SAL-1850,1850 - Cirri colorado,SAL,1850,SAL-2025-1850,19.1,6.1,74.4,Cirri colorado,244,2025,0
SAL-1849,1849 - Cas,SAL,1849,SAL-2025-1849,25.9,9.1,188.2,Cas,296,2025,0
SAL-1848,1848 - Cas,SAL,1848,SAL-2025-1848,29.0,10.0,256.3,Cas,296,2025,0
SAL-1847,1847 - Cas,SAL,1847,SAL-2025-1847,29.5,10.0,264.1,Cas,296,2025,0
SAL-1846,1846 - Cas,SAL,1846,SAL-2025-1846,16.8,9.0,77.3,Cas,296,2025,0
SAL-1845,1845 - Cas,SAL,1845,SAL-2025-1845,15.8,9.0,68.6,Cas,296,2025,0
SAL-1844,1844 - Cas,SAL,1844,SAL-2025-1844,17.2,6.1,59.8,Cas,296,2025,0
SAL-1843,1843 - Cas,SAL,1843,SAL-2025-1843,15.1,7.0,51.3,Cas,296,2025,0
SAL-1842,1842 - Cas,SAL,1842,SAL-2025-1842,15.8,7.0,56.4,Cas,296,2025,0
SAL-1841,1841 - Cas,SAL,1841,SAL-2025-1841,18.3,8.0,83.6,Cas,296,2025,0
SAL-1840,1840 - Cas,SAL,1840,SAL-2025-1840,18.9,8.0,89.4,Cas,296,2025,0
SAL-1839,1839 - Cas,SAL,1839,SAL-2025-1839,17.0,6.7,63.2,Cas,296,2025,0
SAL-1838,1838 - Cas,SAL,1838,SAL-2025-1838,12.8,6.7,35.1,Cas,296,2025,0
SAL-1837,1837 - Cas,SAL,1837,SAL-2025-1837,13.2,6.7,37.6,Cas,296,2025,0
SAL-1836,1836 - Cas,SAL,1836,SAL-2025-1836,14.0,5.0,33.9,Cas,296,2025,0
SAL-1835,1835 - Cas,SAL,1835,SAL-2025-1835,13.8,5.0,32.9,Cas,296,2025,0
SAL-1834,1834 - Cas,SAL,1834,SAL-2025-1834,12.5,6.0,30.7,Cas,296,2025,0
SAL-1833,1833 - Cas,SAL,1833,SAL-2025-1833,18.4,6.1,69.0,Cas,296,2025,0
SAL-1832,1832 - Cas,SAL,1832,SAL-2025-1832,13.8,8.0,47.4,Cas,296,2025,0
SAL-1831,1831 - Cas,SAL,1831,SAL-2025-1831,17.8,8.2,80.8,Cas,296,2025,0
SAL-1830,1830 - Cas,SAL,1830,SAL-2025-1830,21.4,8.2,118.1,Cas,296,2025,0
SAL-1829,1829 - Cas,SAL,1829,SAL-2025-1829,24.6,7.1,140.0,Cas,296,2025,0
SAL-1828,1828 - Cas,SAL,1828,SAL-2025-1828,24.0,7.0,131.8,Cas,296,2025,0
SAL-1827,1827 - Cas,SAL,1827,SAL-2025-1827,18.3,5.7,64.5,Cas,296,2025,0
SAL-1826,1826 - Cas,SAL,1826,SAL-2025-1826,22.0,5.7,94.1,Cas,296,2025,0
SAL-1825,1825 - Cas,SAL,1825,SAL-2025-1825,14.4,5.7,39.7,Cas,296,2025,0
SAL-1824,1824 - Cas,SAL,1824,SAL-2025-1824,15.8,5.7,47.6,Cas,296,2025,0
SAL-1823,1823 - Cas,SAL,1823,SAL-2025-1823,17.8,5.7,60.7,Cas,296,2025,0
SAL-1822,1822 - Aguacate,SAL,1822,SAL-2025-1822,32.1,10.0,313.4,Aguacate,279,2025,0
SAL-1821,1821 - Cas,SAL,1821,SAL-2025-1821,15.8,6.7,54.4,Cas,296,2025,0
SAL-1820,1820 - Cas,SAL,1820,SAL-2025-1820,13.4,5.6,33.4,Cas,296,2025,0
SAL-1819,1819 - Cas,SAL,1819,SAL-2025-1819,15.2,5.6,43.7,Cas,296,2025,0
SAL-1818,1818 - Cas,SAL,1818,SAL-2025-1818,14.1,5.5,36.9,Cas,296,2025,0
SAL-1817,1817 - Cas,SAL,1817,SAL-2025-1817,12.9,5.0,28.4,Cas,296,2025,0
SAL-1816,"1816 - h. caballo, guijarro",SAL,1816,SAL-2025-1816,24.7,9.2,172.2,"h. caballo, guijarro",345,2025,0
SAL-1815,1815 - Cas,SAL,1815,SAL-2025-1815,16.9,6.3,59.3,Cas,296,2025,0
SAL-1814,1814 - Cas,SAL,1814,SAL-2025-1814,12.1,5.0,24.8,Cas,296,2025,0
SAL-1813,1813 - Cas,SAL,1813,SAL-2025-1813,13.9,5.0,33.2,Cas,296,2025,0
SAL-1812,1812 - Mango,SAL,1812,SAL-2025-1812,21.2,6.0,80.6,Mango,14,2025,0
SAL-1811,1811 - Cas,SAL,1811,SAL-2025-1811,13.9,6.7,42.0,Cas,296,2025,0
SAL-1810,1810 - Cas,SAL,1810,SAL-2025-1810,14.7,6.7,47.0,Cas,296,2025,0
SAL-1809,1809 - Cas,SAL,1809,SAL-2025-1809,12.6,6.3,32.5,Cas,296,2025,0
SAL-1808,1808 - Cas,SAL,1808,SAL-2025-1808,16.3,7.4,62.1,Cas,296,2025,0
SAL-1807,1807 - Cas,SAL,1807,SAL-2025-1807,20.9,10.0,131.5,Cas,296,2025,0
SAL-1806,1806 - güísaro,SAL,1806,SAL-2025-1806,12.9,6.5,35.1,güísaro,298,2025,0
SAL-1805,1805 - güísaro,SAL,1805,SAL-2025-1805,13.8,5.7,36.3,güísaro,298,2025,0
SAL-1804,1804 - Cas,SAL,1804,SAL-2025-1804,23.3,6.0,109.7,Cas,296,2025,0
SAL-1803,1803 - Cas,SAL,1803,SAL-2025-1803,17.9,9.5,91.2,Cas,296,2025,0
SAL-1802,1802 - Cas,SAL,1802,SAL-2025-1802,22.1,9.5,140.7,Cas,296,2025,0
SAL-1801,1801 - Cas,SAL,1801,SAL-2025-1801,17.2,10.2,89.1,Cas,296,2025,0
SAL-1800,1800 - Cas,SAL,1800,SAL-2025-1800,30.4,10.2,285.9,Cas,296,2025,0
SAL-1799,1799 - Cas,SAL,1799,SAL-2025-1799,14.9,7.0,49.7,Cas,296,2025,0
SAL-1798,1798 - Cas,SAL,1798,SAL-2025-1798,21.0,7.0,100.4,Cas,296,2025,0
SAL-1797,1797 - Cas,SAL,1797,SAL-2025-1797,27.6,7.2,179.3,Cas,296,2025,0
SAL-1796,1796 - Cas,SAL,1796,SAL-2025-1796,13.3,3.0,20.4,Cas,296,2025,0
SAL-1795,1795 - Cas,SAL,1795,SAL-2025-1795,16.9,4.3,43.9,Cas,296,2025,0
SAL-1794,1794 - Cas,SAL,1794,SAL-2025-1794,24.0,6.0,116.5,Cas,296,2025,0
SAL-1793,1793 - Cas,SAL,1793,SAL-2025-1793,11.3,7.3,29.5,Cas,296,2025,0
SAL-1792,1792 - Cas,SAL,1792,SAL-2025-1792,15.3,7.3,54.6,Cas,296,2025,0
SAL-1791,1791 - Cas,SAL,1791,SAL-2025-1791,18.4,7.3,79.2,Cas,296,2025,0
SAL-1790,1790 - Guayaba,SAL,1790,SAL-2025-1790,20.2,8.3,105.7,Guayaba,297,2025,0
SAL-1789,1789 - Guayaba,SAL,1789,SAL-2025-1789,20.9,8.3,113.3,Guayaba,297,2025,0
SAL-1788,1788 - Guarumo,SAL,1788,SAL-2025-1788,16.4,5.1,47.0,Guarumo,88,2025,0
SAL-1787,1787 - Cas,SAL,1787,SAL-2025-1787,18.8,7.0,80.0,Cas,296,2025,0
SAL-1786,1786 - Cas,SAL,1786,SAL-2025-1786,22.9,7.0,119.5,Cas,296,2025,0
SAL-1785,1785 - Cas,SAL,1785,SAL-2025-1785,17.3,6.0,59.7,Cas,296,2025,0
SAL-1784,1784 - Cas,SAL,1784,SAL-2025-1784,14.8,7.0,48.9,Cas,296,2025,0
SAL-1783,1783 - Cas,SAL,1783,SAL-2025-1783,16.5,7.0,61.6,Cas,296,2025,0
SAL-1782,1782 - Cas,SAL,1782,SAL-2025-1782,24.3,6.0,119.9,Cas,296,2025,0
SAL-1781,1781 - Cas,SAL,1781,SAL-2025-1781,26.2,6.0,139.2,Cas,296,2025,0
SAL-1780,1780 - Cas,SAL,1780,SAL-2025-1780,19.3,6.4,78.3,Cas,296,2025,0
SAL-1779,1779 - Guayaba,SAL,1779,SAL-2025-1779,28.9,8.5,222.8,Guayaba,297,2025,0
SAL-1778,1778 - Cas,SAL,1778,SAL-2025-1778,13.9,5.4,35.0,Cas,296,2025,0
SAL-1777,1777 - Cas,SAL,1777,SAL-2025-1777,16.6,5.4,50.9,Cas,296,2025,0
SAL-1776,1776 - Cas,SAL,1776,SAL-2025-1776,17.0,5.4,53.0,Cas,296,2025,0
SAL-1775,1775 - Cas,SAL,1775,SAL-2025-1775,18.1,6.0,65.8,Cas,296,2025,0
SAL-1774,1774 - Cas,SAL,1774,SAL-2025-1774,15.6,5.6,45.8,Cas,296,2025,0
SAL-1773,1773 - Cas,SAL,1773,SAL-2025-1773,11.9,5.6,26.6,Cas,296,2025,0
SAL-1772,1772 - Cas,SAL,1772,SAL-2025-1772,16.9,5.7,54.5,Cas,296,2025,0
SAL-1771,1771 - Cas,SAL,1771,SAL-2025-1771,15.9,5.9,49.7,Cas,296,2025,0
SAL-1770,1770 - Cas,SAL,1770,SAL-2025-1770,14.2,5.4,36.6,Cas,296,2025,0
SAL-1769,1769 - Cas,SAL,1769,SAL-2025-1769,14.9,5.6,41.9,Cas,296,2025,0
SAL-1768,1768 - Cas,SAL,1768,SAL-2025-1768,16.3,5.6,50.4,Cas,296,2025,0
SAL-1767,1767 - Guitite,SAL,1767,SAL-2025-1767,25.5,5.4,121.3,Guitite,35,2025,0
SAL-1766,1766 - Cas,SAL,1766,SAL-2025-1766,16.1,6.0,51.7,Cas,296,2025,0
SAL-1765,1765 - Cas,SAL,1765,SAL-2025-1765,14.6,5.6,40.2,Cas,296,2025,0
SAL-1764,1764 - Cas,SAL,1764,SAL-2025-1764,13.5,5.6,34.3,Cas,296,2025,0
SAL-1763,1763 - Cas,SAL,1763,SAL-2025-1763,16.0,6.5,54.4,Cas,296,2025,0
SAL-1762,1762 - Cas,SAL,1762,SAL-2025-1762,17.0,5.3,52.5,Cas,296,2025,0
SAL-1761,1761 - Targua,SAL,1761,SAL-2025-1761,50.9,12.5,958.7,Targua,129,2025,0
SAL-1760,1760 - Roble sabana,SAL,1760,SAL-2025-1760,23.3,5.9,103.1,Roble sabana,6,2025,0
SAL-1759,1759 - Yos,SAL,1759,SAL-2025-1759,12.7,5.4,29.4,Yos,315,2025,0
SAL-1758,1758 - Guayaba,SAL,1758,SAL-2025-1758,18.6,6.2,71.1,Guayaba,297,2025,0
SAL-1757,1757 - Guayaba,SAL,1757,SAL-2025-1757,19.8,6.2,80.9,Guayaba,297,2025,0
SAL-1756,1756 - Poro,SAL,1756,SAL-2025-1756,13.6,5.5,33.3,Poro,3,2025,0
SAL-1755,1755 - Zapote,SAL,1755,SAL-2025-1755,14.0,5.0,33.8,Zapote,291,2025,0
SAL-1754,1754 - Cas,SAL,1754,SAL-2025-1754,20.4,6.0,84.1,Cas,296,2025,0
SAL-1753,1753 - Poro cuchillo,SAL,1753,SAL-2025-1753,19.1,5.1,64.2,Poro cuchillo,151,2025,0
SAL-1751,1751 - guabillo,SAL,1751,SAL-2025-1751,22.4,10.1,152.5,guabillo,213,2025,0
SAL-1750,1750 - guaba mecate,SAL,1750,SAL-2025-1750,27.9,5.3,144.2,guaba mecate,211,2025,0
SAL-1749,1749 - Guayaba,SAL,1749,SAL-2025-1749,27.5,8.5,202.3,Guayaba,297,2025,0
SAL-1748,1748 - Yos,SAL,1748,SAL-2025-1748,16.6,7.2,63.0,Yos,315,2025,0
SAL-1747,1747 - Yos,SAL,1747,SAL-2025-1747,20.1,7.2,93.2,Yos,315,2025,0
SAL-1746,1746 - Yos,SAL,1746,SAL-2025-1746,71.9,19.8,2773.0,Yos,315,2025,0
SAL-1745,1745 - Guayaba,SAL,1745,SAL-2025-1745,20.3,6.0,82.9,Guayaba,297,2025,0
SAL-1744,1744 - Guayaba,SAL,1744,SAL-2025-1744,14.7,6.2,43.9,Guayaba,297,2025,0
SAL-1743,1743 - Guayaba,SAL,1743,SAL-2025-1743,15.3,6.2,47.8,Guayaba,297,2025,0
SAL-1742,1742 - Mango,SAL,1742,SAL-2025-1742,13.2,5.5,28.4,Mango,14,2025,0
SAL-1741,1741 - Mango,SAL,1741,SAL-2025-1741,25.8,5.0,104.0,Mango,14,2025,0
SAL-1740,1740 - Mango,SAL,1740,SAL-2025-1740,27.8,5.0,121.3,Mango,14,2025,0
SAL-1739,1739 - Níspero,SAL,1739,SAL-2025-1739,15.5,7.0,54.0,Níspero,150,2025,0
SAL-1738,1738 - Níspero,SAL,1738,SAL-2025-1738,29.7,7.0,203.5,Níspero,150,2025,0
SAL-1737,1737 - Mango,SAL,1737,SAL-2025-1737,15.8,4.0,32.4,Mango,14,2025,0
SAL-1736,1736 - Cedro amargo,SAL,1736,SAL-2025-1736,20.4,10.7,122.1,Cedro amargo,9,2025,0
SAL-1735,1735 - Níspero,SAL,1735,SAL-2025-1735,17.1,7.0,66.1,Níspero,150,2025,0
SAL-1734,1734 - Níspero,SAL,1734,SAL-2025-1734,19.5,5.8,74.6,Níspero,150,2025,0
SAL-1733,1733 - Níspero,SAL,1733,SAL-2025-1733,22.7,7.2,119.6,Níspero,150,2025,0
SAL-1732,1732 - Guayaba,SAL,1732,SAL-2025-1732,18.7,6.1,70.8,Guayaba,297,2025,0
SAL-1731,1731 - Mango,SAL,1731,SAL-2025-1731,15.1,3.7,27.8,Mango,14,2025,0
SAL-1730,1730 - Mango,SAL,1730,SAL-2025-1730,14.0,3.2,21.1,Mango,14,2025,0
SAL-1729,1729 - Roble sabana,SAL,1729,SAL-2025-1729,25.7,9.8,186.5,Roble sabana,6,2025,0
SAL-1728,1728 - Roble sabana,SAL,1728,SAL-2025-1728,30.0,10.9,277.5,Roble sabana,6,2025,0
SAL-1727,1727 - higuerón,SAL,1727,SAL-2025-1727,176.3,23.6,19805.1,higuerón,178,2025,0
SAL-1726,1726 - Caoba,SAL,1726,SAL-2025-1726,11.6,7.2,28.8,Caoba,10,2025,0
SAL-1725,1725 - Jocote,SAL,1725,SAL-2025-1725,72.7,10.3,1706.7,Jocote,333,2025,0
SAL-1724,1724 - Laurel negro,SAL,1724,SAL-2025-1724,29.3,14.3,323.3,Laurel negro,11,2025,0
SAL-1723,1723 - No registrado,SAL,1723,SAL-2025-1723,16.0,6.0,51.1,No registrado,330,2025,0
SAL-1722,1722 - Caoba,SAL,1722,SAL-2025-1722,15.7,6.0,45.9,Caoba,10,2025,0
SAL-1721,1721 - Caoba,SAL,1721,SAL-2025-1721,13.3,7.4,38.7,Caoba,10,2025,0
SAL-1720,1720 - Caoba,SAL,1720,SAL-2025-1720,17.5,8.0,72.2,Caoba,10,2025,0
SAL-1719,1719 - Caoba,SAL,1719,SAL-2025-1719,13.5,7.0,38.1,Caoba,10,2025,0
SAL-1718,1718 - Caoba,SAL,1718,SAL-2025-1718,15.2,7.4,50.5,Caoba,10,2025,0
SAL-1717,1717 - Caoba,SAL,1717,SAL-2025-1717,17.9,8.5,79.3,Caoba,10,2025,0
SAL-1716,1716 - Caoba,SAL,1716,SAL-2025-1716,17.3,8.5,73.9,Caoba,10,2025,0
SAL-1715,1715 - Caoba,SAL,1715,SAL-2025-1715,15.5,7.4,52.6,Caoba,10,2025,0
SAL-1714,1714 - Caoba,SAL,1714,SAL-2025-1714,14.9,7.1,47.2,Caoba,10,2025,0
SAL-1713,1713 - Caoba,SAL,1713,SAL-2025-1713,17.6,10.3,88.0,Caoba,10,2025,0
SAL-1712,1712 - Caoba,SAL,1712,SAL-2025-1712,17.6,8.0,72.3,Caoba,10,2025,0
SAL-1865,1865 - higuerón,SAL,1865,SAL-2025-1865,160.6,16.0,12103.8,higuerón,178,2025,0
SAL-1711,1711 - Caoba,SAL,1711,SAL-2025-1711,13.2,6.3,33.4,Caoba,10,2025,0
SAL-1710,1710 - Caoba,SAL,1710,SAL-2025-1710,13.9,6.3,37.3,Caoba,10,2025,0
SAL-1709,1709 - Cirri colorado,SAL,1709,SAL-2025-1709,15.6,6.3,50.2,Cirri colorado,244,2025,0
SAL-1707,1707 - Cirri colorado,SAL,1707,SAL-2025-1707,15.9,6.3,52.1,Cirri colorado,244,2025,0
SAL-1706,1706 - Cirri colorado,SAL,1706,SAL-2025-1706,18.1,6.3,68.1,Cirri colorado,244,2025,0
SAL-1705,1705 - candelillo,SAL,1705,SAL-2025-1705,26.5,8.6,189.5,candelillo,323,2025,0
SAL-1704,1704 - Guayaba,SAL,1704,SAL-2025-1704,22.5,11.1,164.4,Guayaba,297,2025,0
SAL-1703,1703 - Yos,SAL,1703,SAL-2025-1703,40.8,12.1,595.7,Yos,315,2025,0
SAL-1702,1702 - Cuajiniquil,SAL,1702,SAL-2025-1702,14.6,3.8,29.7,Cuajiniquil,214,2025,0
SAL-1701,1701 - Cuajiniquil,SAL,1701,SAL-2025-1701,26.9,8.7,196.5,Cuajiniquil,214,2025,0
SAL-1700,1700 - limón madarina,SAL,1700,SAL-2025-1700,12.9,4.0,24.1,limón madarina,105,2025,0
SAL-1699,1699 - Cas,SAL,1699,SAL-2025-1699,19.6,6.0,77.2,Cas,296,2025,0
SAL-1698,1698 - Cas,SAL,1698,SAL-2025-1698,17.2,6.2,60.5,Cas,296,2025,0
SAL-1697,1697 - Cas,SAL,1697,SAL-2025-1697,21.4,8.2,117.3,Cas,296,2025,0
SAL-1696,1696 - Cas,SAL,1696,SAL-2025-1696,17.5,5.8,59.6,Cas,296,2025,0
SAL-1695,1695 - Cas,SAL,1695,SAL-2025-1695,23.7,5.8,110.6,Cas,296,2025,0
SAL-1694,1694 - Cas,SAL,1694,SAL-2025-1694,21.2,8.5,118.7,Cas,296,2025,0
SAL-1693,1693 - Cas,SAL,1693,SAL-2025-1693,17.1,7.9,72.8,Cas,296,2025,0
SAL-1692,1692 - Cas,SAL,1692,SAL-2025-1692,22.8,7.9,130.3,Cas,296,2025,0
SAL-1691,1691 - Cas,SAL,1691,SAL-2025-1691,29.3,7.9,217.3,Cas,296,2025,0
SAL-1690,1690 - Cas,SAL,1690,SAL-2025-1690,28.1,9.0,221.2,Cas,296,2025,0
SAL-1689,1689 - Cas,SAL,1689,SAL-2025-1689,21.2,9.0,123.6,Cas,296,2025,0
SAL-1688,1688 - Cas,SAL,1688,SAL-2025-1688,15.3,7.4,54.7,Cas,296,2025,0
SAL-1686,1686 - Uruca,SAL,1686,SAL-2025-1686,14.0,8.0,48.8,Uruca,359,2025,0
SAL-1684,1684 - Uruca,SAL,1684,SAL-2025-1684,22.6,8.0,129.1,Uruca,359,2025,0
SAL-1683,1683 - Guayaba,SAL,1683,SAL-2025-1683,13.3,7.0,39.6,Guayaba,297,2025,0
SAL-1682,1682 - Guayaba,SAL,1682,SAL-2025-1682,16.7,7.0,63.1,Guayaba,297,2025,0
SAL-1681,1681 - Guachipelin,SAL,1681,SAL-2025-1681,15.9,8.5,65.8,Guachipelin,141,2025,0
SAL-1680,1680 - Guachipelin,SAL,1680,SAL-2025-1680,16.8,8.5,73.7,Guachipelin,141,2025,0
SAL-1679,1679 - Guachipelin,SAL,1679,SAL-2025-1679,18.9,8.5,94.0,Guachipelin,141,2025,0
SAL-1678,1678 - Guachipelin,SAL,1678,SAL-2025-1678,17.7,8.0,78.5,Guachipelin,141,2025,0
SAL-1677,1677 - Cedro amargo,SAL,1677,SAL-2025-1677,14.1,8.0,45.4,Cedro amargo,9,2025,0
SAL-1675,1675 - Guanabana,SAL,1675,SAL-2025-1675,20.7,7.1,98.8,Guanabana,47,2025,0
SAL-1674,1674 - Guanabana,SAL,1674,SAL-2025-1674,17.8,5.8,61.8,Guanabana,47,2025,0
SAL-1673,1673 - Guachipelin,SAL,1673,SAL-2025-1673,79.0,12.0,2276.7,Guachipelin,141,2025,0
SAL-1672,1672 - Guayaba,SAL,1672,SAL-2025-1672,17.3,7.7,73.0,Guayaba,297,2025,0
SAL-1671,1671 - Guayaba,SAL,1671,SAL-2025-1671,20.0,9.2,112.3,Guayaba,297,2025,0
SAL-1670,1670 - Guayaba,SAL,1670,SAL-2025-1670,18.7,8.0,87.9,Guayaba,297,2025,0
SAL-1669,1669 - Poro,SAL,1669,SAL-2025-1669,44.4,15.0,834.4,Poro,153,2025,0
SAL-1667,1667 - Poro,SAL,1667,SAL-2025-1667,29.9,3.5,120.1,Poro,153,2025,0
SAL-1666,1666 - Guayaba,SAL,1666,SAL-2025-1666,24.3,8.0,149.2,Guayaba,297,2025,0
SAL-1665,1665 - Guayaba,SAL,1665,SAL-2025-1665,24.0,8.0,145.4,Guayaba,297,2025,0
SAL-1664,1664 - Guachipelin,SAL,1664,SAL-2025-1664,66.1,9.7,1339.4,Guachipelin,141,2025,0
SAL-1663,1663 - Guachipelin,SAL,1663,SAL-2025-1663,68.2,12.3,1716.7,Guachipelin,141,2025,0
SAL-1662,1662 - Guayaba,SAL,1662,SAL-2025-1662,21.7,7.7,115.0,Guayaba,297,2025,0
SAL-1661,1661 - Aguacate,SAL,1661,SAL-2025-1661,32.7,10.7,345.0,Aguacate,279,2025,0
SAL-1660,1660 - Aguacate,SAL,1660,SAL-2025-1660,29.6,9.3,252.3,Aguacate,279,2025,0
SAL-1659,1659 - Aguacate,SAL,1659,SAL-2025-1659,32.1,10.7,330.3,Aguacate,279,2025,0
SAL-1658,1658 - quitirrí,SAL,1658,SAL-2025-1658,16.4,6.0,53.8,quitirrí,230,2025,0
SAL-1657,1657 - Colpachí,SAL,1657,SAL-2025-1657,20.7,8.0,107.5,Colpachí,130,2025,0
SAL-1656,1656 - Aguacate,SAL,1656,SAL-2025-1656,30.2,10.2,281.9,Aguacate,279,2025,0
SAL-1655,1655 - Poro,SAL,1655,SAL-2025-1655,42.4,7.3,433.8,Poro,153,2025,0
SAL-1654,1654 - Poro cuchillo,SAL,1654,SAL-2025-1654,29.9,12.0,312.4,Poro cuchillo,151,2025,0
SAL-1653,1653 - Poro,SAL,1653,SAL-2025-1653,16.3,9.0,70.5,Poro,3,2025,0
SAL-1652,1652 - Poro cuchillo,SAL,1652,SAL-2025-1652,37.9,10.0,440.7,Poro cuchillo,151,2025,0
SAL-1651,1651 - Aguacate,SAL,1651,SAL-2025-1651,24.2,9.0,162.6,Aguacate,279,2025,0
SAL-1650,1650 - Yos,SAL,1650,SAL-2025-1650,16.2,12.1,90.8,Yos,315,2025,0
SAL-1649,1649 - Yos,SAL,1649,SAL-2025-1649,12.8,12.1,55.8,Yos,315,2025,0
SAL-1648,1648 - Yos,SAL,1648,SAL-2025-1648,21.3,12.1,157.5,Yos,315,2025,0
SAL-1647,1647 - Yos,SAL,1647,SAL-2025-1647,26.6,12.1,248.6,Yos,315,2025,0
SAL-1646,1646 - Yos,SAL,1646,SAL-2025-1646,25.1,12.1,219.9,Yos,315,2025,0
SAL-1645,1645 - Yos,SAL,1645,SAL-2025-1645,25.5,12.1,228.8,Yos,315,2025,0
SAL-1644,1644 - Yos,SAL,1644,SAL-2025-1644,31.8,12.1,357.3,Yos,315,2025,0
SAL-1643,1643 - Mango,SAL,1643,SAL-2025-1643,41.5,8.0,396.7,Mango,14,2025,0
SAL-1642,1642 - Níspero,SAL,1642,SAL-2025-1642,19.4,6.4,79.1,Níspero,150,2025,0
SAL-1641,1641 - Níspero,SAL,1641,SAL-2025-1641,22.6,8.2,131.7,Níspero,150,2025,0
SAL-1640,1640 - ira café,SAL,1640,SAL-2025-1640,22.8,8.2,133.6,ira café,280,2025,0
SAL-1639,1639 - ira café,SAL,1639,SAL-2025-1639,22.8,7.0,118.1,ira café,280,2025,0
SAL-1638,1638 - Madero Negro,SAL,1638,SAL-2025-1638,28.6,10.2,252.3,Madero Negro,186,2025,0
SAL-1637,1637 - Madero Negro,SAL,1637,SAL-2025-1637,26.5,9.5,204.3,Madero Negro,186,2025,0
SAL-1636,1636 - quizarrá caca,SAL,1636,SAL-2025-1636,45.1,17.0,952.8,quizarrá caca,270,2025,0
SAL-1635,1635 - quizarrá caca,SAL,1635,SAL-2025-1635,62.4,22.2,2272.9,quizarrá caca,270,2025,0
SAL-1632,1632 - Yos,SAL,1632,SAL-2025-1632,18.8,10.6,109.9,Yos,315,2025,0
SAL-1631,1631 - Yos,SAL,1631,SAL-2025-1631,23.2,10.6,170.1,Yos,315,2025,0
SAL-1630,1630 - Yos,SAL,1630,SAL-2025-1630,24.3,10.6,186.0,Yos,315,2025,0
SAL-1628,1628 - ira café,SAL,1628,SAL-2025-1628,17.5,5.8,59.7,ira café,280,2025,0
SAL-1626,1626 - Moringa,SAL,1626,SAL-2025-1626,26.6,6.3,149.3,Moringa,255,2025,0
SAL-1625,1625 - Moringa,SAL,1625,SAL-2025-1625,22.8,5.2,94.3,Moringa,255,2025,0
SAL-1624,1624 - Moringa,SAL,1624,SAL-2025-1624,24.4,7.6,144.6,Moringa,255,2025,0
SAL-1623,1623 - Moringa,SAL,1623,SAL-2025-1623,22.7,5.3,94.8,Moringa,255,2025,0
SAL-1622,1622 - Moringa,SAL,1622,SAL-2025-1622,23.5,5.6,105.6,Moringa,255,2025,0
SAL-1621,1621 - Cas,SAL,1621,SAL-2025-1621,14.5,5.4,38.2,Cas,296,2025,0
SAL-1620,1620 - Moringa,SAL,1620,SAL-2025-1620,16.3,5.4,49.0,Moringa,255,2025,0
SAL-1619,1619 - Moringa,SAL,1619,SAL-2025-1619,13.8,4.7,31.4,Moringa,255,2025,0
SAL-1618,1618 - Moringa,SAL,1618,SAL-2025-1618,15.6,3.4,31.1,Moringa,255,2025,0
SAL-1617,1617 - Moringa,SAL,1617,SAL-2025-1617,14.6,3.2,26.1,Moringa,255,2025,0
SAL-1616,1616 - Moringa,SAL,1616,SAL-2025-1616,18.0,5.8,63.1,Moringa,255,2025,0
SAL-1615,1615 - Moringa,SAL,1615,SAL-2025-1615,13.5,3.6,24.4,Moringa,255,2025,0
SAL-1614,1614 - Moringa,SAL,1614,SAL-2025-1614,14.2,7.2,46.4,Moringa,255,2025,0
SAL-1613,1613 - Moringa,SAL,1613,SAL-2025-1613,18.3,7.2,77.4,Moringa,255,2025,0
SAL-1612,1612 - Guitite,SAL,1612,SAL-2025-1612,15.2,8.1,58.1,Guitite,35,2025,0
SAL-1611,1611 - Guitite,SAL,1611,SAL-2025-1611,13.6,8.1,46.3,Guitite,35,2025,0
SAL-1610,1610 - Guitite,SAL,1610,SAL-2025-1610,15.3,8.1,59.1,Guitite,35,2025,0
SAL-1609,1609 - Uruca,SAL,1609,SAL-2025-1609,21.4,6.4,96.9,Uruca,359,2025,0
SAL-1608,1608 - Uruca,SAL,1608,SAL-2025-1608,17.3,6.6,64.5,Uruca,359,2025,0
SAL-1607,1607 - Manazana rosa,SAL,1607,SAL-2025-1607,21.3,7.2,105.7,Manazana rosa,342,2025,0
SAL-1606,1606 - Níspero,SAL,1606,SAL-2025-1606,11.6,5.3,23.8,Níspero,150,2025,0
SAL-1605,1605 - Guayaba,SAL,1605,SAL-2025-1605,18.1,6.3,68.3,Guayaba,297,2025,0
SAL-1604,1604 - Guayaba,SAL,1604,SAL-2025-1604,12.4,6.0,30.4,Guayaba,297,2025,0
SAL-1603,1603 - Cuajiniquil,SAL,1603,SAL-2025-1603,19.0,6.4,75.9,Cuajiniquil,214,2025,0
SAL-1601,1601 - carboncillo blanco,SAL,1601,SAL-2025-1601,15.1,4.0,33.2,carboncillo blanco,384,2025,0
SAL-1600,1600 - mandarina,SAL,1600,SAL-2025-1600,16.0,4.0,37.2,mandarina,103,2025,0
SAL-1599,1599 - naranja,SAL,1599,SAL-2025-1599,13.3,5.0,30.2,naranja,106,2025,0
SAL-1598,1598 - Capulin,SAL,1598,SAL-2025-1598,30.7,14.5,382.9,Capulin,357,2025,0
SAL-1597,1597 - Capulin,SAL,1597,SAL-2025-1597,39.7,14.5,648.1,Capulin,357,2025,0
SAL-1596,1596 - Uruca,SAL,1596,SAL-2025-1596,12.7,9.0,43.9,Uruca,359,2025,0
SAL-1595,1595 - limón madarina,SAL,1595,SAL-2025-1595,13.6,5.0,31.6,limón madarina,105,2025,0
SAL-1594,1594 - candelillo,SAL,1594,SAL-2025-1594,20.9,11.2,142.8,candelillo,323,2025,0
SAL-1593,1593 - candelillo,SAL,1593,SAL-2025-1593,28.9,11.2,276.6,candelillo,323,2025,0
SAL-1592,1592 - No registrado,SAL,1592,SAL-2025-1592,20.3,5.0,71.7,No registrado,330,2025,0
SAL-1591,1591 - Manazana rosa,SAL,1591,SAL-2025-1591,17.6,6.3,64.5,Manazana rosa,342,2025,0
SAL-1590,1590 - Cuajiniquil,SAL,1590,SAL-2025-1590,17.7,7.0,70.5,Cuajiniquil,214,2025,0
SAL-1589,1589 - dama,SAL,1589,SAL-2025-1589,27.3,6.0,151.9,dama,101,2025,0
SAL-1588,1588 - chaperno,SAL,1588,SAL-2025-1588,19.6,10.0,114.9,chaperno,233,2025,0
SAL-1587,1587 - Cedro amargo,SAL,1587,SAL-2025-1587,153.4,31.0,17073.0,Cedro amargo,9,2025,0
SAL-1586,1586 - Cirri colorado,SAL,1586,SAL-2025-1586,19.1,7.3,85.6,Cirri colorado,244,2025,0
SAL-1585,1585 - Targua,SAL,1585,SAL-2025-1585,28.7,12.1,291.1,Targua,129,2025,0
SAL-1584,1584 - Capulin,SAL,1584,SAL-2025-1584,53.2,12.1,1020.5,Capulin,357,2025,0
SAL-1583,1583 - Mango,SAL,1583,SAL-2025-1583,13.8,4.4,26.3,Mango,14,2025,0
SAL-1581,"1581 - h. caballo, guijarro",SAL,1581,SAL-2025-1581,22.2,6.5,106.1,"h. caballo, guijarro",345,2025,0
SAL-1579,1579 - cerezo,SAL,1579,SAL-2025-1579,23.3,11.2,179.3,cerezo,61,2025,0
SAL-1578,1578 - quizarrá caca,SAL,1578,SAL-2025-1578,27.3,8.0,189.6,quizarrá caca,270,2025,0
SAL-1577,1577 - cerezo,SAL,1577,SAL-2025-1577,35.2,13.1,469.3,cerezo,61,2025,0
SAL-1576,1576 - cerezo,SAL,1576,SAL-2025-1576,19.3,9.2,104.3,cerezo,61,2025,0
SAL-1575,1575 - quizarrá caca,SAL,1575,SAL-2025-1575,12.6,8.7,41.8,quizarrá caca,270,2025,0
SAL-1574,1574 - quizarrá caca,SAL,1574,SAL-2025-1574,23.4,17.9,259.0,quizarrá caca,270,2025,0
SAL-1573,1573 - cerezo,SAL,1573,SAL-2025-1573,15.1,7.1,51.7,cerezo,61,2025,0
SAL-1572,1572 - Guacamayo,SAL,1572,SAL-2025-1572,13.8,5.2,33.6,Guacamayo,56,2025,0
SAL-1571,1571 - Guacamayo,SAL,1571,SAL-2025-1571,19.2,7.2,85.1,Guacamayo,56,2025,0
SAL-1570,1570 - Guacamayo,SAL,1570,SAL-2025-1570,33.5,6.4,242.4,Guacamayo,56,2025,0
SAL-1569,1569 - Guacamayo,SAL,1569,SAL-2025-1569,38.1,9.3,421.2,Guacamayo,56,2025,0
SAL-1568,1568 - Yos,SAL,1568,SAL-2025-1568,31.1,11.0,317.4,Yos,315,2025,0
SAL-1567,1567 - Cinamomun,SAL,1567,SAL-2025-1567,30.1,15.0,378.9,Cinamomun,99,2025,0
SAL-1566,1566 - Cinamomun,SAL,1566,SAL-2025-1566,33.2,15.0,461.3,Cinamomun,99,2025,0
SAL-1565,1565 - Yos,SAL,1565,SAL-2025-1565,30.6,11.2,310.8,Yos,315,2025,0
SAL-1564,1564 - Yos,SAL,1564,SAL-2025-1564,45.5,12.1,742.0,Yos,315,2025,0
SAL-1563,1563 - cerezo,SAL,1563,SAL-2025-1563,16.5,8.0,67.6,cerezo,61,2025,0
SAL-1562,1562 - cerezo,SAL,1562,SAL-2025-1562,19.7,8.0,97.9,cerezo,61,2025,0
SAL-1561,1561 - Laurel negro,SAL,1561,SAL-2025-1561,33.8,12.9,399.3,Laurel negro,11,2025,0
SAL-1560,1560 - Laurel negro,SAL,1560,SAL-2025-1560,34.7,14.9,471.6,Laurel negro,11,2025,0
SAL-1559,1559 - murta,SAL,1559,SAL-2025-1559,25.0,11.2,205.7,murta,257,2025,0
SAL-1558,1558 - murta,SAL,1558,SAL-2025-1558,26.0,11.2,223.6,murta,257,2025,0
SAL-1557,1557 - Madero Negro,SAL,1557,SAL-2025-1557,21.2,6.0,90.9,Madero Negro,186,2025,0
SAL-1556,1556 - Madero Negro,SAL,1556,SAL-2025-1556,24.5,11.0,195.0,Madero Negro,186,2025,0
SAL-1555,1555 - Madero Negro,SAL,1555,SAL-2025-1555,25.7,10.3,204.6,Madero Negro,186,2025,0
SAL-1554,1554 - ira café,SAL,1554,SAL-2025-1554,33.1,13.2,416.5,ira café,280,2025,0
SAL-1553,1553 - ira café,SAL,1553,SAL-2025-1553,27.3,9.9,223.7,ira café,280,2025,0
SAL-1552,1552 - Uruca,SAL,1552,SAL-2025-1552,25.9,9.0,187.5,Uruca,359,2025,0
SAL-1551,1551 - anona,SAL,1551,SAL-2025-1551,19.2,4.0,54.1,anona,45,2025,0
SAL-1550,1550 - anona,SAL,1550,SAL-2025-1550,13.9,3.4,24.7,anona,45,2025,0
SAL-1549,1549 - mandarina dulce-ácida,SAL,1549,SAL-2025-1549,11.8,3.6,18.3,mandarina dulce-ácida,104,2025,0
SAL-1548,1548 - mandarina dulce-ácida,SAL,1548,SAL-2025-1548,13.5,3.6,24.2,mandarina dulce-ácida,104,2025,0
SAL-1547,1547 - mandarina dulce-ácida,SAL,1547,SAL-2025-1547,13.1,1.5,11.5,mandarina dulce-ácida,104,2025,0
SAL-1546,1546 - mandarina dulce-ácida,SAL,1546,SAL-2025-1546,15.5,2.0,20.3,mandarina dulce-ácida,104,2025,0
SAL-1545,1545 - Níspero,SAL,1545,SAL-2025-1545,14.5,5.5,39.0,Níspero,150,2025,0
SAL-1544,1544 - Níspero,SAL,1544,SAL-2025-1544,17.6,5.5,58.2,Níspero,150,2025,0
SAL-1543,1543 - Guayaba,SAL,1543,SAL-2025-1543,24.0,7.3,135.8,Guayaba,297,2025,0
SAL-1542,1542 - Níspero,SAL,1542,SAL-2025-1542,15.2,5.8,44.8,Níspero,150,2025,0
SAL-1541,1541 - ira café,SAL,1541,SAL-2025-1541,28.0,9.6,229.8,ira café,280,2025,0
SAL-1540,1540 - Mango,SAL,1540,SAL-2025-1540,19.0,6.1,65.4,Mango,14,2025,0
SAL-1538,1538 - Mango,SAL,1538,SAL-2025-1538,14.9,5.0,33.8,Mango,14,2025,0
SAL-1537,1537 - Mango,SAL,1537,SAL-2025-1537,11.7,5.0,20.7,Mango,14,2025,0
SAL-1536,1536 - Mango,SAL,1536,SAL-2025-1536,13.4,5.0,27.4,Mango,14,2025,0
SAL-1535,1535 - Mango,SAL,1535,SAL-2025-1535,12.8,5.0,24.9,Mango,14,2025,0
SAL-1534,1534 - ira café,SAL,1534,SAL-2025-1534,25.7,8.1,168.1,ira café,280,2025,0
SAL-1533,1533 - murta,SAL,1533,SAL-2025-1533,27.3,9.1,210.5,murta,257,2025,0
SAL-1532,1532 - Poro cuchillo,SAL,1532,SAL-2025-1532,24.5,5.4,112.5,Poro cuchillo,151,2025,0
SAL-1531,1531 - Guayaba,SAL,1531,SAL-2025-1531,22.5,8.1,129.1,Guayaba,297,2025,0
SAL-1530,1530 - higuerón,SAL,1530,SAL-2025-1530,120.4,19.5,7838.2,higuerón,175,2025,0
SAL-1529,1529 - quizarrá caca,SAL,1529,SAL-2025-1529,36.7,14.3,544.7,quizarrá caca,270,2025,0
SAL-1528,1528 - Guitite,SAL,1528,SAL-2025-1528,20.8,10.0,130.1,Guitite,35,2025,0
SAL-1527,1527 - Guitite,SAL,1527,SAL-2025-1527,14.7,10.0,64.0,Guitite,35,2025,0
SAL-1526,1526 - Guitite,SAL,1526,SAL-2025-1526,24.6,10.0,182.4,Guitite,35,2025,0
SAL-1525,"1525 - h. caballo, guijarro",SAL,1525,SAL-2025-1525,21.6,8.0,118.0,"h. caballo, guijarro",345,2025,0
SAL-1524,1524 - Cinamomun,SAL,1524,SAL-2025-1524,19.0,15.5,151.1,Cinamomun,99,2025,0
SAL-1523,1523 - Cinamomun,SAL,1523,SAL-2025-1523,31.5,15.5,424.8,Cinamomun,99,2025,0
SAL-1522,1522 - Cinamomun,SAL,1522,SAL-2025-1522,33.2,15.5,473.8,Cinamomun,99,2025,0
SAL-1521,1521 - quizarrá caca,SAL,1521,SAL-2025-1521,29.0,11.0,274.9,quizarrá caca,270,2025,0
SAL-1944,1944 - Guitite,SAL,1944,SAL-2025-1944,11.7,7.0,30.2,Guitite,35,2025,0
SAL-1519,1519 - Mango,SAL,1519,SAL-2025-1519,20.7,10.6,119.4,Mango,14,2025,0
SAL-1518,1518 - Mango,SAL,1518,SAL-2025-1518,23.8,10.6,158.6,Mango,14,2025,0
SAL-1866,1866 - Sacagundí,SAL,1866,SAL-2025-1866,15.6,6.3,50.4,Sacagundí,324,2025,0
SAL-1517,1517 - Mango,SAL,1517,SAL-2025-1517,32.8,10.6,304.3,Mango,14,2025,0
SAL-1516,1516 - Mango,SAL,1516,SAL-2025-1516,21.9,10.6,134.0,Mango,14,2025,0
SAL-1515,1515 - Yos,SAL,1515,SAL-2025-1515,26.7,6.5,154.0,Yos,315,2025,0
SAL-1514,1514 - higuerón,SAL,1514,SAL-2025-1514,15.8,11.4,81.7,higuerón,178,2025,0
SAL-1513,1513 - higuerón,SAL,1513,SAL-2025-1513,18.2,11.4,109.8,higuerón,178,2025,0
SAL-1512,1512 - higuerón,SAL,1512,SAL-2025-1512,19.8,11.4,130.2,higuerón,178,2025,0
SAL-1511,1511 - higuerón,SAL,1511,SAL-2025-1511,23.6,11.4,185.7,higuerón,178,2025,0
SAL-1510,1510 - higuerón,SAL,1510,SAL-2025-1510,21.5,11.4,153.4,higuerón,178,2025,0
SAL-1509,1509 - higuerón,SAL,1509,SAL-2025-1509,29.3,11.4,288.6,higuerón,178,2025,0
SAL-1508,1508 - Poro,SAL,1508,SAL-2025-1508,20.5,5.0,73.2,Poro,153,2025,0
SAL-1507,1507 - Madero Negro,SAL,1507,SAL-2025-1507,30.4,9.5,270.5,Madero Negro,186,2025,0
SAL-1506,1506 - Madero Negro,SAL,1506,SAL-2025-1506,29.2,12.4,307.1,Madero Negro,186,2025,0
SAL-1505,1505 - Indio desnudo,SAL,1505,SAL-2025-1505,38.3,5.0,263.2,Indio desnudo,62,2025,0
SAL-1504,1504 - barrabas,SAL,1504,SAL-2025-1504,17.8,7.0,71.1,barrabas,168,2025,0
SAL-1503,1503 - barrabas,SAL,1503,SAL-2025-1503,16.2,7.0,59.0,barrabas,168,2025,0
SAL-1502,1502 - barrabas,SAL,1502,SAL-2025-1502,14.0,7.0,43.6,barrabas,168,2025,0
SAL-1501,1501 - barrabas,SAL,1501,SAL-2025-1501,15.9,7.4,59.2,barrabas,168,2025,0
SAL-1500,1500 - barrabas,SAL,1500,SAL-2025-1500,13.9,7.4,44.9,barrabas,168,2025,0
SAL-1498,1498 - Laurel negro,SAL,1498,SAL-2025-1498,20.8,10.2,124.0,Laurel negro,11,2025,0
SAL-1497,1497 - Uruca,SAL,1497,SAL-2025-1497,38.4,9.2,424.8,Uruca,359,2025,0
SAL-1496,1496 - Yos,SAL,1496,SAL-2025-1496,19.1,9.2,101.8,Yos,315,2025,0
SAL-1495,1495 - Guayaba,SAL,1495,SAL-2025-1495,12.2,1.8,11.6,Guayaba,297,2025,0
SAL-1494,1494 - Guayaba,SAL,1494,SAL-2025-1494,13.2,1.8,13.4,Guayaba,297,2025,0
SAL-1493,1493 - Guayaba,SAL,1493,SAL-2025-1493,14.3,5.0,35.4,Guayaba,297,2025,0
SAL-1492,1492 - Guayaba,SAL,1492,SAL-2025-1492,15.2,1.8,18.0,Guayaba,297,2025,0
SAL-1491,1491 - Macadamia,SAL,1491,SAL-2025-1491,13.5,7.5,43.1,Macadamia,239,2025,0
SAL-1490,1490 - Macadamia,SAL,1490,SAL-2025-1490,16.4,7.5,63.9,Macadamia,239,2025,0
SAL-1489,1489 - Macadamia,SAL,1489,SAL-2025-1489,15.9,7.5,60.3,Macadamia,239,2025,0
SAL-1488,1488 - Macadamia,SAL,1488,SAL-2025-1488,12.5,7.5,36.8,Macadamia,239,2025,0
SAL-1487,1487 - Macadamia,SAL,1487,SAL-2025-1487,14.6,7.5,50.0,Macadamia,239,2025,0
SAL-1486,1486 - Macadamia,SAL,1486,SAL-2025-1486,15.0,7.5,53.5,Macadamia,239,2025,0
SAL-1485,1485 - Macadamia,SAL,1485,SAL-2025-1485,14.1,7.5,46.8,Macadamia,239,2025,0
SAL-1484,1484 - Macadamia,SAL,1484,SAL-2025-1484,17.9,7.5,76.5,Macadamia,239,2025,0
SAL-1483,1483 - Macadamia,SAL,1483,SAL-2025-1483,12.1,7.2,33.3,Macadamia,239,2025,0
SAL-1482,1482 - Madero Negro,SAL,1482,SAL-2025-1482,25.6,12.3,232.3,Madero Negro,186,2025,0
SAL-1481,1481 - Madero Negro,SAL,1481,SAL-2025-1481,31.0,12.3,344.0,Madero Negro,186,2025,0
SAL-1480,1480 - Madero Negro,SAL,1480,SAL-2025-1480,32.3,12.3,374.6,Madero Negro,186,2025,0
SAL-1479,1479 - Moringa,SAL,1479,SAL-2025-1479,13.5,3.5,23.9,Moringa,255,2025,0
SAL-1478,1478 - chaperno,SAL,1478,SAL-2025-1478,35.1,17.8,589.4,chaperno,233,2025,0
SAL-1477,1477 - cerezo,SAL,1477,SAL-2025-1477,17.1,7.4,69.1,cerezo,61,2025,0
SAL-1476,1476 - ira café,SAL,1476,SAL-2025-1476,18.9,8.0,89.6,ira café,280,2025,0
SAL-1475,1475 - Moringa,SAL,1475,SAL-2025-1475,17.3,6.3,62.4,Moringa,255,2025,0
SAL-1474,1474 - Moringa,SAL,1474,SAL-2025-1474,12.6,3.6,20.9,Moringa,255,2025,0
SAL-1473,1473 - Moringa,SAL,1473,SAL-2025-1473,14.0,3.3,24.5,Moringa,255,2025,0
SAL-1472,1472 - Moringa,SAL,1472,SAL-2025-1472,17.8,3.4,40.9,Moringa,255,2025,0
SAL-1471,1471 - Yos,SAL,1471,SAL-2025-1471,47.8,11.2,774.3,Yos,315,2025,0
SAL-1470,1470 - Colpachí,SAL,1470,SAL-2025-1470,20.5,8.0,105.6,Colpachí,130,2025,0
SAL-1469,1469 - Colpachí,SAL,1469,SAL-2025-1469,21.0,8.0,111.1,Colpachí,130,2025,0
SAL-1468,1468 - Colpachí,SAL,1468,SAL-2025-1468,21.9,12.0,165.3,Colpachí,130,2025,0
SAL-1466,1466 - Moringa,SAL,1466,SAL-2025-1466,14.2,3.7,27.3,Moringa,255,2025,0
SAL-1465,1465 - Moringa,SAL,1465,SAL-2025-1465,16.6,3.7,37.6,Moringa,255,2025,0
SAL-1464,1464 - Moringa,SAL,1464,SAL-2025-1464,18.2,4.1,49.2,Moringa,255,2025,0
SAL-1463,1463 - Moringa,SAL,1463,SAL-2025-1463,17.2,4.1,44.1,Moringa,255,2025,0
SAL-1462,1462 - Roble sabana,SAL,1462,SAL-2025-1462,21.3,7.0,98.3,Roble sabana,6,2025,0
SAL-1460,1460 - higuerón,SAL,1460,SAL-2025-1460,175.5,15.5,14140.5,higuerón,178,2025,0
SAL-1459,1459 - higuerón,SAL,1459,SAL-2025-1459,132.1,12.9,6868.8,higuerón,175,2025,0
SAL-1458,1458 - Vainillo,SAL,1458,SAL-2025-1458,14.1,6.5,42.2,Vainillo,347,2025,0
SAL-1457,1457 - higuerón,SAL,1457,SAL-2025-1457,188.8,17.6,18130.7,higuerón,178,2025,0
SAL-1456,1456 - Madero Negro,SAL,1456,SAL-2025-1456,14.1,7.3,46.1,Madero Negro,186,2025,0
SAL-1455,1455 - Madero Negro,SAL,1455,SAL-2025-1455,16.1,6.3,53.8,Madero Negro,186,2025,0
SAL-1454,1454 - Madero Negro,SAL,1454,SAL-2025-1454,36.8,13.5,523.4,Madero Negro,186,2025,0
SAL-1453,1453 - Níspero,SAL,1453,SAL-2025-1453,22.5,3.5,67.5,Níspero,150,2025,0
SAL-1452,1452 - limón madarina,SAL,1452,SAL-2025-1452,15.3,3.5,30.6,limón madarina,105,2025,0
SAL-1451,1451 - ciprés,SAL,1451,SAL-2025-1451,110.0,13.1,4781.6,ciprés,135,2025,0
SAL-1450,1450 - ciprés,SAL,1450,SAL-2025-1450,56.0,14.0,1270.5,ciprés,135,2025,0
SAL-1449,1449 - Guayaba,SAL,1449,SAL-2025-1449,12.3,6.0,29.6,Guayaba,297,2025,0
SAL-1448,1448 - Guayaba,SAL,1448,SAL-2025-1448,15.1,6.0,45.2,Guayaba,297,2025,0
SAL-1447,1447 - ira café,SAL,1447,SAL-2025-1447,18.2,6.5,70.3,ira café,280,2025,0
SAL-1446,1446 - ira café,SAL,1446,SAL-2025-1446,18.5,8.0,86.1,ira café,280,2025,0
SAL-1445,1445 - chaperno,SAL,1445,SAL-2025-1445,16.8,7.2,64.8,chaperno,233,2025,0
SAL-1444,1444 - chaperno,SAL,1444,SAL-2025-1444,18.9,7.2,82.9,chaperno,233,2025,0
SAL-1439,1439 - higuerón,SAL,1439,SAL-2025-1439,305.5,20.0,53455.8,higuerón,178,2025,0
SAL-1438,1438 - higuerón,SAL,1438,SAL-2025-1438,310.7,22.4,60430.9,higuerón,178,2025,0
SAL-24,24 - Guachipelin,SAL,24,SAL-2023-0024,18.0,17.1,147.9,Guachipelin,141,2023,0
SAL-219,219 - anona,SAL,219,SAL-2023-0219,29.1,7.0,196.9,anona,49,2023,0
SAL-221,221 - Jacaranda,SAL,221,SAL-2023-0221,51.2,12.8,901.5,Jacaranda,8,2023,0
SAL-224,224 - Jacaranda,SAL,224,SAL-2023-0224,28.3,12.8,269.0,Jacaranda,8,2023,0
SAL-573,"573 - h. caballo, guijarro",SAL,573,SAL-2023-0573,25.2,7.0,146.8,"h. caballo, guijarro",345,2023,0
SAL-604,604 - Colpachí,SAL,604,SAL-2023-0604,14.0,4.1,29.2,Colpachí,130,2023,0
SAL-608,608 - Cinamomun,SAL,608,SAL-2023-0608,68.2,14.0,1920.1,Cinamomun,99,2023,0
SAL-613,613 - Jocote,SAL,613,SAL-2023-0613,27.5,7.4,183.2,Jocote,333,2023,0
SAL-614,614 - Jocote,SAL,614,SAL-2023-0614,24.3,7.4,142.4,Jocote,333,2023,0
SAL-722,722 - Colpachí,SAL,722,SAL-2023-0722,13.5,8.5,47.8,Colpachí,130,2023,0
SAL-723,723 - Colpachí,SAL,723,SAL-2023-0723,13.8,8.5,50.0,Colpachí,130,2023,0
SAL-734,734 - dama,SAL,734,SAL-2023-0734,24.5,6.5,130.9,dama,101,2023,0
SAL-796,796 - Moringa,SAL,796,SAL-2023-0796,17.9,3.7,44.5,Moringa,255,2023,0
SAL-799,799 - Moringa,SAL,799,SAL-2023-0799,18.6,3.8,49.1,Moringa,255,2023,0
SAL-930,930 - Guitite,SAL,930,SAL-2023-0930,17.1,3.9,41.8,Guitite,35,2023,0
SAL-1071,1071 - Targua,SAL,1071,SAL-2023-1071,21.5,10.0,140.2,Targua,129,2023,0
SAL-1091,1091 - ciprés,SAL,1091,SAL-2023-1091,84.5,24.7,4626.6,ciprés,135,2023,0
SAL-1104,1104 - higuerón,SAL,1104,SAL-2023-1104,16.3,5.9,52.5,higuerón,178,2023,0
SAL-1148,1148 - Cinamomun,SAL,1148,SAL-2023-1148,17.0,7.2,67.2,Cinamomun,99,2023,0
SAL-1177,1177 - ciprés,SAL,1177,SAL-2023-1177,50.2,6.5,565.3,ciprés,135,2023,0
SAL-1182,1182 - ciprés,SAL,1182,SAL-2023-1182,29.0,14.0,335.5,ciprés,135,2023,0
SAL-1328,"1328 - h. caballo, guijarro",SAL,1328,SAL-2023-1328,18.0,6.3,68.1,"h. caballo, guijarro",345,2023,0
SAL-1341,1341 - Jocote,SAL,1341,SAL-2023-1341,20.3,6.1,84.6,Jocote,333,2023,0
SAL-1345,1345 - Poro cuchillo,SAL,1345,SAL-2023-1345,33.8,8.5,310.9,Poro cuchillo,151,2023,0
SAL-1461,1461 - Moringa,SAL,1461,SAL-2023-1461,15.7,3.9,35.5,Moringa,255,2023,0
SAL-1668,1668 - Poro cuchillo,SAL,1668,SAL-2023-1668,68.2,18.8,2415.8,Poro cuchillo,151,2023,0
SAL-1685,1685 - Uruca,SAL,1685,SAL-2023-1685,11.7,8.0,34.1,Uruca,359,2023,0
SAL-1893,1893 - Guayaba,SAL,1893,SAL-2023-1893,19.8,10.0,118.5,Guayaba,297,2023,0
SAL-1895,1895 - Guayaba,SAL,1895,SAL-2023-1895,16.2,7.0,59.6,Guayaba,297,2023,0
SAL-1896,1896 - Guayaba,SAL,1896,SAL-2023-1896,10.9,7.0,26.6,Guayaba,297,2023,0
SAL-1928,1928 - Cas,SAL,1928,SAL-2023-1928,18.0,5.7,63.0,Cas,296,2023,0
SAL-1935,1935 - Cas,SAL,1935,SAL-2023-1935,14.0,5.0,34.1,Cas,296,2023,0
SAL-1936,1936 - Cas,SAL,1936,SAL-2023-1936,16.9,5.0,50.0,Cas,296,2023,0
SAL-137,137 - Candelillo,SAL,137,SAL-2022-0137,51.9,13.9,1091.4,Candelillo,325,2022,0
SAL-742,742 - dama,SAL,742,SAL-2022-0742,26.4,8.5,187.8,dama,101,2022,0
SAL-490,490 - Madero Negro,SAL,490,SAL-2022-0490,25.9,11.3,224.7,Madero Negro,186,2022,0
SAL-525,525 - Cirri colorado,SAL,525,SAL-2022-0525,21.2,8.3,117.3,Cirri colorado,244,2022,0
SAL-529,529 - Yema de huevo,SAL,529,SAL-2022-0529,14.4,6.3,43.2,Yema de huevo,385,2022,0
SAL-532,532 - Poro cuchillo,SAL,532,SAL-2022-0532,26.2,4.0,102.8,Poro cuchillo,151,2022,0
SAL-553,553 - Cirri colorado,SAL,553,SAL-2022-0553,37.7,12.8,532.8,Cirri colorado,244,2022,0
SAL-560,560 - Cirri colorado,SAL,560,SAL-2022-0560,29.9,11.3,301.2,Cirri colorado,244,2022,0
SAL-561,561 - Cirri colorado,SAL,561,SAL-2022-0561,36.5,14.3,543.9,Cirri colorado,244,2022,0
SAL-1305_A,1305_A - Colpachí,SAL,1305_A,SAL-2021-1305_A,13.8,11.8,64.6,Colpachí,130,2021,0
SAL-1305_B,1305_B - Guayaba,SAL,1305_B,SAL-2021-1305_B,11.1,5.0,21.0,Guayaba,297,2021,0
SAL-143,143 - Leucaena,SAL,143,SAL-2021-0143,21.2,10.5,141.5,Leucaena,231,2021,0
SAL-164,164 - Targua,SAL,164,SAL-2021-0164,41.7,8.0,455.2,Targua,129,2021,0
SAL-1944_B,1944_B - Guitite,SAL,1944_B,SAL-2021-1944_B,10.3,5.9,20.6,Guitite,35,2021,0
SAL-1944_A,1944_A - mandarina,SAL,1944_A,SAL-2021-1944_A,10.5,2.2,9.9,mandarina,103,2021,0
SAL-488,488 - Madero Negro,SAL,488,SAL-2021-0488,23.5,9.5,161.5,Madero Negro,186,2021,0
SAL-526,526 - Targua,SAL,526,SAL-2021-0526,41.3,6.8,391.0,Targua,129,2021,0
SAL-53,53 - Guayaba,SAL,53,SAL-2021-0053,19.0,5.0,63.5,Guayaba,297,2021,0
SAL-595,595 - Colpachí,SAL,595,SAL-2021-0595,21.1,8.5,118.9,Colpachí,130,2021,0
SAL-596,596 - Colpachí,SAL,596,SAL-2021-0596,15.4,7.4,56.1,Colpachí,130,2021,0
SAL-597,597 - Colpachí,SAL,597,SAL-2021-0597,21.3,7.4,108.8,Colpachí,130,2021,0
SAL-607,607 - Colpachí,SAL,607,SAL-2021-0607,12.4,7.7,37.2,Colpachí,130,2021,0
SAL-630,630 - Cinamomun,SAL,630,SAL-2021-0630,44.1,9.5,583.3,Cinamomun,99,2021,0
SAL-642,642 - Jocote,SAL,642,SAL-2021-0642,47.7,7.5,569.4,Jocote,333,2021,0
SAL-648,"648 - h. caballo, guijarro",SAL,648,SAL-2021-0648,15.6,4.6,39.8,"h. caballo, guijarro",345,2021,0
SAL-705,705 - dama,SAL,705,SAL-2021-0705,24.3,6.5,128.7,dama,101,2021,0
SAL-706,"706 - h. caballo, guijarro",SAL,706,SAL-2021-0706,15.2,4.0,33.9,"h. caballo, guijarro",345,2021,0
SAL-708,708 - Candelillo,SAL,708,SAL-2021-0708,19.3,4.0,55.1,Candelillo,325,2021,0
SAL-709,709 - quizarrá caca,SAL,709,SAL-2021-0709,28.3,7.0,186.0,quizarrá caca,270,2021,0
SAL-771,771 - Laurel negro,SAL,771,SAL-2021-0771,15.6,5.0,39.8,Laurel negro,11,2021,0
SAL-78,78 - Poro,SAL,78,SAL-2021-0078,30.2,7.0,212.4,Poro,153,2021,0
SAL-832,832 - quizarrá caca,SAL,832,SAL-2021-0832,35.3,8.0,324.0,quizarrá caca,270,2021,0
SAL-664,664 - Chicasquil,SAL,664,SAL-2019-0664,32.0,7.0,104.1,Chicasquil,112,2019,0
SAL-329,329 - Madero Negro,SAL,329,SAL-2019-0329,19.4,7.5,87.3,Madero Negro,186,2019,0
SAL-447,447 - Higuerón,SAL,447,SAL-2019-0447,79.0,9.5,1179.2,Higuerón,182,2019,0
SAL-377,377 - Cirri colorado,SAL,377,SAL-2019-0377,25.2,8.5,125.6,Cirri colorado,244,2019,0
SAL-204,204 - Madero Negro,SAL,204,SAL-2019-0204,26.4,6.5,146.4,Madero Negro,186,2019,0
SAL-669,669 - Lagarto,SAL,669,SAL-2019-0669,53.8,8.0,700.9,Lagarto,381,2019,0
SAL-194,194 - Lagarto,SAL,194,SAL-2019-0194,24.3,5.0,96.1,Lagarto,381,2019,0
SAL-193,193 - Chaperno,SAL,193,SAL-2019-0193,60.5,12.0,1281.3,Chaperno,234,2019,0
SAL-680,680 - Leucaena,SAL,680,SAL-2019-0680,12.3,4.0,25.1,Leucaena,231,2019,0
SAL-412,412 - Uruca,SAL,412,SAL-2019-0412,18.4,4.5,46.9,Uruca,359,2019,0
SAL-446,446 - Higuerón,SAL,446,SAL-2019-0446,98.3,11.5,2137.3,Higuerón,182,2019,0
SAL-318,318 - Guarumo,SAL,318,SAL-2019-0318,20.8,7.0,43.2,Guarumo,88,2019,0
SAL-695,695 - Targua,SAL,695,SAL-2019-0695,22.7,7.0,71.2,Targua,129,2019,0
SAL-317,317 - Guarumo,SAL,317,SAL-2019-0317,20.3,7.5,43.4,Guarumo,88,2019,0
SAL-699,699 - Yos,SAL,699,SAL-2019-0699,27.1,8.5,133.8,Yos,315,2019,0
SAL-445,445 - Madero Negro,SAL,445,SAL-2019-0445,14.0,6.0,37.7,Madero Negro,186,2019,0
SAL-541,541 - Velo de novia,SAL,541,SAL-2019-0541,49.2,11.5,635.2,Velo de novia,306,2019,0
SAL-148,148 - Aguacate,SAL,148,SAL-2019-0148,22.2,,3.6,Aguacate,389,2019,0
SAL-121,121 - dama,SAL,121,SAL-2019-0121,20.2,,2.8,dama,101,2019,0
SAL-120,120 - dama,SAL,120,SAL-2019-0120,17.2,,2.0,dama,101,2019,0
SAL-119,119 - Huevo caballo,SAL,119,SAL-2019-0119,25.2,,4.8,Huevo caballo,412,2019,0
SAL-118,118 - Huevo caballo,SAL,118,SAL-2019-0118,11.1,,0.9,Huevo caballo,412,2019,0
SAL-115,115 - Aguacate,SAL,115,SAL-2019-0115,17.0,,2.1,Aguacate,389,2019,0
SAL-113,113 - Huevo caballo,SAL,113,SAL-2019-0113,25.6,,5.0,Huevo caballo,412,2019,0
SAL-112,112 - Aguacate,SAL,112,SAL-2019-0112,14.6,,1.5,Aguacate,389,2019,0
SAL-110,110 - Huevo caballo,SAL,110,SAL-2019-0110,20.1,,3.0,Huevo caballo,412,2019,0
SAL-107,107 - Huevo caballo,SAL,107,SAL-2019-0107,22.7,,3.9,Huevo caballo,412,2019,0
SAL-104,104 - Cas,SAL,104,SAL-2019-0104,15.6,,1.9,Cas,296,2019,0
SAL-82,82 - Aguacate,SAL,82,SAL-2019-0082,18.9,,2.6,Aguacate,389,2019,0
SAL-161,161 - Uruca,SAL,161,SAL-2019-0161,21.5,4.5,64.4,Uruca,359,2019,0
SAL-6,6 - dama,SAL,6,SAL-2019-0006,15.2,,1.6,dama,101,2019,0
SAL-444,444 - Madero Negro,SAL,444,SAL-2019-0444,14.2,6.0,38.8,Madero Negro,186,2019,0
SAL-160,160 - Uruca,SAL,160,SAL-2019-0160,18.5,4.5,47.4,Uruca,359,2019,0
SAL-159,159 - Madero Negro,SAL,159,SAL-2019-0159,29.2,6.0,169.0,Madero Negro,186,2019,0
SAL-307,307 - Guarumo,SAL,307,SAL-2019-0307,39.3,8.0,175.6,Guarumo,88,2019,0
SAL-820,820 - Guayaba,SAL,820,SAL-2019-0820,19.4,7.0,80.2,Guayaba,297,2019,0
SAL-420,420 - Aguacate,SAL,420,SAL-2019-0420,13.2,,1.3,Aguacate,389,2019,0
SAL-155,155 - Leucaena,SAL,155,SAL-2019-0155,13.9,6.5,47.0,Leucaena,231,2019,0
SAL-154,154 - Leucaena,SAL,154,SAL-2019-0154,34.7,9.5,408.1,Leucaena,231,2019,0
SAL-153,153 - Calliandra,SAL,153,SAL-2019-0153,11.9,4.0,24.1,Calliandra,68,2019,0
SAL-821,821 - Guayaba,SAL,821,SAL-2019-0821,20.4,7.0,88.8,Guayaba,297,2019,0
SAL-402,402 - Aguacate,SAL,402,SAL-2019-0402,49.2,,18.3,Aguacate,389,2019,0
SAL-152,152 - Leucaena,SAL,152,SAL-2019-0152,24.3,7.5,164.1,Leucaena,231,2019,0
SAL-718,718 - Capulin,SAL,718,SAL-2019-0718,21.5,7.5,67.3,Capulin,357,2019,0
SAL-151,151 - Leucaena,SAL,151,SAL-2019-0151,30.2,9.5,307.4,Leucaena,231,2019,0
SAL-443,443 - Madero Negro,SAL,443,SAL-2019-0443,21.2,8.5,115.3,Madero Negro,186,2019,0
SAL-719,719 - Capulin,SAL,719,SAL-2019-0719,29.4,7.5,127.4,Capulin,357,2019,0
SAL-149,149 - Vainillo,SAL,149,SAL-2019-0149,15.9,3.5,22.6,Vainillo,347,2019,0
SAL-302,302 - Vainillo,SAL,302,SAL-2019-0302,13.3,4.0,17.4,Vainillo,347,2019,0
SAL-147,147 - Guayaba,SAL,147,SAL-2019-0147,15.7,6.0,46.2,Guayaba,297,2019,0
SAL-401,401 - Cirri colorado,SAL,401,SAL-2019-0401,23.2,10.5,125.1,Cirri colorado,244,2019,0
SAL-146,146 - Leucaena,SAL,146,SAL-2019-0146,23.4,9.5,182.7,Leucaena,231,2019,0
SAL-301,301 - Lagarto,SAL,301,SAL-2019-0301,35.0,10.0,347.0,Lagarto,381,2019,0
SAL-145,145 - Leucaena,SAL,145,SAL-2019-0145,28.2,11.5,310.2,Leucaena,231,2019,0
SAL-396,396 - Aguacate,SAL,396,SAL-2019-0396,44.5,,14.9,Aguacate,389,2019,0
SAL-400,400 - Cirri colorado,SAL,400,SAL-2019-0400,23.2,6.5,86.1,Cirri colorado,244,2019,0
SAL-142,142 - Leucaena,SAL,142,SAL-2019-0142,29.8,11.0,335.4,Leucaena,231,2019,0
SAL-299,299 - Guayaba,SAL,299,SAL-2019-0299,20.5,4.5,63.6,Guayaba,297,2019,0
SAL-141,141 - Yos,SAL,141,SAL-2019-0141,21.2,10.5,95.6,Yos,315,2019,0
SAL-298,298 - Guayaba,SAL,298,SAL-2019-0298,22.0,4.5,73.4,Guayaba,297,2019,0
SAL-140,140 - Yos,SAL,140,SAL-2019-0140,24.5,10.5,128.4,Yos,315,2019,0
SAL-399,399 - Cirri colorado,SAL,399,SAL-2019-0399,24.4,6.5,95.5,Cirri colorado,244,2019,0
SAL-139,139 - Poro,SAL,139,SAL-2019-0139,12.7,4.0,10.6,Poro,153,2019,0
SAL-442,442 - Cedro amargo,SAL,442,SAL-2019-0442,44.2,14.5,486.4,Cedro amargo,9,2019,0
SAL-297,297 - Guayaba,SAL,297,SAL-2019-0297,16.0,4.5,38.3,Guayaba,297,2019,0
SAL-544,544 - Guabillo,SAL,544,SAL-2019-0544,20.3,9.0,98.3,Guabillo,215,2019,0
SAL-825,825 - Aguacate,SAL,825,SAL-2019-0825,36.2,8.0,307.2,Aguacate,279,2019,0
SAL-296,296 - Laurel negro,SAL,296,SAL-2019-0296,25.9,9.3,130.3,Laurel negro,11,2019,0
SAL-136,136 - Candelillo,SAL,136,SAL-2019-0136,41.2,8.5,419.4,Candelillo,325,2019,0
SAL-295,295 - Guachipelin,SAL,295,SAL-2019-0295,22.8,6.5,166.2,Guachipelin,141,2019,0
SAL-135,135 - Guayaba,SAL,135,SAL-2019-0135,15.8,6.5,49.8,Guayaba,297,2019,0
SAL-134,134 - Targua,SAL,134,SAL-2019-0134,33.2,8.5,180.0,Targua,129,2019,0
SAL-294,294 - Guayaba,SAL,294,SAL-2019-0294,21.2,6.0,85.2,Guayaba,297,2019,0
SAL-133,133 - Leucaena,SAL,133,SAL-2019-0133,28.6,9.0,263.8,Leucaena,231,2019,0
SAL-293,293 - Guayaba,SAL,293,SAL-2019-0293,17.8,6.0,59.6,Guayaba,297,2019,0
SAL-132,132 - Leucaena,SAL,132,SAL-2019-0132,24.2,10.0,203.6,Leucaena,231,2019,0
SAL-585,585 - Madero Negro,SAL,585,SAL-2019-0585,11.0,5.5,21.6,Madero Negro,186,2019,0
SAL-131,131 - Leucaena,SAL,131,SAL-2019-0131,28.2,10.0,278.2,Leucaena,231,2019,0
SAL-292,292 - Guayaba,SAL,292,SAL-2019-0292,26.5,6.0,134.3,Guayaba,297,2019,0
SAL-130,130 - Leucaena,SAL,130,SAL-2019-0130,22.9,9.0,167.6,Leucaena,231,2019,0
SAL-129,129 - Leucaena,SAL,129,SAL-2019-0129,26.9,9.0,232.8,Leucaena,231,2019,0
SAL-128,128 - Leucaena,SAL,128,SAL-2019-0128,21.2,9.0,143.2,Leucaena,231,2019,0
SAL-127,127 - Madero Negro,SAL,127,SAL-2019-0127,22.8,9.0,139.9,Madero Negro,186,2019,0
SAL-386,386 - Lagarto,SAL,386,SAL-2019-0386,20.5,6.5,83.3,Lagarto,381,2019,0
SAL-126,126 - Leucaena,SAL,126,SAL-2019-0126,27.2,9.0,238.1,Leucaena,231,2019,0
SAL-289,289 - Guayaba,SAL,289,SAL-2019-0289,16.8,4.5,42.4,Guayaba,297,2019,0
SAL-125,125 - Leucaena,SAL,125,SAL-2019-0125,21.3,9.0,144.6,Leucaena,231,2019,0
SAL-288,288 - Guayaba,SAL,288,SAL-2019-0288,29.3,4.5,131.7,Guayaba,297,2019,0
SAL-124,124 - Leucaena,SAL,124,SAL-2019-0124,21.7,9.0,150.2,Leucaena,231,2019,0
SAL-123,123 - Poro,SAL,123,SAL-2019-0123,23.7,7.0,58.3,Poro,153,2019,0
SAL-122,122 - Poro,SAL,122,SAL-2019-0122,11.5,5.0,10.3,Poro,153,2019,0
SAL-590,590 - Madero Negro,SAL,590,SAL-2019-0590,20.7,7.5,99.7,Madero Negro,186,2019,0
SAL-117,117 - Eucalipto,SAL,117,SAL-2019-0117,63.7,30.0,1998.0,Eucalipto,160,2019,0
SAL-286,286 - Guayaba,SAL,286,SAL-2019-0286,21.4,4.5,69.4,Guayaba,297,2019,0
SAL-116,116 - Eucalipto,SAL,116,SAL-2019-0116,67.2,25.0,1933.3,Eucalipto,160,2019,0
SAL-114,114 - Yos,SAL,114,SAL-2019-0114,35.2,11.5,288.7,Yos,315,2019,0
SAL-111,111 - Eucalipto,SAL,111,SAL-2019-0111,93.7,18.0,2948.8,Eucalipto,160,2019,0
SAL-593,593 - Targua,SAL,593,SAL-2019-0593,28.2,9.5,140.7,Targua,129,2019,0
SAL-109,109 - Vainillo,SAL,109,SAL-2019-0109,32.1,7.5,171.5,Vainillo,347,2019,0
SAL-379,379 - Cirri colorado,SAL,379,SAL-2019-0379,28.0,10.5,183.6,Cirri colorado,244,2019,0
SAL-108,108 - Vainillo,SAL,108,SAL-2019-0108,40.0,7.5,268.6,Vainillo,347,2019,0
SAL-106,106 - Leucaena,SAL,106,SAL-2019-0106,28.2,10.0,278.2,Leucaena,231,2019,0
SAL-384,384 - Nogal,SAL,384,SAL-2019-0384,28.5,,5.2,Nogal,226,2019,0
SAL-378,378 - Cirri colorado,SAL,378,SAL-2019-0378,53.3,14.0,854.2,Cirri colorado,244,2019,0
SAL-105,105 - Leucaena,SAL,105,SAL-2019-0105,25.2,10.0,221.2,Leucaena,231,2019,0
SAL-103,103 - Uruca,SAL,103,SAL-2019-0103,18.5,4.5,47.4,Uruca,359,2019,0
SAL-279,279 - Madero Negro,SAL,279,SAL-2019-0279,14.0,7.5,44.9,Madero Negro,186,2019,0
SAL-102,102 - Uruca,SAL,102,SAL-2019-0102,12.5,4.5,21.3,Uruca,359,2019,0
SAL-376,376 - Cirri colorado,SAL,376,SAL-2019-0376,53.0,14.0,844.5,Cirri colorado,244,2019,0
SAL-101,101 - Uruca,SAL,101,SAL-2019-0101,11.4,4.5,17.7,Uruca,359,2019,0
SAL-380,380 - Aguacate,SAL,380,SAL-2019-0380,59.6,,27.1,Aguacate,389,2019,0
SAL-97,97 - Guitite,SAL,97,SAL-2019-0097,12.3,7.0,25.5,Guitite,35,2019,0
SAL-96,96 - Zorrillo,SAL,96,SAL-2019-0096,15.9,5.5,35.7,Zorrillo,95,2019,0
SAL-275,275 - Madero Negro,SAL,275,SAL-2019-0275,17.6,7.0,67.8,Madero Negro,186,2019,0
SAL-375,375 - Nogal,SAL,375,SAL-2019-0375,49.6,,16.0,Nogal,226,2019,0
SAL-274,274 - Madero Negro,SAL,274,SAL-2019-0274,18.2,8.0,80.6,Madero Negro,186,2019,0
SAL-92,92 - Leucaena,SAL,92,SAL-2019-0092,23.9,8.5,174.9,Leucaena,231,2019,0
SAL-272,272 - Vainillo,SAL,272,SAL-2019-0272,37.8,9.0,275.9,Vainillo,347,2019,0
SAL-270,270 - Cedro amargo,SAL,270,SAL-2019-0270,79.0,15.5,1675.1,Cedro amargo,9,2019,0
SAL-268,268 - Madero Negro,SAL,268,SAL-2019-0268,22.7,6.5,107.6,Madero Negro,186,2019,0
SAL-755,755 - Colpachí,SAL,755,SAL-2019-0755,23.4,8.0,105.1,Colpachí,130,2019,0
SAL-609,609 - Jocote,SAL,609,SAL-2019-0609,40.0,7.0,198.0,Jocote,333,2019,0
SAL-434,434 - Madero Negro,SAL,434,SAL-2019-0434,12.0,5.3,24.8,Madero Negro,186,2019,0
SAL-610,610 - Jocote,SAL,610,SAL-2019-0610,35.0,7.0,150.8,Jocote,333,2019,0
SAL-756,756 - Colpachí,SAL,756,SAL-2019-0756,14.4,6.0,31.2,Colpachí,130,2019,0
SAL-76,76 - Poro,SAL,76,SAL-2019-0076,20.2,4.5,29.9,Poro,153,2019,0
SAL-75,75 - Poro,SAL,75,SAL-2019-0075,23.7,6.0,51.7,Poro,153,2019,0
SAL-74,74 - Poro,SAL,74,SAL-2019-0074,40.2,7.0,171.4,Poro,153,2019,0
SAL-433,433 - Lagarto,SAL,433,SAL-2019-0433,25.0,7.5,139.6,Lagarto,381,2019,0
SAL-72,72 - Poro,SAL,72,SAL-2019-0072,17.2,5.0,23.3,Poro,153,2019,0
SAL-767,767 - dama,SAL,767,SAL-2019-0767,18.5,,2.3,dama,101,2019,0
SAL-622,622 - Citrico,SAL,622,SAL-2019-0622,18.9,3.0,49.4,Citrico,102,2019,0
SAL-623,623 - Citrico,SAL,623,SAL-2019-0623,22.7,3.0,71.8,Citrico,102,2019,0
SAL-624,624 - Citrico,SAL,624,SAL-2019-0624,22.8,7.0,140.2,Citrico,102,2019,0
SAL-248,248 - Madero Negro,SAL,248,SAL-2019-0248,11.7,2.5,13.2,Madero Negro,186,2019,0
SAL-625,625 - Quizarrá,SAL,625,SAL-2019-0625,26.0,8.0,130.3,Quizarrá,262,2019,0
SAL-554,554 - Cirri colorado,SAL,554,SAL-2019-0554,46.4,9.5,476.0,Cirri colorado,244,2019,0
SAL-431,431 - Uruca,SAL,431,SAL-2019-0431,20.2,6.9,79.1,Uruca,359,2019,0
SAL-779,779 - Nance,SAL,779,SAL-2019-0779,17.9,7.0,64.7,Nance,63,2019,0
SAL-271,271 - Aguacate,SAL,271,SAL-2019-0271,51.8,,20.4,Aguacate,389,2019,0
SAL-45,45 - Guanabana,SAL,45,SAL-2019-0045,14.4,4.0,18.2,Guanabana,47,2019,0
SAL-780,780 - Yos,SAL,780,SAL-2019-0780,36.1,8.0,229.1,Yos,315,2019,0
SAL-631,631 - Jocote,SAL,631,SAL-2019-0631,45.2,7.0,254.1,Jocote,333,2019,0
SAL-44,44 - Leucaena,SAL,44,SAL-2019-0044,28.9,9.0,269.4,Leucaena,231,2019,0
SAL-239,239 - Madero Negro,SAL,239,SAL-2019-0239,14.2,6.5,41.3,Madero Negro,186,2019,0
SAL-555,555 - Cirri colorado,SAL,555,SAL-2019-0555,24.0,15.5,181.6,Cirri colorado,244,2019,0
SAL-637,637 - Colpachí,SAL,637,SAL-2019-0637,23.3,6.0,83.3,Colpachí,130,2019,0
SAL-638,638 - Colpachí,SAL,638,SAL-2019-0638,20.0,6.0,61.0,Colpachí,130,2019,0
SAL-639,639 - Colpachí,SAL,639,SAL-2019-0639,11.4,10.5,30.0,Colpachí,130,2019,0
SAL-805,805 - Aguacate,SAL,805,SAL-2019-0805,30.8,,7.0,Aguacate,389,2019,0
SAL-456,456 - Nogal,SAL,456,SAL-2019-0456,37.2,,8.9,Nogal,226,2019,0
SAL-556,556 - Cirri colorado,SAL,556,SAL-2019-0556,30.2,8.5,181.8,Cirri colorado,244,2019,0
SAL-641,641 - Jocote,SAL,641,SAL-2019-0641,22.4,7.5,64.0,Jocote,333,2019,0
SAL-788,788 - Moringa,SAL,788,SAL-2019-0788,14.3,3.0,9.3,Moringa,255,2019,0
SAL-645,645 - Yos,SAL,645,SAL-2019-0645,53.2,9.5,577.8,Yos,315,2019,0
SAL-792,792 - Moringa,SAL,792,SAL-2019-0792,15.0,3.0,10.3,Moringa,255,2019,0
SAL-557,557 - Cirri colorado,SAL,557,SAL-2019-0557,24.2,7.0,99.4,Cirri colorado,244,2019,0
SAL-793,793 - Moringa,SAL,793,SAL-2019-0793,17.7,3.0,14.4,Moringa,255,2019,0
SAL-794,794 - Moringa,SAL,794,SAL-2019-0794,20.7,3.0,19.8,Moringa,255,2019,0
SAL-795,795 - Moringa,SAL,795,SAL-2019-0795,16.5,3.0,12.5,Moringa,255,2019,0
SAL-797,797 - Moringa,SAL,797,SAL-2019-0797,16.5,3.0,12.5,Moringa,255,2019,0
SAL-8,8 - Laurel negro,SAL,8,SAL-2019-0008,18.9,5.0,42.4,Laurel negro,11,2019,0
SAL-218,218 - Yos,SAL,218,SAL-2019-0218,74.0,7.0,892.9,Yos,315,2019,0
SAL-558,558 - Cirri colorado,SAL,558,SAL-2019-0558,37.2,11.5,351.9,Cirri colorado,244,2019,0
SAL-7,7 - Laurel negro,SAL,7,SAL-2019-0007,12.5,4.1,15.6,Laurel negro,11,2019,0
SAL-803,803 - Nance,SAL,803,SAL-2019-0803,19.3,8.0,83.8,Nance,63,2019,0
SAL-5,5 - Vainillo,SAL,5,SAL-2019-0005,20.2,4.0,40.9,Vainillo,347,2019,0
SAL-337,337 - No registrado,SAL,337,SAL-2019-0337,32.0,8.5,208.7,No registrado,165,2019,0
SAL-4,4 - Vainillo,SAL,4,SAL-2019-0004,19.3,4.0,37.2,Vainillo,347,2019,0
SAL-144,144 - Leucaena,SAL,144,SAL-2019-0144,32.8,12.0,436.5,Leucaena,231,2019,0
SAL-633,633 - Aguacate,SAL,633,SAL-2019-0633,42.4,,13.5,Aguacate,389,2019,0
SAL-336,336 - Cirri colorado,SAL,336,SAL-2019-0336,29.0,12.5,226.0,Cirri colorado,244,2019,0
SAL-418,418 - Cirri colorado,SAL,418,SAL-2019-0418,19.7,7.0,65.4,Cirri colorado,244,2019,0
SAL-559,559 - Cirri colorado,SAL,559,SAL-2019-0559,28.4,9.5,174.9,Cirri colorado,244,2019,0
SAL-522,522 - Guabillo,SAL,522,SAL-2019-0522,29.2,8.5,197.4,Guabillo,215,2019,0
SAL-804,804 - Nance,SAL,804,SAL-2019-0804,19.7,8.0,87.3,Nance,63,2019,0
SAL-498,498 - Higuerón,SAL,498,SAL-2019-0498,61.0,13.5,915.0,Higuerón,182,2019,0
SAL-331,331 - Guayaquil,SAL,331,SAL-2019-0331,31.5,7.0,191.1,Guayaquil,295,2019,0
SAL-497,497 - Clethra,SAL,497,SAL-2019-0497,26.2,10.5,180.0,Clethra,108,2019,0
SAL-515,515 - Aguacate,SAL,515,SAL-2019-0515,34.7,,9.0,Aguacate,389,2019,0
SAL-417,417 - Clethra,SAL,417,SAL-2019-0417,62.0,16.5,1483.5,Clethra,108,2019,0
SAL-524,524 - Aguacate,SAL,524,SAL-2018-0524,62.0,,29.4,Aguacate,389,2018,0
SAL-523,523 - Aguacate,SAL,523,SAL-2018-0523,25.2,,4.7,Aguacate,389,2018,0
SAL-22,22 - Cirri colorado,SAL,22,SAL-2018-0022,10.6,4.0,11.9,Cirri colorado,244,2018,0
SAL-21,21 - Cirri colorado,SAL,21,SAL-2018-0021,12.0,4.0,15.4,Cirri colorado,244,2018,0
SAR-677,677 - Sota caballo,SAR,677,SAR-2025-0677,52.7,4.9,495.8,Sota caballo,386,2025,0
SAR-678,678 - Sota caballo,SAR,678,SAR-2025-0678,65.9,26.5,2913.2,Sota caballo,386,2025,0
SAR-680,680 - No registrado,SAR,680,SAR-2025-0680,12.8,5.1,28.5,No registrado,187,2025,0
SAR-681,681 - Sota caballo,SAR,681,SAR-2025-0681,22.5,17.4,234.4,Sota caballo,386,2025,0
SAR-682,682 - Sota caballo,SAR,682,SAR-2025-0682,53.5,34.0,2312.1,Sota caballo,386,2025,0
SAR-683,683 - Sota caballo,SAR,683,SAR-2025-0683,39.7,34.0,1258.1,Sota caballo,386,2025,0
SAR-684,684 - Sota caballo,SAR,684,SAR-2025-0684,52.3,34.0,2207.6,Sota caballo,386,2025,0
SAR-685,685 - Poponjoche,SAR,685,SAR-2025-0685,30.9,8.3,251.6,Poponjoche,275,2025,0
SAR-686,686 - limón madarina,SAR,686,SAR-2025-0686,17.1,4.0,42.6,limón madarina,105,2025,0
SAR-687,687 - Sota caballo,SAR,687,SAR-2025-0687,1.5,7.4,0.5,Sota caballo,386,2025,0
SAR-688,688 - Caobilla,SAR,688,SAR-2025-0688,21.8,14.7,192.7,Caobilla,75,2025,0
SAR-689,689 - Caobilla,SAR,689,SAR-2025-0689,16.9,16.2,123.7,Caobilla,75,2025,0
SAR-690,690 - Caobilla,SAR,690,SAR-2025-0690,23.3,18.3,261.8,Caobilla,75,2025,0
SAR-691,691 - laurel de la india,SAR,691,SAR-2025-0691,134.2,20.0,9981.8,laurel de la india,170,2025,0
SAR-692,692 - laurel de la india,SAR,692,SAR-2025-0692,128.7,22.4,10011.0,laurel de la india,170,2025,0
SAR-695,695 - Manazana rosa,SAR,695,SAR-2025-0695,22.4,7.1,115.6,Manazana rosa,342,2025,0
SAR-696,696 - Manazana rosa,SAR,696,SAR-2025-0696,19.2,7.1,84.4,Manazana rosa,342,2025,0
SAR-697,697 - Sangrillo,SAR,697,SAR-2025-0697,25.9,11.3,223.2,Sangrillo,300,2025,0
SAR-698,698 - almendro montaña,SAR,698,SAR-2025-0698,19.5,15.1,156.8,almendro montaña,142,2025,0
SAR-699,699 - Sota caballo,SAR,699,SAR-2025-0699,41.6,12.0,614.9,Sota caballo,386,2025,0
SAR-700,700 - Sota caballo,SAR,700,SAR-2025-0700,32.5,12.0,371.6,Sota caballo,386,2025,0
SAR-255,255 - lagarto,SAR,255,SAR-2025-0255,59.7,24.0,2204.5,lagarto,382,2025,0
SAR-701,701 - Sota caballo,SAR,701,SAR-2025-0701,35.0,5.3,228.7,Sota caballo,386,2025,0
SAR-702,702 - Sota caballo,SAR,702,SAR-2025-0702,29.6,10.3,272.7,Sota caballo,386,2025,0
SAR-703,703 - Sota caballo,SAR,703,SAR-2025-0703,34.9,10.3,381.5,Sota caballo,386,2025,0
SAR-704,704 - Sota caballo,SAR,704,SAR-2025-0704,35.4,5.2,230.6,Sota caballo,386,2025,0
SAR-705,705 - Cenizaro,SAR,705,SAR-2025-0705,23.8,9.8,168.1,Cenizaro,312,2025,0
SAR-706,706 - Anonillo,SAR,706,SAR-2025-0706,26.0,13.0,250.9,Anonillo,307,2025,0
SAR-707,707 - Anonillo,SAR,707,SAR-2025-0707,23.6,13.0,205.9,Anonillo,307,2025,0
SAR-708,708 - Aceituno,SAR,708,SAR-2025-0708,17.5,13.0,111.9,Aceituno,328,2025,0
SAR-709,709 - Aceituno,SAR,709,SAR-2025-0709,17.5,13.0,111.9,Aceituno,328,2025,0
SAR-710,710 - No registrado,SAR,710,SAR-2025-0710,11.2,12.0,42.3,No registrado,248,2025,0
SAR-712,712 - Burio,SAR,712,SAR-2025-0712,21.5,6.5,99.2,Burio,198,2025,0
SAR-714,714 - Sota caballo,SAR,714,SAR-2025-0714,55.0,12.0,1086.8,Sota caballo,386,2025,0
SAR-715,715 - Sota caballo,SAR,715,SAR-2025-0715,44.2,30.0,1420.7,Sota caballo,386,2025,0
SAR-716,716 - Sota caballo,SAR,716,SAR-2025-0716,44.0,30.0,1407.6,Sota caballo,386,2025,0
SAR-719,719 - Sota caballo,SAR,719,SAR-2025-0719,25.0,15.0,258.9,Sota caballo,386,2025,0
SAR-720,720 - Sota caballo,SAR,720,SAR-2025-0720,50.4,28.0,1759.7,Sota caballo,386,2025,0
SAR-721,721 - Gavilan,SAR,721,SAR-2025-0721,47.2,23.5,1342.9,Gavilan,278,2025,0
SAR-722,722 - Gavilan,SAR,722,SAR-2025-0722,57.9,33.5,2685.4,Gavilan,278,2025,0
SAR-723,723 - Sota caballo,SAR,723,SAR-2025-0723,69.8,33.5,3931.9,Sota caballo,386,2025,0
SAR-724,724 - Gavilan,SAR,724,SAR-2025-0724,62.0,29.0,2759.5,Gavilan,278,2025,0
SAR-736,736 - Sota caballo,SAR,736,SAR-2025-0736,41.6,19.5,897.5,Sota caballo,386,2025,0
SAR-725,725 - Sota caballo,SAR,725,SAR-2025-0725,99.3,32.5,7882.1,Sota caballo,386,2025,0
SAR-726,726 - Sota caballo,SAR,726,SAR-2025-0726,11.0,8.0,29.7,Sota caballo,386,2025,0
SAR-727,727 - Sota caballo,SAR,727,SAR-2025-0727,16.4,9.0,73.6,Sota caballo,386,2025,0
SAR-728,728 - Sota caballo,SAR,728,SAR-2025-0728,62.3,33.2,3096.4,Sota caballo,386,2025,0
SAR-730,730 - Sota caballo,SAR,730,SAR-2025-0730,49.3,31.5,1843.9,Sota caballo,386,2025,0
SAR-731,731 - Sota caballo,SAR,731,SAR-2025-0731,64.5,39.0,3767.7,Sota caballo,386,2025,0
SAR-732,732 - Sota caballo,SAR,732,SAR-2025-0732,49.9,39.0,2232.1,Sota caballo,386,2025,0
SAR-733,733 - Sota caballo,SAR,733,SAR-2025-0733,52.5,33.5,2199.3,Sota caballo,386,2025,0
SAR-734,734 - Sota caballo,SAR,734,SAR-2025-0734,51.1,33.5,2081.3,Sota caballo,386,2025,0
SAR-735,735 - Sota caballo,SAR,735,SAR-2025-0735,47.3,19.5,1166.3,Sota caballo,386,2025,0
SAR-737,737 - Sota caballo,SAR,737,SAR-2025-0737,44.0,21.0,1066.1,Sota caballo,386,2025,0
SAR-738,738 - Sota caballo,SAR,738,SAR-2025-0738,52.6,28.0,1920.0,Sota caballo,386,2025,0
SAR-739,739 - Sota caballo,SAR,739,SAR-2025-0739,63.5,27.0,2740.5,Sota caballo,386,2025,0
SAR-740,740 - Sota caballo,SAR,740,SAR-2025-0740,61.0,33.0,2952.1,Sota caballo,386,2025,0
SAR-741,741 - Sota caballo,SAR,741,SAR-2025-0741,51.8,31.5,2039.7,Sota caballo,386,2025,0
SAR-742,742 - Sota caballo,SAR,742,SAR-2025-0742,21.3,21.5,247.2,Sota caballo,386,2025,0
SAR-743,743 - Sota caballo,SAR,743,SAR-2025-0743,34.8,35.0,983.6,Sota caballo,386,2025,0
SAR-744,744 - Sota caballo,SAR,744,SAR-2025-0744,60.8,36.5,3172.0,Sota caballo,386,2025,0
SAR-745,745 - Sota caballo,SAR,745,SAR-2025-0745,53.1,36.5,2406.4,Sota caballo,386,2025,0
SAR-746,746 - Sota caballo,SAR,746,SAR-2025-0746,40.0,37.0,1364.6,Sota caballo,386,2025,0
SAR-747,747 - Sota caballo,SAR,747,SAR-2025-0747,83.9,26.0,4697.4,Sota caballo,386,2025,0
SAR-748,748 - Sota caballo,SAR,748,SAR-2025-0748,52.8,15.0,1189.9,Sota caballo,386,2025,0
SAR-749,749 - Sota caballo,SAR,749,SAR-2025-0749,27.4,7.5,181.9,Sota caballo,386,2025,0
SAR-750,750 - Sota caballo,SAR,750,SAR-2025-0750,52.9,32.0,2155.3,Sota caballo,386,2025,0
SAR-751,751 - Sota caballo,SAR,751,SAR-2025-0751,44.3,33.0,1537.2,Sota caballo,386,2025,0
SAR-752,752 - Guácimo blanco,SAR,752,SAR-2025-0752,18.4,15.0,138.6,Guácimo blanco,189,2025,0
SAR-254,254 - Cenizaro,SAR,254,SAR-2025-0254,52.1,24.0,1669.9,Cenizaro,312,2025,0
SAR-253,253 - Cenizaro,SAR,253,SAR-2025-0253,36.1,18.4,642.4,Cenizaro,312,2025,0
SAR-252,252 - Guanacaste,SAR,252,SAR-2025-0252,39.7,12.0,524.0,Guanacaste,1,2025,0
SAR-251,251 - Cenizaro,SAR,251,SAR-2025-0251,41.8,14.0,700.2,Cenizaro,312,2025,0
SAR-250,250 - Guanacaste,SAR,250,SAR-2025-0250,31.5,10.0,283.6,Guanacaste,1,2025,0
SAR-249,249 - Cenizaro,SAR,249,SAR-2025-0249,65.4,22.0,2481.2,Cenizaro,312,2025,0
SAR-248,248 - Cenizaro,SAR,248,SAR-2025-0248,23.7,9.7,165.3,Cenizaro,312,2025,0
SAR-247,247 - Cenizaro,SAR,247,SAR-2025-0247,52.2,20.1,1460.1,Cenizaro,312,2025,0
SAR-246,246 - No registrado,SAR,246,SAR-2025-0246,28.9,14.9,346.2,No registrado,176,2025,0
SAR-245,245 - No registrado,SAR,245,SAR-2025-0245,32.4,9.2,300.2,No registrado,176,2025,0
SAR-244,244 - viriba,SAR,244,SAR-2025-0244,26.4,12.3,247.9,viriba,46,2025,0
SAR-243,243 - viriba,SAR,243,SAR-2025-0243,24.8,13.3,231.9,viriba,46,2025,0
SAR-239,239 - Jobo,SAR,239,SAR-2025-0239,39.4,17.1,725.2,Jobo,332,2025,0
SAR-238,238 - Laurel negro,SAR,238,SAR-2025-0238,51.2,20.5,1336.2,Laurel negro,11,2025,0
SAR-237,237 - Capulin,SAR,237,SAR-2025-0237,20.0,8.2,102.6,Capulin,256,2025,0
SAR-236,236 - Aguacate,SAR,236,SAR-2025-0236,19.5,14.5,151.9,Aguacate,279,2025,0
SAR-235,235 - Aguacate,SAR,235,SAR-2025-0235,48.5,14.5,974.5,Aguacate,279,2025,0
SAR-234,234 - ojochillo,SAR,234,SAR-2025-0234,19.1,15.6,154.2,ojochillo,363,2025,0
SAR-233,233 - Laurel negro,SAR,233,SAR-2025-0233,27.9,20.0,379.9,Laurel negro,11,2025,0
SAR-232,232 - Laurel negro,SAR,232,SAR-2025-0232,19.2,18.0,163.3,Laurel negro,11,2025,0
SAR-231,231 - Laurel negro,SAR,231,SAR-2025-0231,28.0,25.4,461.0,Laurel negro,11,2025,0
SAR-230,230 - Laurel negro,SAR,230,SAR-2025-0230,19.8,22.1,204.0,Laurel negro,11,2025,0
SAR-229,229 - Laurel negro,SAR,229,SAR-2025-0229,25.0,19.5,297.8,Laurel negro,11,2025,0
SAR-228,228 - Laurel negro,SAR,228,SAR-2025-0228,26.8,22.5,383.6,Laurel negro,11,2025,0
SAR-227,227 - Laurel negro,SAR,227,SAR-2025-0227,29.9,23.9,502.7,Laurel negro,11,2025,0
SAR-226,226 - Laurel negro,SAR,226,SAR-2025-0226,28.6,25.0,475.5,Laurel negro,11,2025,0
SAR-225,225 - Laurel negro,SAR,225,SAR-2025-0225,58.9,33.5,2607.1,Laurel negro,11,2025,0
SAR-224,224 - Laurel negro,SAR,224,SAR-2025-0224,53.0,32.0,2028.4,Laurel negro,11,2025,0
SAR-223,223 - Jobo,SAR,223,SAR-2025-0223,45.9,20.0,1118.8,Jobo,332,2025,0
SAR-221,221 - Laurel negro,SAR,221,SAR-2025-0221,21.0,18.2,197.7,Laurel negro,11,2025,0
SAR-217,217 - Guácimo blanco,SAR,217,SAR-2025-0217,36.8,27.0,900.6,Guácimo blanco,189,2025,0
SAR-216,216 - Gavilan,SAR,216,SAR-2025-0216,48.0,26.0,1503.7,Gavilan,278,2025,0
SAR-214,214 - Guácimo blanco,SAR,214,SAR-2025-0214,54.9,30.0,2210.8,Guácimo blanco,189,2025,0
SAR-213,213 - Sangrillo,SAR,213,SAR-2025-0213,58.9,33.0,2748.5,Sangrillo,300,2025,0
SAR-212,212 - Cedro amargo,SAR,212,SAR-2025-0212,54.6,29.5,1996.0,Cedro amargo,9,2025,0
SAR-211,211 - Laurel negro,SAR,211,SAR-2025-0211,39.4,34.0,1161.4,Laurel negro,11,2025,0
SAR-210,210 - Laurel negro,SAR,210,SAR-2025-0210,45.5,34.8,1586.2,Laurel negro,11,2025,0
SAR-208,208 - guaba mecate,SAR,208,SAR-2025-0208,25.8,8.9,183.9,guaba mecate,211,2025,0
SAR-207,207 - guaba mecate,SAR,207,SAR-2025-0207,30.7,8.9,262.1,guaba mecate,211,2025,0
SAR-206,206 - guaba mecate,SAR,206,SAR-2025-0206,29.8,13.1,333.4,guaba mecate,211,2025,0
SAR-203,203 - Laurel negro,SAR,203,SAR-2025-0203,39.7,8.9,415.2,Laurel negro,11,2025,0
SAR-202,202 - Laurel negro,SAR,202,SAR-2025-0202,19.7,14.9,148.5,Laurel negro,11,2025,0
SAR-201,201 - Sota caballo,SAR,201,SAR-2025-0201,29.8,13.1,333.4,Sota caballo,386,2025,0
SAR-200,200 - Laurel negro,SAR,200,SAR-2025-0200,36.8,27.0,844.3,Laurel negro,11,2025,0
SAR-199,199 - Aceituno,SAR,199,SAR-2025-0199,15.9,14.0,97.5,Aceituno,328,2025,0
SAR-198,198 - Fruta dorada,SAR,198,SAR-2025-0198,20.2,15.0,167.6,Fruta dorada,369,2025,0
SAR-197,197 - Quizarra,SAR,197,SAR-2025-0197,22.6,16.5,227.0,Quizarra,261,2025,0
SAR-196,196 - Laurel negro,SAR,196,SAR-2025-0196,17.6,15.0,118.6,Laurel negro,11,2025,0
SAR-195,195 - Laurel negro,SAR,195,SAR-2025-0195,11.6,12.5,44.0,Laurel negro,11,2025,0
SAR-194,194 - Laurel negro,SAR,194,SAR-2025-0194,21.0,15.0,170.1,Laurel negro,11,2025,0
SAR-193,193 - Jobo,SAR,193,SAR-2025-0193,29.8,11.0,291.0,Jobo,332,2025,0
SAR-192,192 - Laurel negro,SAR,192,SAR-2025-0192,42.3,19.0,853.1,Laurel negro,11,2025,0
SAR-191,191 - Jobo,SAR,191,SAR-2025-0191,17.1,8.5,76.7,Jobo,332,2025,0
SAR-190,190 - Burio,SAR,190,SAR-2025-0190,28.0,16.0,343.1,Burio,198,2025,0
SAR-189,189 - Burio,SAR,189,SAR-2025-0189,17.5,10.0,91.2,Burio,198,2025,0
SAR-188,188 - Laurel negro,SAR,188,SAR-2025-0188,51.5,34.0,2005.5,Laurel negro,11,2025,0
SAR-186,186 - Laurel negro,SAR,186,SAR-2025-0186,50.8,34.0,1950.3,Laurel negro,11,2025,0
SAR-185,185 - Burio,SAR,185,SAR-2025-0185,43.4,28.8,1325.9,Burio,198,2025,0
SAR-772,772 - Gavilan,SAR,772,SAR-2025-0772,24.5,13.0,222.3,Gavilan,278,2025,0
SAR-182,182 - sangrillo,SAR,182,SAR-2025-0182,27.8,34.0,608.2,sangrillo,301,2025,0
SAR-181,181 - Cedro amargo,SAR,181,SAR-2025-0181,65.9,33.7,3249.6,Cedro amargo,9,2025,0
SAR-180,180 - Sangrillo,SAR,180,SAR-2025-0180,44.5,33.0,1551.4,Sangrillo,299,2025,0
SAR-179,179 - Sota caballo,SAR,179,SAR-2025-0179,53.0,33.2,2226.6,Sota caballo,386,2025,0
SAR-178,178 - Sota caballo,SAR,178,SAR-2025-0178,14.5,9.0,57.2,Sota caballo,386,2025,0
SAR-176,176 - quizarrá negro,SAR,176,SAR-2025-0176,66.7,36.5,3831.6,quizarrá negro,305,2025,0
SAR-175,175 - No registrado,SAR,175,SAR-2025-0175,24.8,23.0,355.4,No registrado,209,2025,0
SAR-174,174 - Canfin,SAR,174,SAR-2025-0174,23.4,12.6,197.5,Canfin,292,2025,0
SAR-172,172 - Zapote,SAR,172,SAR-2025-0172,17.8,9.0,87.0,Zapote,291,2025,0
SAR-171,171 - Zapote,SAR,171,SAR-2025-0171,24.8,9.0,171.1,Zapote,291,2025,0
SAR-170,170 - Cedro amargo,SAR,170,SAR-2025-0170,81.0,26.0,4044.2,Cedro amargo,9,2025,0
SAR-169,169 - Guácimo blanco,SAR,169,SAR-2025-0169,27.3,12.0,260.4,Guácimo blanco,189,2025,0
SAR-168,168 - Aceituno,SAR,168,SAR-2025-0168,18.2,10.0,98.8,Aceituno,328,2025,0
SAR-161,161 - Anonillo,SAR,161,SAR-2025-0161,24.3,24.5,358.1,Anonillo,307,2025,0
SAR-159,159 - No registrado,SAR,159,SAR-2025-0159,54.0,16.5,1341.7,No registrado,304,2025,0
SAR-158,158 - Sota caballo,SAR,158,SAR-2025-0158,64.9,23.4,2562.9,Sota caballo,386,2025,0
SAR-157,157 - higuerón,SAR,157,SAR-2025-0157,18.9,17.0,161.3,higuerón,174,2025,0
SAR-156,156 - Sota caballo,SAR,156,SAR-2025-0156,61.8,17.0,1808.3,Sota caballo,386,2025,0
SAR-155,155 - Sota caballo,SAR,155,SAR-2025-0155,48.3,16.0,1043.3,Sota caballo,386,2025,0
SAR-154,154 - Sota caballo,SAR,154,SAR-2025-0154,37.5,16.0,622.6,Sota caballo,386,2025,0
SAR-153,153 - Sota caballo,SAR,153,SAR-2025-0153,84.0,23.0,4279.9,Sota caballo,386,2025,0
SAR-152,152 - Sota caballo,SAR,152,SAR-2025-0152,43.1,10.4,591.2,Sota caballo,386,2025,0
SAR-151,151 - Sota caballo,SAR,151,SAR-2025-0151,34.5,15.3,507.2,Sota caballo,386,2025,0
SAR-147,147 - Sota caballo,SAR,147,SAR-2025-0147,55.9,15.6,1378.2,Sota caballo,386,2025,0
SAR-146,146 - Sota caballo,SAR,146,SAR-2025-0146,36.0,15.6,561.7,Sota caballo,386,2025,0
SAR-145,145 - guabo machete,SAR,145,SAR-2025-0145,49.8,16.7,1148.1,guabo machete,218,2025,0
SAR-144,144 - Acasia,SAR,144,SAR-2025-0144,61.7,19.2,1981.6,Acasia,33,2025,0
SAR-143,143 - Acasia,SAR,143,SAR-2025-0143,69.2,24.3,3008.4,Acasia,33,2025,0
SAR-142,142 - Mango,SAR,142,SAR-2025-0142,39.7,10.0,430.4,Mango,14,2025,0
SAR-141,141 - Acasia,SAR,141,SAR-2025-0141,51.2,17.2,1243.2,Acasia,33,2025,0
SAR-138,138 - Nance,SAR,138,SAR-2025-0138,25.8,5.9,133.5,Nance,63,2025,0
SAR-137,137 - Sota caballo,SAR,137,SAR-2025-0137,65.0,16.9,1995.3,Sota caballo,386,2025,0
SAR-135,135 - Sota caballo,SAR,135,SAR-2025-0135,56.8,25.6,2094.3,Sota caballo,386,2025,0
SAR-134,134 - Sota caballo,SAR,134,SAR-2025-0134,36.8,22.0,767.8,Sota caballo,386,2025,0
SAR-133,133 - Sota caballo,SAR,133,SAR-2025-0133,47.0,22.0,1264.7,Sota caballo,386,2025,0
SAR-132,132 - Sota caballo,SAR,132,SAR-2025-0132,49.8,23.0,1473.3,Sota caballo,386,2025,0
SAR-131,131 - Sota caballo,SAR,131,SAR-2025-0131,19.4,8.5,99.2,Sota caballo,386,2025,0
SAR-129,129 - Sota caballo,SAR,129,SAR-2025-0129,25.3,8.0,162.6,Sota caballo,386,2025,0
SAR-128,128 - Sota caballo,SAR,128,SAR-2025-0128,46.9,11.9,780.2,Sota caballo,386,2025,0
SAR-127,127 - Sota caballo,SAR,127,SAR-2025-0127,41.2,19.2,869.4,Sota caballo,386,2025,0
SAR-126,126 - Sota caballo,SAR,126,SAR-2025-0126,54.2,19.2,1521.2,Sota caballo,386,2025,0
SAR-125,125 - Sota caballo,SAR,125,SAR-2025-0125,41.5,19.2,882.4,Sota caballo,386,2025,0
SAR-124,124 - Sota caballo,SAR,124,SAR-2025-0124,48.0,19.2,1187.3,Sota caballo,386,2025,0
SAR-123,123 - Sota caballo,SAR,123,SAR-2025-0123,37.9,16.9,663.9,Sota caballo,386,2025,0
SAR-122,122 - Sota caballo,SAR,122,SAR-2025-0122,37.0,16.9,632.2,Sota caballo,386,2025,0
SAR-121,121 - Sota caballo,SAR,121,SAR-2025-0121,47.8,17.5,1095.2,Sota caballo,386,2025,0
SAR-120,120 - Sota caballo,SAR,120,SAR-2025-0120,44.2,17.0,912.7,Sota caballo,386,2025,0
SAR-119,119 - Sota caballo,SAR,119,SAR-2025-0119,37.0,18.0,664.0,Sota caballo,386,2025,0
SAR-116,116 - Amarillon,SAR,116,SAR-2025-0116,41.0,18.0,818.7,Amarillon,349,2025,0
SAR-115,115 - Amarillon,SAR,115,SAR-2025-0115,55.0,24.0,1865.0,Amarillon,349,2025,0
SAR-114,114 - Amarillon,SAR,114,SAR-2025-0114,39.9,22.0,905.5,Amarillon,349,2025,0
SAR-113,113 - Amarillon,SAR,113,SAR-2025-0113,33.7,20.9,616.5,Amarillon,349,2025,0
SAR-111,111 - Chancho,SAR,111,SAR-2025-0111,60.9,21.6,2114.9,Chancho,374,2025,0
SAR-110,110 - Amarillon,SAR,110,SAR-2025-0110,39.1,16.9,707.5,Amarillon,349,2025,0
SAR-109,109 - Chancho,SAR,109,SAR-2025-0109,52.5,23.4,1663.0,Chancho,374,2025,0
SAR-108,108 - guarumo,SAR,108,SAR-2025-0108,42.8,23.7,1107.2,guarumo,86,2025,0
SAR-107,107 - almendro montaña,SAR,107,SAR-2025-0107,44.5,25.3,1261.4,almendro montaña,142,2025,0
SAR-106,106 - Amarillon,SAR,106,SAR-2025-0106,41.7,24.5,1077.5,Amarillon,349,2025,0
SAR-105,105 - Amarillon,SAR,105,SAR-2025-0105,44.0,23.0,1144.4,Amarillon,349,2025,0
SAR-104,104 - Amarillon,SAR,104,SAR-2025-0104,53.0,26.0,1840.5,Amarillon,349,2025,0
SAR-103,103 - Amarillon,SAR,103,SAR-2025-0103,53.4,26.0,1868.9,Amarillon,349,2025,0
SAR-102,102 - Chancho,SAR,102,SAR-2025-0102,30.3,13.3,349.0,Chancho,374,2025,0
SAR-101,101 - Cedro amargo,SAR,101,SAR-2025-0101,44.7,25.0,1166.6,Cedro amargo,9,2025,0
SAR-100,100 - Amarillon,SAR,100,SAR-2025-0100,29.1,15.3,358.4,Amarillon,349,2025,0
SAR-99,99 - Chancho,SAR,99,SAR-2025-0099,29.4,9.3,248.3,Chancho,374,2025,0
SAR-98,98 - Amarillon,SAR,98,SAR-2025-0098,55.8,24.0,1920.7,Amarillon,349,2025,0
SAR-97,97 - Chancho,SAR,97,SAR-2025-0097,61.7,20.0,2045.6,Chancho,374,2025,0
SAR-96,96 - Amarillon,SAR,96,SAR-2025-0096,52.8,20.5,1517.7,Amarillon,349,2025,0
SAR-95,95 - Amarillon,SAR,95,SAR-2025-0095,49.2,28.0,1675.3,Amarillon,349,2025,0
SAR-94,94 - Amarillon,SAR,94,SAR-2025-0094,48.8,25.0,1508.4,Amarillon,349,2025,0
SAR-93,93 - Amarillon,SAR,93,SAR-2025-0093,41.5,29.0,1216.7,Amarillon,349,2025,0
SAR-92,92 - Laurel negro,SAR,92,SAR-2025-0092,14.6,18.0,93.4,Laurel negro,11,2025,0
SAR-91,91 - Aguacatillo,SAR,91,SAR-2025-0091,42.9,18.0,897.9,Aguacatillo,260,2025,0
SAR-89,89 - Aguacatillo,SAR,89,SAR-2025-0089,33.2,23.0,644.3,Aguacatillo,260,2025,0
SAR-88,88 - almendro montaña,SAR,88,SAR-2025-0088,37.3,23.0,817.0,almendro montaña,142,2025,0
SAR-87,87 - Chancho,SAR,87,SAR-2025-0087,45.5,17.2,977.2,Chancho,374,2025,0
SAR-86,86 - Amarillon,SAR,86,SAR-2025-0086,37.7,22.0,806.6,Amarillon,349,2025,0
SAR-85,85 - Amarillon,SAR,85,SAR-2025-0085,15.7,19.0,120.5,Amarillon,349,2025,0
SAR-84,84 - almendro montaña,SAR,84,SAR-2025-0084,22.7,23.5,301.7,almendro montaña,142,2025,0
SAR-83,83 - Chancho,SAR,83,SAR-2025-0083,39.9,18.0,774.5,Chancho,374,2025,0
SAR-82,82 - Amarillon,SAR,82,SAR-2025-0082,52.5,16.0,1236.8,Amarillon,349,2025,0
SAR-81,81 - Chancho,SAR,81,SAR-2025-0081,41.5,19.3,886.0,Chancho,374,2025,0
SAR-80,80 - Amarillon,SAR,80,SAR-2025-0080,50.8,24.0,1586.0,Amarillon,349,2025,0
SAR-79,79 - Chancho,SAR,79,SAR-2025-0079,29.9,11.0,293.0,Chancho,374,2025,0
SAR-78,78 - Chancho,SAR,78,SAR-2025-0078,35.2,20.0,651.1,Chancho,374,2025,0
SAR-77,77 - Amarillon,SAR,77,SAR-2025-0077,22.8,18.0,247.3,Amarillon,349,2025,0
SAR-76,76 - Amarillon,SAR,76,SAR-2025-0076,50.7,21.0,1423.6,Amarillon,349,2025,0
SAR-75,75 - Amarillon,SAR,75,SAR-2025-0075,29.9,23.0,520.4,Amarillon,349,2025,0
SAR-74,74 - Amarillon,SAR,74,SAR-2025-0074,36.8,27.0,900.6,Amarillon,349,2025,0
SAR-73,73 - Amarillon,SAR,73,SAR-2025-0073,34.3,21.0,641.5,Amarillon,349,2025,0
SAR-72,72 - Amarillon,SAR,72,SAR-2025-0072,27.2,23.0,429.0,Amarillon,349,2025,0
SAR-71,71 - Amarillon,SAR,71,SAR-2025-0071,38.8,23.0,885.5,Amarillon,349,2025,0
SAR-70,70 - almendro montaña,SAR,70,SAR-2025-0070,26.0,17.3,313.5,almendro montaña,142,2025,0
SAR-69,69 - almendro montaña,SAR,69,SAR-2025-0069,24.8,21.0,331.0,almendro montaña,142,2025,0
SAR-68,68 - Chancho,SAR,68,SAR-2025-0068,41.0,17.0,783.0,Chancho,374,2025,0
SAR-67,67 - Amarillon,SAR,67,SAR-2025-0067,35.5,25.2,793.1,Amarillon,349,2025,0
SAR-66,66 - Amarillon,SAR,66,SAR-2025-0066,27.5,26.0,482.7,Amarillon,349,2025,0
SAR-65,65 - Amarillon,SAR,65,SAR-2025-0065,46.5,30.0,1575.6,Amarillon,349,2025,0
SAR-64,64 - Amarillon,SAR,64,SAR-2025-0064,27.6,21.0,411.8,Amarillon,349,2025,0
SAR-63,63 - Amarillon,SAR,63,SAR-2025-0063,52.8,32.0,2147.0,Amarillon,349,2025,0
SAR-62,62 - Amarillon,SAR,62,SAR-2025-0062,18.5,19.0,168.4,Amarillon,349,2025,0
SAR-61,61 - Amarillon,SAR,61,SAR-2025-0061,32.0,22.0,577.3,Amarillon,349,2025,0
SAR-60,60 - almendro montaña,SAR,60,SAR-2025-0060,33.2,26.0,708.9,almendro montaña,142,2025,0
SAR-59,59 - Amarillon,SAR,59,SAR-2025-0059,14.5,17.0,94.0,Amarillon,349,2025,0
SAR-58,58 - almendro montaña,SAR,58,SAR-2025-0058,21.7,22.0,261.4,almendro montaña,142,2025,0
SAR-57,57 - Chancho,SAR,57,SAR-2025-0057,31.2,15.0,406.8,Chancho,374,2025,0
SAR-56,56 - Amarillon,SAR,56,SAR-2025-0056,50.8,25.0,1637.2,Amarillon,349,2025,0
SAR-55,55 - Amarillon,SAR,55,SAR-2025-0055,48.4,26.0,1529.3,Amarillon,349,2025,0
SAR-54,54 - almendro montaña,SAR,54,SAR-2025-0054,29.4,24.0,519.8,almendro montaña,142,2025,0
SAR-53,53 - Amarillon,SAR,53,SAR-2025-0053,34.3,23.0,688.6,Amarillon,349,2025,0
SAR-52,52 - Chancho,SAR,52,SAR-2025-0052,39.1,13.6,597.4,Chancho,374,2025,0
SAR-51,51 - Amarillon,SAR,51,SAR-2025-0051,42.3,27.0,1196.5,Amarillon,349,2025,0
SAR-50,50 - Laurel negro,SAR,50,SAR-2025-0050,18.6,24.0,191.5,Laurel negro,11,2025,0
SAR-49,49 - Amarillon,SAR,49,SAR-2025-0049,43.3,29.0,1326.8,Amarillon,349,2025,0
SAR-48,48 - Chancho,SAR,48,SAR-2025-0048,36.8,11.5,463.2,Chancho,374,2025,0
SAR-47,47 - Chancho,SAR,47,SAR-2025-0047,36.4,12.6,486.4,Chancho,374,2025,0
SAR-46,46 - Chancho,SAR,46,SAR-2025-0046,42.5,18.0,880.9,Chancho,374,2025,0
SAR-45,45 - Chancho,SAR,45,SAR-2025-0045,31.6,11.3,334.9,Chancho,374,2025,0
SAR-44,44 - titor,SAR,44,SAR-2025-0044,28.7,21.0,445.9,titor,311,2025,0
SAR-43,43 - titor,SAR,43,SAR-2025-0043,33.3,21.0,603.9,titor,311,2025,0
SAR-42,42 - Amarillon,SAR,42,SAR-2025-0042,21.0,22.0,244.5,Amarillon,349,2025,0
SAR-41,41 - almendro montaña,SAR,41,SAR-2025-0041,43.8,22.0,1095.2,almendro montaña,142,2025,0
SAR-40,40 - Chancho,SAR,40,SAR-2025-0040,24.6,10.2,185.5,Chancho,374,2025,0
SAR-39,39 - titor,SAR,39,SAR-2025-0039,21.8,19.0,235.4,titor,311,2025,0
SAR-38,38 - titor,SAR,38,SAR-2025-0038,28.1,19.0,395.1,titor,311,2025,0
SAR-37,37 - titor,SAR,37,SAR-2025-0037,25.6,18.0,313.2,titor,311,2025,0
SAR-36,36 - titor,SAR,36,SAR-2025-0036,22.9,20.0,270.9,titor,311,2025,0
SAR-35,35 - titor,SAR,35,SAR-2025-0035,26.5,19.0,350.6,titor,311,2025,0
SAR-34,34 - titor,SAR,34,SAR-2025-0034,22.9,19.0,260.3,titor,311,2025,0
SAR-33,33 - titor,SAR,33,SAR-2025-0033,37.1,12.0,486.8,titor,311,2025,0
SAR-32,32 - Mango,SAR,32,SAR-2025-0032,44.4,8.3,467.7,Mango,14,2025,0
SAR-31,31 - Mango,SAR,31,SAR-2025-0031,22.2,10.2,133.5,Mango,14,2025,0
SAR-30,30 - Mango,SAR,30,SAR-2025-0030,20.8,10.2,116.9,Mango,14,2025,0
SAR-29,29 - Mango,SAR,29,SAR-2025-0029,26.7,8.5,168.8,Mango,14,2025,0
SAR-28,28 - Carao,SAR,28,SAR-2025-0028,25.8,12.5,239.5,Carao,82,2025,0
SAR-27,27 - mamón chino,SAR,27,SAR-2025-0027,18.5,8.1,86.7,mamón chino,265,2025,0
SAR-26,26 - mamón chino,SAR,26,SAR-2025-0026,16.0,7.6,61.3,mamón chino,265,2025,0
SAR-24,24 - Guanabana,SAR,24,SAR-2025-0024,18.4,10.2,102.6,Guanabana,47,2025,0
SAR-23,23 - mamón chino,SAR,23,SAR-2025-0023,27.5,10.0,229.3,mamón chino,265,2025,0
SAR-22,22 - mamón chino,SAR,22,SAR-2025-0022,23.0,10.0,159.3,mamón chino,265,2025,0
SAR-21,21 - mamón chino,SAR,21,SAR-2025-0021,25.2,10.0,191.9,mamón chino,265,2025,0
SAR-20,20 - Manzana de agua,SAR,20,SAR-2025-0020,43.0,14.0,741.8,Manzana de agua,343,2025,0
SAR-19,19 - Mango,SAR,19,SAR-2025-0019,26.9,10.6,203.6,Mango,14,2025,0
SAR-18,18 - Mango,SAR,18,SAR-2025-0018,33.5,10.6,318.5,Mango,14,2025,0
SAR-17,17 - Guanabana,SAR,17,SAR-2025-0017,17.1,10.1,87.7,Guanabana,47,2025,0
SAR-15,15 - Mango,SAR,15,SAR-2025-0015,26.8,11.0,208.0,Mango,14,2025,0
SAR-14,14 - Manzana de agua,SAR,14,SAR-2025-0014,39.1,17.2,717.3,Manzana de agua,343,2025,0
SAR-13,13 - guabo machete,SAR,13,SAR-2025-0013,35.5,14.3,510.1,guabo machete,218,2025,0
SAR-12,12 - Mango,SAR,12,SAR-2025-0012,26.2,11.8,209.7,Mango,14,2025,0
SAR-11,11 - Mango,SAR,11,SAR-2025-0011,42.0,11.8,549.2,Mango,14,2025,0
SAR-10,10 - Mango,SAR,10,SAR-2025-0010,33.1,11.8,337.9,Mango,14,2025,0
SAR-9,9 - Mango,SAR,9,SAR-2025-0009,30.5,11.8,286.0,Mango,14,2025,0
SAR-8,8 - Mango,SAR,8,SAR-2025-0008,22.0,11.8,146.9,Mango,14,2025,0
SAR-7,7 - Manzana de agua,SAR,7,SAR-2025-0007,41.5,14.0,689.9,Manzana de agua,343,2025,0
SAR-6,6 - Mango,SAR,6,SAR-2025-0006,35.2,11.2,367.8,Mango,14,2025,0
SAR-5,5 - Mango,SAR,5,SAR-2025-0005,31.4,11.2,291.4,Mango,14,2025,0
SAR-4,4 - Mango,SAR,4,SAR-2025-0004,25.6,11.2,192.1,Mango,14,2025,0
SAR-1,1 - Ceiba,SAR,1,SAR-2025-0001,89.4,18.5,4101.8,Ceiba,92,2025,0
SAR-282,282 - Gavilan,SAR,282,SAR-2025-0282,30.0,13.6,348.0,Gavilan,278,2025,0
SAR-893,893 - almendro montaña,SAR,893,SAR-2025-0893,16.2,14.9,106.3,almendro montaña,142,2025,0
SAR-892,892 - Teca,SAR,892,SAR-2025-0892,20.2,8.0,89.9,Teca,15,2025,0
SAR-876,876 - poró,SAR,876,SAR-2025-0876,16.7,11.0,89.3,poró,152,2025,0
SAR-855,855 - Cenizaro,SAR,855,SAR-2025-0855,14.4,5.0,35.7,Cenizaro,312,2025,0
SAR-843,843 - Cenizaro,SAR,843,SAR-2025-0843,16.9,9.1,78.9,Cenizaro,312,2025,0
SAR-820,820 - poró,SAR,820,SAR-2025-0820,17.8,9.0,87.0,poró,152,2025,0
SAR-808,808 - Jacaranda,SAR,808,SAR-2025-0808,18.2,9.4,85.3,Jacaranda,8,2025,0
SAR-807,807 - Caobilla,SAR,807,SAR-2025-0807,16.9,11.0,91.5,Caobilla,75,2025,0
SAR-806,806 - Sota caballo,SAR,806,SAR-2025-0806,68.7,16.0,2140.6,Sota caballo,386,2025,0
SAR-805,805 - Roble sabana,SAR,805,SAR-2025-0805,24.5,14.0,223.7,Roble sabana,6,2025,0
SAR-803,803 - Gavilan,SAR,803,SAR-2025-0803,161.8,14.0,11072.1,Gavilan,278,2025,0
SAR-798,798 - Fruta dorada,SAR,798,SAR-2025-0798,28.4,17.0,370.2,Fruta dorada,369,2025,0
SAR-804,804 - Uruca,SAR,804,SAR-2025-0804,19.8,9.0,108.1,Uruca,359,2025,0
SAR-851,851 - No identificada,SAR,851,SAR-2025-0851,17.2,8.8,74.7,No identificada,388,2025,0
SAR-840,840 - No identificada,SAR,840,SAR-2025-0840,15.4,9.0,60.7,No identificada,388,2025,0
SAR-815,815 - No identificada,SAR,815,SAR-2025-0815,19.8,19.0,181.4,No identificada,388,2025,0
SAR-694,694 - No identificada,SAR,694,SAR-2025-0694,1.5,5.0,0.3,No identificada,388,2025,0
SAR-693,693 - No identificada,SAR,693,SAR-2025-0693,0.5,5.0,0.0,No identificada,388,2025,0
SAR-775,775 - Gavilan,SAR,775,SAR-2025-0775,26.3,14.0,272.1,Gavilan,278,2025,0
SAR-796,796 - Fruta dorada,SAR,796,SAR-2025-0796,28.0,19.0,392.2,Fruta dorada,369,2025,0
SAR-793,793 - Fruta dorada,SAR,793,SAR-2025-0793,26.0,14.0,265.8,Fruta dorada,369,2025,0
SAR-887,887 - Roble sabana,SAR,887,SAR-2025-0887,25.1,7.0,137.0,Roble sabana,6,2025,0
SAR-886,886 - Roble sabana,SAR,886,SAR-2025-0886,12.8,7.0,34.7,Roble sabana,6,2025,0
SAR-885,885 - poró,SAR,885,SAR-2025-0885,13.4,9.3,50.0,poró,155,2025,0
SAR-884,884 - poró,SAR,884,SAR-2025-0884,13.9,8.7,51.2,poró,155,2025,0
SAR-882,882 - Roble sabana,SAR,882,SAR-2025-0882,21.3,9.4,123.3,Roble sabana,6,2025,0
SAR-881,881 - Cenizaro,SAR,881,SAR-2025-0881,25.6,8.9,181.0,Cenizaro,312,2025,0
SAR-880,880 - poró,SAR,880,SAR-2025-0880,32.7,10.0,326.5,poró,152,2025,0
SAR-879,879 - poró,SAR,879,SAR-2025-0879,22.6,10.2,156.1,poró,152,2025,0
SAR-875,875 - poró,SAR,875,SAR-2025-0875,19.0,12.6,129.1,poró,152,2025,0
SAR-874,874 - poró,SAR,874,SAR-2025-0874,27.7,12.6,278.6,poró,155,2025,0
SAR-873,873 - poró,SAR,873,SAR-2025-0873,30.0,12.0,315.6,poró,152,2025,0
SAR-872,872 - Jacaranda,SAR,872,SAR-2025-0872,24.8,17.1,282.1,Jacaranda,222,2025,0
SAR-871,871 - fruta dorada,SAR,871,SAR-2025-0871,20.3,7.0,93.5,fruta dorada,368,2025,0
SAR-869,869 - fruta dorada,SAR,869,SAR-2025-0869,19.1,10.6,114.1,fruta dorada,368,2025,0
SAR-868,868 - poró,SAR,868,SAR-2025-0868,30.3,12.2,326.3,poró,152,2025,0
SAR-867,867 - poró,SAR,867,SAR-2025-0867,28.2,12.6,289.0,poró,152,2025,0
SAR-883,883 - poró,SAR,883,SAR-2025-0883,14.6,8.4,55.0,poró,155,2025,0
SAR-866,866 - poró,SAR,866,SAR-2025-0866,31.0,12.2,341.8,poró,152,2025,0
SAR-865,865 - poró,SAR,865,SAR-2025-0865,18.3,8.2,85.6,poró,152,2025,0
SAR-864,864 - poró,SAR,864,SAR-2025-0864,17.3,10.2,90.5,poró,152,2025,0
SAR-830,830 - Nance,SAR,830,SAR-2025-0830,26.7,18.0,341.3,Nance,63,2025,0
SAR-829,829 - Guanacaste,SAR,829,SAR-2025-0829,15.9,8.0,59.1,Guanacaste,1,2025,0
SAR-828,828 - Guanacaste,SAR,828,SAR-2025-0828,15.8,8.0,58.3,Guanacaste,1,2025,0
SAR-827,827 - Guayaba,SAR,827,SAR-2025-0827,12.8,5.4,29.8,Guayaba,297,2025,0
SAR-826,826 - Lagartillo,SAR,826,SAR-2025-0826,17.0,18.0,135.9,Lagartillo,228,2025,0
SAR-825,825 - Lagartillo,SAR,825,SAR-2025-0825,16.4,15.0,109.6,Lagartillo,228,2025,0
SAR-824,824 - poró,SAR,824,SAR-2025-0824,19.7,9.2,108.8,poró,152,2025,0
SAR-823,823 - Lagartillo,SAR,823,SAR-2025-0823,22.0,15.6,205.7,Lagartillo,228,2025,0
SAR-822,822 - Capulin,SAR,822,SAR-2025-0822,15.8,10.0,74.0,Capulin,256,2025,0
SAR-821,821 - Espavel,SAR,821,SAR-2025-0821,17.0,16.1,118.4,Espavel,13,2025,0
SAR-819,819 - Aceituno,SAR,819,SAR-2025-0819,12.0,7.5,33.8,Aceituno,328,2025,0
SAR-818,818 - Guaitil,SAR,818,SAR-2025-0818,18.0,10.4,99.6,Guaitil,185,2025,0
SAR-817,817 - Amarillon,SAR,817,SAR-2025-0817,16.1,11.4,85.2,Amarillon,349,2025,0
SAR-816,816 - almendro montaña,SAR,816,SAR-2025-0816,27.4,20.0,390.6,almendro montaña,142,2025,0
SAR-814,814 - Mango,SAR,814,SAR-2025-0814,20.9,10.4,119.9,Mango,14,2025,0
SAR-813,813 - mamón chino,SAR,813,SAR-2025-0813,13.9,7.0,43.2,mamón chino,265,2025,0
SAR-812,812 - ojochillo,SAR,812,SAR-2025-0812,14.8,9.0,59.7,ojochillo,363,2025,0
SAR-811,811 - mamón chino,SAR,811,SAR-2025-0811,15.7,10.2,74.2,mamón chino,265,2025,0
SAR-810,810 - mamón chino,SAR,810,SAR-2025-0810,16.3,10.6,82.6,mamón chino,265,2025,0
SAR-809,809 - Cas,SAR,809,SAR-2025-0809,10.5,8.8,29.1,Cas,296,2025,0
SAR-776,776 - Gavilan,SAR,776,SAR-2025-0776,19.5,9.0,104.8,Gavilan,278,2025,0
SAR-767,767 - Nance,SAR,767,SAR-2025-0767,24.1,10.0,175.2,Nance,63,2025,0
SAR-766,766 - Aceituno,SAR,766,SAR-2025-0766,32.8,12.5,390.9,Aceituno,328,2025,0
SAR-765,765 - Gavilan,SAR,765,SAR-2025-0765,14.5,13.0,76.2,Gavilan,278,2025,0
SAR-757,757 - Gavilan,SAR,757,SAR-2025-0757,16.9,14.0,110.4,Gavilan,278,2025,0
SAR-756,756 - Ocotea sp,SAR,756,SAR-2025-0756,19.2,12.0,127.0,Ocotea sp,271,2025,0
SAR-755,755 - Nance,SAR,755,SAR-2025-0755,15.8,8.3,64.0,Nance,63,2025,0
SAR-754,754 - Nance,SAR,754,SAR-2025-0754,14.8,8.0,54.5,Nance,63,2025,0
SAR-791,791 - fruta dorada,SAR,791,SAR-2025-0791,28.2,10.0,241.4,fruta dorada,368,2025,0
SAR-785,785 - fruta dorada,SAR,785,SAR-2025-0785,30.9,16.3,425.6,fruta dorada,368,2025,0
SAR-784,784 - fruta dorada,SAR,784,SAR-2025-0784,29.4,14.5,351.0,fruta dorada,368,2025,0
SAR-783,783 - fruta dorada,SAR,783,SAR-2025-0783,28.1,18.9,393.5,fruta dorada,368,2025,0
SAR-782,782 - fruta dorada,SAR,782,SAR-2025-0782,22.7,13.6,197.0,fruta dorada,368,2025,0
SAR-781,781 - fruta dorada,SAR,781,SAR-2025-0781,27.6,13.1,285.1,fruta dorada,368,2025,0
SAR-773,773 - Gavilan,SAR,773,SAR-2025-0773,22.9,13.0,193.7,Gavilan,278,2025,0
SAR-863,863 - poró,SAR,863,SAR-2025-0863,23.1,10.0,160.7,poró,152,2025,0
SAR-862,862 - poró,SAR,862,SAR-2025-0862,25.2,10.0,191.9,poró,152,2025,0
SAR-861,861 - Gavilan,SAR,861,SAR-2025-0861,16.9,13.1,104.8,Gavilan,278,2025,0
SAR-860,860 - Gavilan,SAR,860,SAR-2025-0860,21.5,11.0,149.5,Gavilan,278,2025,0
SAR-859,859 - pilón,SAR,859,SAR-2025-0859,51.9,13.0,1027.7,pilón,205,2025,0
SAR-858,858 - fruta dorada,SAR,858,SAR-2025-0858,17.9,15.0,131.0,fruta dorada,368,2025,0
SAR-857,857 - Guaitil,SAR,857,SAR-2025-0857,17.2,16.0,127.0,Guaitil,185,2025,0
SAR-856,856 - fruta dorada,SAR,856,SAR-2025-0856,20.5,15.4,176.3,fruta dorada,368,2025,0
SAR-854,854 - fruta dorada,SAR,854,SAR-2025-0854,22.1,15.0,201.3,fruta dorada,368,2025,0
SAR-853,853 - Cenizaro,SAR,853,SAR-2025-0853,18.8,14.2,138.7,Cenizaro,312,2025,0
SAR-852,852 - fruta dorada,SAR,852,SAR-2025-0852,14.1,8.4,51.2,fruta dorada,368,2025,0
SAR-850,850 - Cenizaro,SAR,850,SAR-2025-0850,17.4,13.0,110.6,Cenizaro,312,2025,0
SAR-849,849 - Cenizaro,SAR,849,SAR-2025-0849,18.4,16.0,145.7,Cenizaro,312,2025,0
SAR-848,848 - Cenizaro,SAR,848,SAR-2025-0848,15.8,15.0,101.5,Cenizaro,312,2025,0
SAR-847,847 - Cenizaro,SAR,847,SAR-2025-0847,19.1,17.2,166.3,Cenizaro,312,2025,0
SAR-846,846 - poró,SAR,846,SAR-2025-0846,30.3,15.0,384.0,poró,152,2025,0
SAR-845,845 - Cenizaro,SAR,845,SAR-2025-0845,15.9,7.0,56.8,Cenizaro,312,2025,0
SAR-844,844 - poró,SAR,844,SAR-2025-0844,33.5,14.8,465.5,poró,152,2025,0
SAR-842,842 - poró,SAR,842,SAR-2025-0842,29.9,4.6,148.5,poró,152,2025,0
SAR-841,841 - Guaitil,SAR,841,SAR-2025-0841,19.5,20.0,195.2,Guaitil,185,2025,0
SAR-839,839 - fruta dorada,SAR,839,SAR-2025-0839,13.8,11.1,60.9,fruta dorada,368,2025,0
SAR-838,838 - Sota caballo,SAR,838,SAR-2025-0838,64.7,15.9,1884.8,Sota caballo,386,2025,0
SAR-837,837 - Guaitil,SAR,837,SAR-2025-0837,20.6,19.3,212.3,Guaitil,185,2025,0
SAR-836,836 - Sota caballo,SAR,836,SAR-2025-0836,56.7,14.7,1354.5,Sota caballo,386,2025,0
SAR-834,834 - Cenizaro,SAR,834,SAR-2025-0834,21.3,9.0,125.4,Cenizaro,312,2025,0
SAR-833,833 - lagarto,SAR,833,SAR-2025-0833,18.3,15.0,137.0,lagarto,382,2025,0
SAR-832,832 - Espavel,SAR,832,SAR-2025-0832,15.1,15.3,89.3,Espavel,13,2025,0
SAR-831,831 - Nance,SAR,831,SAR-2025-0831,32.0,20.5,546.4,Nance,63,2025,0
SAR-802,802 - poró,SAR,802,SAR-2025-0802,39.7,15.0,665.1,poró,152,2025,0
SAR-801,801 - poró,SAR,801,SAR-2025-0801,31.8,15.0,423.0,poró,152,2025,0
SAR-800,800 - fruta dorada,SAR,800,SAR-2025-0800,22.8,17.0,236.5,fruta dorada,368,2025,0
SAR-799,799 - fruta dorada,SAR,799,SAR-2025-0799,24.3,17.0,269.4,fruta dorada,368,2025,0
SAR-789,789 - Laurel negro,SAR,789,SAR-2025-0789,31.8,10.0,289.1,Laurel negro,11,2025,0
SAR-788,788 - Jacaranda,SAR,788,SAR-2025-0788,21.9,17.0,217.9,Jacaranda,222,2025,0
SAR-787,787 - fruta dorada,SAR,787,SAR-2025-0787,24.8,10.3,190.1,fruta dorada,368,2025,0
SAR-778,778 - Gavilan,SAR,778,SAR-2025-0778,21.9,12.0,166.1,Gavilan,278,2025,0
SAR-777,777 - Gavilan,SAR,777,SAR-2025-0777,24.8,12.5,221.0,Gavilan,278,2025,0
SAR-790,790 - Aceituno,SAR,790,SAR-2025-0790,29.0,12.0,294.5,Aceituno,328,2025,0
SAR-786,786 - fruta dorada,SAR,786,SAR-2025-0786,26.5,19.0,350.6,fruta dorada,368,2025,0
SAR-718,718 - Sota caballo,SAR,718,SAR-2025-0718,24.3,21.0,317.6,Sota caballo,386,2025,0
SAR-641,641 - Aceituno,SAR,641,SAR-2025-0641,15.5,12.4,84.2,Aceituno,328,2025,0
SAR-797,797 - Fruta dorada,SAR,797,SAR-2025-0797,27.8,15.0,321.5,Fruta dorada,369,2025,0
SAR-780,780 - fruta dorada,SAR,780,SAR-2025-0780,26.5,12.5,253.0,fruta dorada,368,2025,0
SAR-889,889 - Guanacaste,SAR,889,SAR-2025-0889,20.0,5.2,67.5,Guanacaste,1,2025,0
SAR-888,888 - Melina,SAR,888,SAR-2025-0888,25.4,14.1,254.9,Melina,188,2025,0
SAR-877,877 - poró,SAR,877,SAR-2025-0877,21.2,10.2,137.0,poró,152,2025,0
SAR-795,795 - Fruta dorada,SAR,795,SAR-2025-0795,22.0,15.0,199.5,Fruta dorada,369,2025,0
SAR-774,774 - Gavilan,SAR,774,SAR-2025-0774,19.7,13.0,142.5,Gavilan,278,2025,0
SAR-870,870 - No identificada,SAR,870,SAR-2025-0870,15.4,8.0,55.4,No identificada,388,2025,0
SAR-878,878 - poró,SAR,878,SAR-2025-0878,20.2,10.2,124.1,poró,152,2025,0
SAR-771,771 - fruta dorada,SAR,771,SAR-2025-0771,30.8,18.0,456.8,fruta dorada,368,2025,0
SAR-770,770 - Gavilan,SAR,770,SAR-2025-0770,19.2,10.0,110.2,Gavilan,278,2025,0
SAR-769,769 - Gavilan,SAR,769,SAR-2025-0769,18.0,13.5,122.0,Gavilan,278,2025,0
SAR-768,768 - Chancho,SAR,768,SAR-2025-0768,28.0,16.0,343.1,Chancho,374,2025,0
SAR-764,764 - Jacaranda,SAR,764,SAR-2025-0764,37.1,19.0,696.4,Jacaranda,222,2025,0
SAR-763,763 - Jacaranda,SAR,763,SAR-2025-0763,51.5,25.0,1683.6,Jacaranda,222,2025,0
SAR-762,762 - Jacaranda,SAR,762,SAR-2025-0762,17.7,9.0,86.0,Jacaranda,222,2025,0
SAR-761,761 - No registrado,SAR,761,SAR-2025-0761,19.2,13.0,135.2,No registrado,194,2025,0
SAR-760,760 - Gavilan,SAR,760,SAR-2025-0760,29.8,17.0,408.4,Gavilan,278,2025,0
SAR-758,758 - Gavilan,SAR,758,SAR-2025-0758,19.0,13.0,132.3,Gavilan,278,2025,0
SAR-753,753 - Cas,SAR,753,SAR-2025-0753,16.6,4.0,40.1,Cas,296,2025,0
SAR-759,759 - Gavilan,SAR,759,SAR-2025-0759,21.5,15.0,190.3,Gavilan,278,2025,0
SAR-268,268 - Chancho,SAR,268,SAR-2025-0268,34.2,15.8,510.9,Chancho,374,2025,0
SAR-269,269 - Chancho,SAR,269,SAR-2025-0269,39.9,14.5,654.4,Chancho,374,2025,0
SAR-270,270 - Chancho,SAR,270,SAR-2025-0270,26.3,12.0,241.3,Chancho,374,2025,0
SAR-271,271 - Chancho,SAR,271,SAR-2025-0271,40.7,21.7,932.9,Chancho,374,2025,0
SAR-272,272 - Chancho,SAR,272,SAR-2025-0272,24.9,13.9,242.0,Chancho,374,2025,0
SAR-273,273 - Chancho,SAR,273,SAR-2025-0273,26.2,18.0,328.4,Chancho,374,2025,0
SAR-274,274 - Chancho,SAR,274,SAR-2025-0274,62.3,23.0,2326.4,Chancho,374,2025,0
SAR-275,275 - Anonillo,SAR,275,SAR-2025-0275,33.6,17.4,531.2,Anonillo,307,2025,0
SAR-276,276 - Anonillo,SAR,276,SAR-2025-0276,26.6,12.5,254.9,Anonillo,307,2025,0
SAR-277,277 - fruta dorada,SAR,277,SAR-2025-0277,34.4,17.9,569.8,fruta dorada,368,2025,0
SAR-278,278 - Cenizaro,SAR,278,SAR-2025-0278,33.1,22.0,618.5,Cenizaro,312,2025,0
SAR-279,279 - higuerón,SAR,279,SAR-2025-0279,22.0,7.0,110.2,higuerón,174,2025,0
SAR-280,280 - Lengua de vaca,SAR,280,SAR-2025-0280,24.3,8.8,161.3,Lengua de vaca,249,2025,0
SAR-281,281 - Gavilan,SAR,281,SAR-2025-0281,27.7,10.9,248.9,Gavilan,278,2025,0
SAR-283,283 - Gavilan,SAR,283,SAR-2025-0283,24.5,11.2,197.9,Gavilan,278,2025,0
SAR-284,284 - Gavilan,SAR,284,SAR-2025-0284,28.4,11.7,276.7,Gavilan,278,2025,0
SAR-285,285 - Gavilan,SAR,285,SAR-2025-0285,31.0,14.0,380.5,Gavilan,278,2025,0
SAR-286,286 - Gavilan,SAR,286,SAR-2025-0286,21.4,10.9,147.0,Gavilan,278,2025,0
SAR-287,287 - Espavel,SAR,287,SAR-2025-0287,16.9,8.0,67.8,Espavel,13,2025,0
SAR-288,288 - Jacaranda,SAR,288,SAR-2025-0288,27.0,21.5,401.0,Jacaranda,222,2025,0
SAR-289,289 - Aguacatillo,SAR,289,SAR-2025-0289,19.8,12.7,141.3,Aguacatillo,260,2025,0
SAR-290,290 - Gavilan,SAR,290,SAR-2025-0290,27.8,14.0,304.7,Gavilan,278,2025,0
SAR-292,292 - Espavel,SAR,292,SAR-2025-0292,29.7,22.0,471.1,Espavel,13,2025,0
SAR-293,293 - Aceituno,SAR,293,SAR-2025-0293,35.1,27.5,829.5,Aceituno,328,2025,0
SAR-294,294 - Chancho,SAR,294,SAR-2025-0294,31.4,14.0,390.6,Chancho,374,2025,0
SAR-295,295 - Gavilan,SAR,295,SAR-2025-0295,26.6,10.0,214.3,Gavilan,278,2025,0
SAR-296,296 - Laurel negro,SAR,296,SAR-2025-0296,23.0,20.0,256.2,Laurel negro,11,2025,0
SAR-297,297 - Laurel negro,SAR,297,SAR-2025-0297,25.4,17.1,277.7,Laurel negro,11,2025,0
SAR-299,299 - Laurel negro,SAR,299,SAR-2025-0299,14.5,5.9,38.6,Laurel negro,11,2025,0
SAR-300,300 - Espavel,SAR,300,SAR-2025-0300,43.4,23.4,1071.5,Espavel,13,2025,0
SAR-301,301 - Espavel,SAR,301,SAR-2025-0301,29.4,22.5,469.6,Espavel,13,2025,0
SAR-302,302 - Chancho,SAR,302,SAR-2025-0302,57.4,22.5,1935.0,Chancho,374,2025,0
SAR-303,303 - Chancho,SAR,303,SAR-2025-0303,27.5,16.1,332.3,Chancho,374,2025,0
SAR-267,267 - Chancho,SAR,267,SAR-2025-0267,56.5,26.0,2096.9,Chancho,374,2025,0
SAR-265,265 - Aceituno,SAR,265,SAR-2025-0265,45.6,27.5,1414.8,Aceituno,328,2025,0
SAR-304,304 - Gavilan,SAR,304,SAR-2025-0304,23.6,15.9,240.9,Gavilan,278,2025,0
SAR-305,305 - Gavilan,SAR,305,SAR-2025-0305,22.6,14.8,208.6,Gavilan,278,2025,0
SAR-307,307 - Gavilan,SAR,307,SAR-2025-0307,28.2,14.8,327.6,Gavilan,278,2025,0
SAR-308,308 - Gavilan,SAR,308,SAR-2025-0308,27.2,16.6,332.8,Gavilan,278,2025,0
SAR-309,309 - Chancho,SAR,309,SAR-2025-0309,44.3,24.0,1199.5,Chancho,374,2025,0
SAR-310,310 - Espavel,SAR,310,SAR-2025-0310,18.6,14.8,133.2,Espavel,13,2025,0
SAR-311,311 - Chancho,SAR,311,SAR-2025-0311,23.1,20.0,275.7,Chancho,374,2025,0
SAR-312,312 - Espavel,SAR,312,SAR-2025-0312,0.6,26.5,0.2,Espavel,13,2025,0
SAR-313,313 - Gavilan,SAR,313,SAR-2025-0313,15.0,11.9,76.3,Gavilan,278,2025,0
SAR-314,314 - Gavilan,SAR,314,SAR-2025-0314,19.3,18.0,176.0,Gavilan,278,2025,0
SAR-315,315 - Gavilan,SAR,315,SAR-2025-0315,19.7,17.9,182.8,Gavilan,278,2025,0
SAR-316,316 - Gavilan,SAR,316,SAR-2025-0316,19.3,17.7,173.7,Gavilan,278,2025,0
SAR-317,317 - Gavilan,SAR,317,SAR-2025-0317,19.6,17.7,179.3,Gavilan,278,2025,0
SAR-318,318 - Gavilan,SAR,318,SAR-2025-0318,36.9,17.0,631.6,Gavilan,278,2025,0
SAR-319,319 - Gavilan,SAR,319,SAR-2025-0319,31.1,17.0,445.6,Gavilan,278,2025,0
SAR-320,320 - Gavilan,SAR,320,SAR-2025-0320,28.5,13.8,317.0,Gavilan,278,2025,0
SAR-321,321 - Gavilan,SAR,321,SAR-2025-0321,26.9,16.9,329.9,Gavilan,278,2025,0
SAR-322,322 - Gavilan,SAR,322,SAR-2025-0322,25.9,23.2,390.9,Gavilan,278,2025,0
SAR-323,323 - Gavilan,SAR,323,SAR-2025-0323,28.3,21.9,447.7,Gavilan,278,2025,0
SAR-324,324 - Gavilan,SAR,324,SAR-2025-0324,26.6,18.4,344.5,Gavilan,278,2025,0
SAR-325,325 - Gavilan,SAR,325,SAR-2025-0325,17.3,12.2,104.0,Gavilan,278,2025,0
SAR-326,326 - Gavilan,SAR,326,SAR-2025-0326,21.3,12.2,159.0,Gavilan,278,2025,0
SAR-327,327 - Gavilan,SAR,327,SAR-2025-0327,31.6,19.0,502.0,Gavilan,278,2025,0
SAR-328,328 - Amarillon,SAR,328,SAR-2025-0328,32.8,18.9,539.4,Amarillon,349,2025,0
SAR-329,329 - almendro montaña,SAR,329,SAR-2025-0329,28.0,22.0,439.7,almendro montaña,142,2025,0
SAR-330,330 - Amarillon,SAR,330,SAR-2025-0330,30.1,22.0,509.6,Amarillon,349,2025,0
SAR-331,331 - Amarillon,SAR,331,SAR-2025-0331,24.9,15.4,262.1,Amarillon,349,2025,0
SAR-332,332 - Amarillon,SAR,332,SAR-2025-0332,35.1,22.5,709.5,Amarillon,349,2025,0
SAR-333,333 - Amarillon,SAR,333,SAR-2025-0333,46.9,23.0,1303.6,Amarillon,349,2025,0
SAR-334,334 - Amarillon,SAR,334,SAR-2025-0334,23.0,22.0,294.4,Amarillon,349,2025,0
SAR-335,335 - Jacaranda,SAR,335,SAR-2025-0335,24.1,20.8,309.9,Jacaranda,222,2025,0
SAR-336,336 - Jacaranda,SAR,336,SAR-2025-0336,26.2,19.1,343.9,Jacaranda,222,2025,0
SAR-337,337 - Jacaranda,SAR,337,SAR-2025-0337,20.2,19.6,206.4,Jacaranda,222,2025,0
SAR-338,338 - Jacaranda,SAR,338,SAR-2025-0338,22.0,15.7,206.7,Jacaranda,222,2025,0
SAR-339,339 - pilón,SAR,339,SAR-2025-0339,56.6,28.0,2229.6,pilón,205,2025,0
SAR-340,340 - pilón,SAR,340,SAR-2025-0340,62.1,28.0,2693.9,pilón,205,2025,0
SAR-341,341 - Amarillon,SAR,341,SAR-2025-0341,43.3,23.9,1141.2,Amarillon,349,2025,0
SAR-342,342 - almendro montaña,SAR,342,SAR-2025-0342,20.0,21.9,220.6,almendro montaña,142,2025,0
SAR-343,343 - Amarillon,SAR,343,SAR-2025-0343,44.2,23.4,1170.7,Amarillon,349,2025,0
SAR-344,344 - mamón chino,SAR,344,SAR-2025-0344,25.1,13.5,240.5,mamón chino,265,2025,0
SAR-345,345 - Cedro amargo,SAR,345,SAR-2025-0345,17.7,18.9,141.8,Cedro amargo,9,2025,0
SAR-346,346 - Amarillon,SAR,346,SAR-2025-0346,36.6,22.9,783.4,Amarillon,349,2025,0
SAR-347,347 - Amarillon,SAR,347,SAR-2025-0347,35.4,21.7,701.8,Amarillon,349,2025,0
SAR-348,348 - Jacaranda,SAR,348,SAR-2025-0348,25.1,17.3,291.7,Jacaranda,222,2025,0
SAR-349,349 - Amarillon,SAR,349,SAR-2025-0349,35.0,24.5,753.8,Amarillon,349,2025,0
SAR-350,350 - Amarillon,SAR,350,SAR-2025-0350,38.1,26.0,938.7,Amarillon,349,2025,0
SAR-351,351 - Amarillon,SAR,351,SAR-2025-0351,42.7,24.0,1112.8,Amarillon,349,2025,0
SAR-352,352 - Amarillon,SAR,352,SAR-2025-0352,33.9,26.0,739.7,Amarillon,349,2025,0
SAR-353,353 - Amarillon,SAR,353,SAR-2025-0353,35.9,21.5,717.0,Amarillon,349,2025,0
SAR-264,264 - Carao,SAR,264,SAR-2025-0264,37.8,18.8,717.5,Carao,82,2025,0
SAR-263,263 - Gavilan,SAR,263,SAR-2025-0263,27.7,14.0,302.5,Gavilan,278,2025,0
SAR-262,262 - Gavilan,SAR,262,SAR-2025-0262,24.8,14.0,241.4,Gavilan,278,2025,0
SAR-356,356 - Nance,SAR,356,SAR-2025-0356,28.4,8.5,215.8,Nance,63,2025,0
SAR-357,357 - Nance,SAR,357,SAR-2025-0357,34.4,11.1,392.7,Nance,63,2025,0
SAR-359,"359 - manú platano, m. cuajada",SAR,359,SAR-2025-0359,39.3,15.3,661.6,"manú platano, m. cuajada",372,2025,0
SAR-360,360 - Laurel negro,SAR,360,SAR-2025-0360,22.6,23.5,280.3,Laurel negro,11,2025,0
SAR-361,361 - guabillo,SAR,361,SAR-2025-0361,26.3,21.7,382.8,guabillo,213,2025,0
SAR-362,362 - guabillo,SAR,362,SAR-2025-0362,19.0,17.6,167.5,guabillo,213,2025,0
SAR-363,363 - guabillo,SAR,363,SAR-2025-0363,35.2,16.2,552.5,guabillo,213,2025,0
SAR-364,364 - guabillo,SAR,364,SAR-2025-0364,24.4,15.1,247.7,guabillo,213,2025,0
SAR-365,365 - lengua de vaca,SAR,365,SAR-2025-0365,16.7,15.8,118.4,lengua de vaca,116,2025,0
SAR-366,366 - lagarto,SAR,366,SAR-2025-0366,22.8,19.7,265.3,lagarto,382,2025,0
SAR-367,367 - Laurel negro,SAR,367,SAR-2025-0367,27.3,22.3,395.6,Laurel negro,11,2025,0
SAR-368,368 - Nance,SAR,368,SAR-2025-0368,33.4,13.0,418.2,Nance,63,2025,0
SAR-369,369 - Nance,SAR,369,SAR-2025-0369,33.7,13.0,425.9,Nance,63,2025,0
SAR-370,370 - lagarto,SAR,370,SAR-2025-0370,29.3,23.0,499.3,lagarto,382,2025,0
SAR-371,371 - guabillo,SAR,371,SAR-2025-0371,36.9,26.4,889.9,guabillo,213,2025,0
SAR-372,372 - Laurel negro,SAR,372,SAR-2025-0372,59.1,25.1,2096.5,Laurel negro,11,2025,0
SAR-373,373 - quizarrá negro,SAR,373,SAR-2025-0373,30.1,19.8,469.4,quizarrá negro,305,2025,0
SAR-374,374 - Nance,SAR,374,SAR-2025-0374,41.7,13.1,661.6,Nance,63,2025,0
SAR-375,375 - Llama del bosque,SAR,375,SAR-2025-0375,36.5,14.8,554.5,Llama del bosque,331,2025,0
SAR-376,376 - Laurel negro,SAR,376,SAR-2025-0376,38.3,21.0,753.1,Laurel negro,11,2025,0
SAR-377,377 - Laurel negro,SAR,377,SAR-2025-0377,40.2,19.6,787.8,Laurel negro,11,2025,0
SAR-379,379 - Laurel negro,SAR,379,SAR-2025-0379,32.7,23.0,585.6,Laurel negro,11,2025,0
SAR-380,380 - Burio,SAR,380,SAR-2025-0380,41.4,23.5,1027.8,Burio,198,2025,0
SAR-381,381 - Burio,SAR,381,SAR-2025-0381,46.2,23.8,1298.3,Burio,198,2025,0
SAR-261,261 - Aguacatillo,SAR,261,SAR-2025-0261,26.9,19.8,373.2,Aguacatillo,268,2025,0
SAR-382,382 - Laurel negro,SAR,382,SAR-2025-0382,25.9,15.8,271.7,Laurel negro,11,2025,0
SAR-383,383 - mamón chino,SAR,383,SAR-2025-0383,25.2,21.1,343.3,mamón chino,265,2025,0
SAR-384,384 - mamón chino,SAR,384,SAR-2025-0384,20.0,14.5,160.0,mamón chino,265,2025,0
SAR-385,385 - mamón chino,SAR,385,SAR-2025-0385,25.2,11.0,206.7,mamón chino,265,2025,0
SAR-386,386 - mamón chino,SAR,386,SAR-2025-0386,23.7,22.4,317.3,mamón chino,265,2025,0
SAR-387,387 - mamón chino,SAR,387,SAR-2025-0387,39.9,25.0,1000.3,mamón chino,265,2025,0
SAR-388,388 - mamón chino,SAR,388,SAR-2025-0388,17.2,17.0,133.1,mamón chino,265,2025,0
SAR-389,389 - mamón chino,SAR,389,SAR-2025-0389,19.5,23.0,217.6,mamón chino,265,2025,0
SAR-390,390 - mamón chino,SAR,390,SAR-2025-0390,26.2,22.0,383.9,mamón chino,265,2025,0
SAR-391,391 - Nance,SAR,391,SAR-2025-0391,39.5,14.0,623.8,Nance,63,2025,0
SAR-392,392 - mamón chino,SAR,392,SAR-2025-0392,36.7,14.0,536.9,mamón chino,265,2025,0
SAR-393,393 - Gavilan,SAR,393,SAR-2025-0393,38.1,22.0,824.1,Gavilan,278,2025,0
SAR-394,394 - Gavilan,SAR,394,SAR-2025-0394,28.5,19.0,406.6,Gavilan,278,2025,0
SAR-395,395 - Amarillon,SAR,395,SAR-2025-0395,31.3,23.0,571.3,Amarillon,349,2025,0
SAR-396,396 - Laurel negro,SAR,396,SAR-2025-0396,36.9,23.0,749.3,Laurel negro,11,2025,0
SAR-397,397 - Amarillon,SAR,397,SAR-2025-0397,29.9,22.0,502.7,Amarillon,349,2025,0
SAR-398,398 - Amarillon,SAR,398,SAR-2025-0398,40.6,24.5,1020.3,Amarillon,349,2025,0
SAR-399,399 - Anonillo,SAR,399,SAR-2025-0399,31.6,25.5,631.3,Anonillo,307,2025,0
SAR-400,400 - Gavilan,SAR,400,SAR-2025-0400,29.1,14.5,343.7,Gavilan,278,2025,0
SAR-401,401 - Chancho,SAR,401,SAR-2025-0401,29.7,16.0,386.9,Chancho,374,2025,0
SAR-402,402 - Chancho,SAR,402,SAR-2025-0402,23.0,16.5,235.3,Chancho,374,2025,0
SAR-403,403 - Chancho,SAR,403,SAR-2025-0403,42.3,18.0,872.5,Chancho,374,2025,0
SAR-404,404 - Chancho,SAR,404,SAR-2025-0404,42.9,20.0,974.7,Chancho,374,2025,0
SAR-405,405 - Espavel,SAR,405,SAR-2025-0405,55.0,24.0,1771.7,Espavel,13,2025,0
SAR-406,406 - Chancho,SAR,406,SAR-2025-0406,33.0,17.3,509.8,Chancho,374,2025,0
SAR-407,407 - Gavilan,SAR,407,SAR-2025-0407,26.5,18.0,336.1,Gavilan,278,2025,0
SAR-408,408 - Gavilan,SAR,408,SAR-2025-0408,39.4,18.0,754.8,Gavilan,278,2025,0
SAR-409,409 - Roble sabana,SAR,409,SAR-2025-0409,22.3,13.6,180.5,Roble sabana,6,2025,0
SAR-410,410 - Roble sabana,SAR,410,SAR-2025-0410,16.9,13.3,100.8,Roble sabana,6,2025,0
SAR-411,411 - Espavel,SAR,411,SAR-2025-0411,57.2,27.4,2128.0,Espavel,13,2025,0
SAR-412,412 - Espavel,SAR,412,SAR-2025-0412,22.2,14.0,182.9,Espavel,13,2025,0
SAR-413,413 - Espavel,SAR,413,SAR-2025-0413,17.0,20.3,141.8,Espavel,13,2025,0
SAR-414,414 - Espavel,SAR,414,SAR-2025-0414,16.8,20.8,141.0,Espavel,13,2025,0
SAR-415,415 - Gavilan,SAR,415,SAR-2025-0415,52.5,15.6,1212.6,Gavilan,278,2025,0
SAR-416,416 - Chancho,SAR,416,SAR-2025-0416,48.8,21.0,1316.9,Chancho,374,2025,0
SAR-417,417 - Espavel,SAR,417,SAR-2025-0417,27.9,22.2,417.6,Espavel,13,2025,0
SAR-418,418 - Espavel,SAR,418,SAR-2025-0418,35.0,25.0,727.4,Espavel,13,2025,0
SAR-419,419 - Chancho,SAR,419,SAR-2025-0419,61.4,24.0,2334.5,Chancho,374,2025,0
SAR-420,420 - Chancho,SAR,420,SAR-2025-0420,51.7,30.0,1955.9,Chancho,374,2025,0
SAR-421,421 - Chancho,SAR,421,SAR-2025-0421,47.0,30.0,1610.3,Chancho,374,2025,0
SAR-422,422 - Chancho,SAR,422,SAR-2025-0422,52.1,25.0,1723.8,Chancho,374,2025,0
SAR-423,423 - Espavel,SAR,423,SAR-2025-0423,26.7,25.0,418.8,Espavel,13,2025,0
SAR-424,424 - Chancho,SAR,424,SAR-2025-0424,48.1,25.0,1464.6,Chancho,374,2025,0
SAR-425,425 - Espavel,SAR,425,SAR-2025-0425,42.5,21.0,943.6,Espavel,13,2025,0
SAR-426,426 - Espavel,SAR,426,SAR-2025-0426,25.4,17.0,280.1,Espavel,13,2025,0
SAR-427,427 - Espavel,SAR,427,SAR-2025-0427,43.6,20.0,957.1,Espavel,13,2025,0
SAR-428,428 - Espavel,SAR,428,SAR-2025-0428,34.2,20.0,583.2,Espavel,13,2025,0
SAR-429,429 - Espavel,SAR,429,SAR-2025-0429,17.1,14.0,107.4,Espavel,13,2025,0
SAR-430,430 - Cenizaro,SAR,430,SAR-2025-0430,18.5,15.0,140.1,Cenizaro,312,2025,0
SAR-431,431 - Espavel,SAR,431,SAR-2025-0431,26.1,16.0,282.4,Espavel,13,2025,0
SAR-432,432 - Espavel,SAR,432,SAR-2025-0432,23.7,15.8,229.7,Espavel,13,2025,0
SAR-433,433 - Espavel,SAR,433,SAR-2025-0433,24.5,16.0,248.2,Espavel,13,2025,0
SAR-434,434 - Espavel,SAR,434,SAR-2025-0434,46.4,25.0,1292.9,Espavel,13,2025,0
SAR-435,435 - Espavel,SAR,435,SAR-2025-0435,21.7,17.0,203.2,Espavel,13,2025,0
SAR-436,436 - Chancho,SAR,436,SAR-2025-0436,72.2,27.0,3561.0,Chancho,374,2025,0
SAR-499,499 - Amarillon,SAR,499,SAR-2025-0499,16.9,18.6,137.7,Amarillon,349,2025,0
SAR-437,437 - Espavel,SAR,437,SAR-2025-0437,19.5,13.0,132.5,Espavel,13,2025,0
SAR-438,438 - Espavel,SAR,438,SAR-2025-0438,15.7,9.0,64.0,Espavel,13,2025,0
SAR-439,439 - Espavel,SAR,439,SAR-2025-0439,19.8,11.0,120.1,Espavel,13,2025,0
SAR-440,440 - Anonillo,SAR,440,SAR-2025-0440,30.8,22.0,534.0,Anonillo,307,2025,0
SAR-441,441 - fruta dorada,SAR,441,SAR-2025-0441,21.5,13.5,175.4,fruta dorada,368,2025,0
SAR-442,442 - Anonillo,SAR,442,SAR-2025-0442,56.9,33.2,2573.6,Anonillo,307,2025,0
SAR-443,443 - chilamate,SAR,443,SAR-2025-0443,83.0,33.9,5650.2,chilamate,177,2025,0
SAR-444,444 - chilamate,SAR,444,SAR-2025-0444,82.9,34.5,5713.9,chilamate,177,2025,0
SAR-445,445 - Laurel negro,SAR,445,SAR-2025-0445,21.7,17.3,203.2,Laurel negro,11,2025,0
SAR-446,446 - guabillo,SAR,446,SAR-2025-0446,53.0,29.6,2036.1,guabillo,213,2025,0
SAR-447,447 - Anonillo,SAR,447,SAR-2025-0447,32.3,22.4,596.8,Anonillo,307,2025,0
SAR-449,449 - quizarrá negro,SAR,449,SAR-2025-0449,45.1,19.0,1037.1,quizarrá negro,305,2025,0
SAR-450,450 - Cenizaro,SAR,450,SAR-2025-0450,36.1,19.2,664.0,Cenizaro,312,2025,0
SAR-451,451 - Cenizaro,SAR,451,SAR-2025-0451,42.6,23.0,1071.4,Cenizaro,312,2025,0
SAR-452,452 - Laurel negro,SAR,452,SAR-2025-0452,50.6,30.3,1768.6,Laurel negro,11,2025,0
SAR-453,453 - Cenizaro,SAR,453,SAR-2025-0453,28.9,16.9,381.9,Cenizaro,312,2025,0
SAR-454,454 - Cenizaro,SAR,454,SAR-2025-0454,21.9,13.0,176.8,Cenizaro,312,2025,0
SAR-455,455 - Cenizaro,SAR,455,SAR-2025-0455,29.0,16.5,377.5,Cenizaro,312,2025,0
SAR-456,456 - Cenizaro,SAR,456,SAR-2025-0456,18.9,15.4,149.4,Cenizaro,312,2025,0
SAR-457,457 - Cenizaro,SAR,457,SAR-2025-0457,18.8,12.2,123.2,Cenizaro,312,2025,0
SAR-458,458 - No registrado,SAR,458,SAR-2025-0458,28.3,16.5,359.1,No registrado,269,2025,0
SAR-459,459 - Roble sabana,SAR,459,SAR-2025-0459,23.2,12.2,179.8,Roble sabana,6,2025,0
SAR-460,460 - Anonillo,SAR,460,SAR-2025-0460,35.2,16.8,568.4,Anonillo,307,2025,0
SAR-461,461 - Ocora,SAR,461,SAR-2025-0461,26.1,12.5,245.3,Ocora,192,2025,0
SAR-462,462 - lagarto,SAR,462,SAR-2025-0462,30.8,21.3,520.8,lagarto,382,2025,0
SAR-463,463 - Balsa,SAR,463,SAR-2025-0463,32.1,26.3,667.7,Balsa,267,2025,0
SAR-465,"465 - capulín blanco, vara blanca",SAR,465,SAR-2025-0465,58.6,27.0,2326.4,"capulín blanco, vara blanca",356,2025,0
SAR-471,471 - fruta dorada,SAR,471,SAR-2025-0471,33.6,19.0,568.9,fruta dorada,368,2025,0
SAR-472,472 - Aceituno,SAR,472,SAR-2025-0472,22.8,15.3,217.9,Aceituno,328,2025,0
SAR-473,473 - fruta dorada,SAR,473,SAR-2025-0473,40.1,19.0,816.1,fruta dorada,368,2025,0
SAR-474,474 - fruta dorada,SAR,474,SAR-2025-0474,26.5,17.0,321.5,fruta dorada,368,2025,0
SAR-475,475 - fruta dorada,SAR,475,SAR-2025-0475,32.0,16.0,450.5,fruta dorada,368,2025,0
SAR-477,477 - fruta dorada,SAR,477,SAR-2025-0477,26.9,12.4,259.2,fruta dorada,368,2025,0
SAR-479,479 - mamón chino,SAR,479,SAR-2025-0479,18.5,7.9,85.0,mamón chino,265,2025,0
SAR-480,480 - mamón chino,SAR,480,SAR-2025-0480,11.9,5.5,26.1,mamón chino,265,2025,0
SAR-525,525 - Poro,SAR,525,SAR-2025-0525,30.0,16.0,394.9,Poro,153,2025,0
SAR-481,481 - ojochillo,SAR,481,SAR-2025-0481,16.0,6.9,56.9,ojochillo,363,2025,0
SAR-482,482 - Cortez amarillo,SAR,482,SAR-2025-0482,14.2,5.0,34.7,Cortez amarillo,200,2025,0
SAR-483,483 - Cortez amarillo,SAR,483,SAR-2025-0483,23.4,7.7,134.6,Cortez amarillo,200,2025,0
SAR-260,260 - Gavilan,SAR,260,SAR-2025-0260,20.8,13.5,163.9,Gavilan,278,2025,0
SAR-484,484 - Cortez amarillo,SAR,484,SAR-2025-0484,22.9,5.5,99.1,Cortez amarillo,200,2025,0
SAR-486,486 - Cortez amarillo,SAR,486,SAR-2025-0486,16.0,7.0,57.5,Cortez amarillo,200,2025,0
SAR-488,488 - Cas,SAR,488,SAR-2025-0488,12.1,5.5,27.0,Cas,296,2025,0
SAR-489,489 - naranja,SAR,489,SAR-2025-0489,12.8,6.0,32.4,naranja,106,2025,0
SAR-490,490 - Cas,SAR,490,SAR-2025-0490,14.8,6.6,46.9,Cas,296,2025,0
SAR-491,491 - Cas,SAR,491,SAR-2025-0491,15.0,5.1,39.4,Cas,296,2025,0
SAR-492,492 - Cas,SAR,492,SAR-2025-0492,15.8,8.5,65.2,Cas,296,2025,0
SAR-493,493 - mamón chino,SAR,493,SAR-2025-0493,16.5,10.8,85.9,mamón chino,265,2025,0
SAR-494,494 - titor,SAR,494,SAR-2025-0494,20.4,19.8,212.3,titor,311,2025,0
SAR-495,495 - titor,SAR,495,SAR-2025-0495,17.4,16.7,134.4,titor,311,2025,0
SAR-496,496 - titor,SAR,496,SAR-2025-0496,12.7,12.2,55.4,titor,311,2025,0
SAR-497,497 - titor,SAR,497,SAR-2025-0497,17.2,16.3,128.8,titor,311,2025,0
SAR-498,498 - titor,SAR,498,SAR-2025-0498,11.3,12.4,44.2,titor,311,2025,0
SAR-500,500 - almendro montaña,SAR,500,SAR-2025-0500,18.7,16.6,155.0,almendro montaña,142,2025,0
SAR-501,501 - almendro montaña,SAR,501,SAR-2025-0501,20.0,22.0,221.3,almendro montaña,142,2025,0
SAR-259,259 - Gavilan,SAR,259,SAR-2025-0259,15.5,13.0,87.3,Gavilan,278,2025,0
SAR-258,258 - Gavilan,SAR,258,SAR-2025-0258,27.1,15.1,306.8,Gavilan,278,2025,0
SAR-257,257 - Gavilan,SAR,257,SAR-2025-0257,23.5,14.5,222.3,Gavilan,278,2025,0
SAR-502,502 - fosforillo,SAR,502,SAR-2025-0502,25.6,10.5,205.8,fosforillo,38,2025,0
SAR-503,503 - Laurel negro,SAR,503,SAR-2025-0503,17.9,8.0,75.3,Laurel negro,11,2025,0
SAR-504,504 - fosforillo,SAR,504,SAR-2025-0504,22.7,14.9,211.5,fosforillo,38,2025,0
SAR-505,505 - fosforillo,SAR,505,SAR-2025-0505,20.0,12.7,144.3,fosforillo,38,2025,0
SAR-506,506 - Laurel negro,SAR,506,SAR-2025-0506,54.0,29.2,1962.2,Laurel negro,11,2025,0
SAR-507,507 - Laurel negro,SAR,507,SAR-2025-0507,48.7,25.5,1430.1,Laurel negro,11,2025,0
SAR-508,508 - Laurel negro,SAR,508,SAR-2025-0508,18.1,18.7,149.1,Laurel negro,11,2025,0
SAR-509,509 - Laurel negro,SAR,509,SAR-2025-0509,13.7,15.3,72.3,Laurel negro,11,2025,0
SAR-511,511 - guarumo colorado,SAR,511,SAR-2025-0511,27.0,24.4,442.5,guarumo colorado,87,2025,0
SAR-512,512 - guarumo colorado,SAR,512,SAR-2025-0512,23.9,17.0,260.4,guarumo colorado,87,2025,0
SAR-513,513 - guarumo,SAR,513,SAR-2025-0513,13.0,12.9,60.6,guarumo,86,2025,0
SAR-515,515 - guarumo colorado,SAR,515,SAR-2025-0515,18.9,15.9,153.1,guarumo colorado,87,2025,0
SAR-516,516 - Laurel negro,SAR,516,SAR-2025-0516,77.5,25.5,3689.5,Laurel negro,11,2025,0
SAR-517,517 - Anonillo,SAR,517,SAR-2025-0517,21.5,15.3,193.3,Anonillo,307,2025,0
SAR-518,518 - Guayaba,SAR,518,SAR-2025-0518,13.8,6.2,38.7,Guayaba,297,2025,0
SAR-519,519 - Poro,SAR,519,SAR-2025-0519,29.2,13.3,323.6,Poro,153,2025,0
SAR-520,520 - Capulin,SAR,520,SAR-2025-0520,23.5,9.5,159.9,Capulin,256,2025,0
SAR-521,521 - Capulin,SAR,521,SAR-2025-0521,23.9,9.5,165.5,Capulin,256,2025,0
SAR-522,522 - Capulin,SAR,522,SAR-2025-0522,22.3,10.0,149.5,Capulin,256,2025,0
SAR-523,523 - Capulin,SAR,523,SAR-2025-0523,22.9,9.7,154.2,Capulin,256,2025,0
SAR-524,524 - Poro,SAR,524,SAR-2025-0524,25.4,15.0,267.4,Poro,153,2025,0
SAR-526,526 - Poro,SAR,526,SAR-2025-0526,20.5,8.8,114.0,Poro,153,2025,0
SAR-527,527 - Poro,SAR,527,SAR-2025-0527,25.9,12.9,247.4,Poro,153,2025,0
SAR-528,528 - lagarto,SAR,528,SAR-2025-0528,55.5,24.5,1930.5,lagarto,382,2025,0
SAR-529,529 - Poro,SAR,529,SAR-2025-0529,26.3,13.3,261.4,Poro,153,2025,0
SAR-530,530 - Poro,SAR,530,SAR-2025-0530,16.7,10.7,87.4,Poro,153,2025,0
SAR-531,531 - poró,SAR,531,SAR-2025-0531,19.9,8.1,100.6,poró,152,2025,0
SAR-532,532 - Poro,SAR,532,SAR-2025-0532,14.1,7.8,48.4,Poro,153,2025,0
SAR-534,534 - higuerón,SAR,534,SAR-2025-0534,36.0,12.7,478.5,higuerón,172,2025,0
SAR-536,536 - higuerón,SAR,536,SAR-2025-0536,37.7,12.7,525.7,higuerón,172,2025,0
SAR-537,537 - Poro,SAR,537,SAR-2025-0537,17.0,6.1,58.5,Poro,153,2025,0
SAR-538,538 - Carao,SAR,538,SAR-2025-0538,28.7,15.0,343.1,Carao,82,2025,0
SAR-539,539 - Nance,SAR,539,SAR-2025-0539,1.7,10.3,0.8,Nance,63,2025,0
SAR-540,540 - Nance,SAR,540,SAR-2025-0540,2.7,8.3,1.7,Nance,63,2025,0
SAR-541,541 - guaba mecate,SAR,541,SAR-2025-0541,13.7,8.3,47.9,guaba mecate,211,2025,0
SAR-542,542 - poró,SAR,542,SAR-2025-0542,18.6,10.0,103.3,poró,152,2025,0
SAR-543,543 - poró,SAR,543,SAR-2025-0543,18.8,8.0,88.7,poró,152,2025,0
SAR-544,544 - poró,SAR,544,SAR-2025-0544,20.1,5.8,79.1,poró,152,2025,0
SAR-545,545 - poró,SAR,545,SAR-2025-0545,39.1,20.3,816.1,poró,152,2025,0
SAR-546,546 - Guanacaste,SAR,546,SAR-2025-0546,27.4,10.9,228.2,Guanacaste,1,2025,0
SAR-547,547 - lagarto,SAR,547,SAR-2025-0547,34.7,17.7,574.9,lagarto,382,2025,0
SAR-548,548 - lagarto,SAR,548,SAR-2025-0548,24.2,17.7,275.6,lagarto,382,2025,0
SAR-549,549 - Poro,SAR,549,SAR-2025-0549,33.7,13.8,446.2,Poro,153,2025,0
SAR-550,550 - guarumo,SAR,550,SAR-2025-0550,45.6,22.2,1197.4,guarumo,86,2025,0
SAR-552,552 - guarumo,SAR,552,SAR-2025-0552,30.0,15.9,393.0,guarumo,86,2025,0
SAR-553,553 - guarumo,SAR,553,SAR-2025-0553,38.7,25.7,960.4,guarumo,86,2025,0
SAR-554,554 - guarumo,SAR,554,SAR-2025-0554,32.7,22.5,614.1,guarumo,86,2025,0
SAR-556,556 - Poro,SAR,556,SAR-2025-0556,22.8,6.0,105.1,Poro,153,2025,0
SAR-558,558 - Poro,SAR,558,SAR-2025-0558,17.6,5.7,59.6,Poro,153,2025,0
SAR-559,559 - Poro,SAR,559,SAR-2025-0559,13.8,5.6,35.8,Poro,153,2025,0
SAR-563,563 - Poro,SAR,563,SAR-2025-0563,19.1,6.0,73.2,Poro,153,2025,0
SAR-565,565 - Poro,SAR,565,SAR-2025-0565,18.0,8.2,82.8,Poro,153,2025,0
SAR-566,566 - Sota caballo,SAR,566,SAR-2025-0566,57.0,12.5,1206.8,Sota caballo,386,2025,0
SAR-567,567 - Sota caballo,SAR,567,SAR-2025-0567,54.4,27.0,1998.9,Sota caballo,386,2025,0
SAR-568,568 - Sota caballo,SAR,568,SAR-2025-0568,65.4,27.0,2910.3,Sota caballo,386,2025,0
SAR-569,569 - Sota caballo,SAR,569,SAR-2025-0569,39.5,27.5,1055.5,Sota caballo,386,2025,0
SAR-570,570 - Sota caballo,SAR,570,SAR-2025-0570,45.8,27.5,1427.5,Sota caballo,386,2025,0
SAR-571,571 - Sota caballo,SAR,571,SAR-2025-0571,24.2,11.2,193.0,Sota caballo,386,2025,0
SAR-572,572 - Sota caballo,SAR,572,SAR-2025-0572,21.0,26.0,278.5,Sota caballo,386,2025,0
SAR-573,573 - Sota caballo,SAR,573,SAR-2025-0573,67.0,26.0,2968.9,Sota caballo,386,2025,0
SAR-574,574 - Sota caballo,SAR,574,SAR-2025-0574,38.0,26.5,947.6,Sota caballo,386,2025,0
SAR-575,575 - Sota caballo,SAR,575,SAR-2025-0575,28.3,33.5,623.5,Sota caballo,386,2025,0
SAR-576,576 - Sota caballo,SAR,576,SAR-2025-0576,57.1,33.5,2610.3,Sota caballo,386,2025,0
SAR-577,577 - Sota caballo,SAR,577,SAR-2025-0577,29.0,33.5,655.4,Sota caballo,386,2025,0
SAR-578,578 - Sota caballo,SAR,578,SAR-2025-0578,19.5,10.5,118.1,Sota caballo,386,2025,0
SAR-579,579 - Sota caballo,SAR,579,SAR-2025-0579,55.4,33.0,2425.6,Sota caballo,386,2025,0
SAR-580,580 - Sota caballo,SAR,580,SAR-2025-0580,31.4,10.5,312.2,Sota caballo,386,2025,0
SAR-581,581 - Sota caballo,SAR,581,SAR-2025-0581,36.3,15.5,568.4,Sota caballo,386,2025,0
SAR-582,582 - Sota caballo,SAR,582,SAR-2025-0582,43.8,23.5,1153.0,Sota caballo,386,2025,0
SAR-583,583 - Sota caballo,SAR,583,SAR-2025-0583,38.8,31.5,1131.3,Sota caballo,386,2025,0
SAR-584,584 - Sota caballo,SAR,584,SAR-2025-0584,36.4,20.5,710.7,Sota caballo,386,2025,0
SAR-585,585 - Sota caballo,SAR,585,SAR-2025-0585,28.5,20.5,431.4,Sota caballo,386,2025,0
SAR-586,586 - Sota caballo,SAR,586,SAR-2025-0586,46.2,31.0,1595.1,Sota caballo,386,2025,0
SAR-587,587 - Sota caballo,SAR,587,SAR-2025-0587,39.4,31.0,1152.8,Sota caballo,386,2025,0
SAR-588,588 - Sota caballo,SAR,588,SAR-2025-0588,38.0,31.0,1070.8,Sota caballo,386,2025,0
SAR-589,589 - Sota caballo,SAR,589,SAR-2025-0589,35.0,31.0,905.4,Sota caballo,386,2025,0
SAR-590,590 - Sota caballo,SAR,590,SAR-2025-0590,37.4,33.5,1101.1,Sota caballo,386,2025,0
SAR-591,591 - Sota caballo,SAR,591,SAR-2025-0591,50.1,25.5,1616.3,Sota caballo,386,2025,0
SAR-592,592 - Sota caballo,SAR,592,SAR-2025-0592,33.7,30.5,827.6,Sota caballo,386,2025,0
SAR-593,593 - Sota caballo,SAR,593,SAR-2025-0593,40.2,30.0,1170.7,Sota caballo,386,2025,0
SAR-594,594 - Sota caballo,SAR,594,SAR-2025-0594,46.0,30.0,1541.2,Sota caballo,386,2025,0
SAR-595,595 - Sota caballo,SAR,595,SAR-2025-0595,59.0,35.0,2887.4,Sota caballo,386,2025,0
SAR-596,596 - Sota caballo,SAR,596,SAR-2025-0596,63.4,29.0,2888.1,Sota caballo,386,2025,0
SAR-256,256 - Gavilan,SAR,256,SAR-2025-0256,28.2,12.1,280.0,Gavilan,278,2025,0
SAR-597,597 - Sota caballo,SAR,597,SAR-2025-0597,47.5,28.5,1581.0,Sota caballo,386,2025,0
SAR-598,598 - Sota caballo,SAR,598,SAR-2025-0598,35.7,30.0,918.9,Sota caballo,386,2025,0
SAR-599,599 - Sota caballo,SAR,599,SAR-2025-0599,33.2,33.0,853.5,Sota caballo,386,2025,0
SAR-600,600 - Sota caballo,SAR,600,SAR-2025-0600,29.5,23.5,514.9,Sota caballo,386,2025,0
SAR-601,601 - Sota caballo,SAR,601,SAR-2025-0601,41.6,32.0,1320.2,Sota caballo,386,2025,0
SAR-602,602 - Sota caballo,SAR,602,SAR-2025-0602,43.5,32.5,1463.6,Sota caballo,386,2025,0
SAR-604,604 - Sota caballo,SAR,604,SAR-2025-0604,51.3,29.0,1875.0,Sota caballo,386,2025,0
SAR-605,605 - Sota caballo,SAR,605,SAR-2025-0605,42.9,29.0,1301.9,Sota caballo,386,2025,0
SAR-606,606 - Sota caballo,SAR,606,SAR-2025-0606,47.0,23.5,1331.4,Sota caballo,386,2025,0
SAR-607,607 - Sota caballo,SAR,607,SAR-2025-0607,34.7,23.0,705.1,Sota caballo,386,2025,0
SAR-608,608 - Sota caballo,SAR,608,SAR-2025-0608,23.4,34.0,428.0,Sota caballo,386,2025,0
SAR-609,609 - Sota caballo,SAR,609,SAR-2025-0609,35.3,34.0,990.0,Sota caballo,386,2025,0
SAR-610,610 - Sota caballo,SAR,610,SAR-2025-0610,36.2,34.0,1042.2,Sota caballo,386,2025,0
SAR-611,611 - Aceituno,SAR,611,SAR-2025-0611,13.8,12.0,64.8,Aceituno,328,2025,0
SAR-612,612 - Sota caballo,SAR,612,SAR-2025-0612,43.0,36.0,1548.1,Sota caballo,386,2025,0
SAR-613,613 - Sota caballo,SAR,613,SAR-2025-0613,51.4,36.0,2227.8,Sota caballo,386,2025,0
SAR-614,614 - Sota caballo,SAR,614,SAR-2025-0614,41.5,36.0,1439.9,Sota caballo,386,2025,0
SAR-615,615 - Sota caballo,SAR,615,SAR-2025-0615,46.4,36.0,1808.1,Sota caballo,386,2025,0
SAR-616,616 - Sota caballo,SAR,616,SAR-2025-0616,40.0,25.0,1005.5,Sota caballo,386,2025,0
SAR-617,617 - Sota caballo,SAR,617,SAR-2025-0617,18.2,14.5,132.0,Sota caballo,386,2025,0
SAR-618,618 - Sota caballo,SAR,618,SAR-2025-0618,45.5,41.0,1922.5,Sota caballo,386,2025,0
SAR-619,619 - Sota caballo,SAR,619,SAR-2025-0619,62.5,41.5,3708.4,Sota caballo,386,2025,0
SAR-620,620 - Sota caballo,SAR,620,SAR-2025-0620,41.0,22.0,957.2,Sota caballo,386,2025,0
SAR-621,621 - Sota caballo,SAR,621,SAR-2025-0621,56.0,40.0,2880.4,Sota caballo,386,2025,0
SAR-622,622 - Sota caballo,SAR,622,SAR-2025-0622,46.5,36.5,1835.6,Sota caballo,386,2025,0
SAR-623,623 - Sota caballo,SAR,623,SAR-2025-0623,61.0,36.5,3193.3,Sota caballo,386,2025,0
SAR-624,624 - Sota caballo,SAR,624,SAR-2025-0624,54.6,37.0,2574.2,Sota caballo,386,2025,0
SAR-625,625 - Sota caballo,SAR,625,SAR-2025-0625,42.1,37.0,1514.7,Sota caballo,386,2025,0
SAR-626,626 - Sota caballo,SAR,626,SAR-2025-0626,28.5,28.0,550.1,Sota caballo,386,2025,0
SAR-627,627 - Sota caballo,SAR,627,SAR-2025-0627,19.0,17.1,163.8,Sota caballo,386,2025,0
SAR-628,628 - Sota caballo,SAR,628,SAR-2025-0628,15.2,17.1,103.9,Sota caballo,386,2025,0
SAR-629,629 - Sota caballo,SAR,629,SAR-2025-0629,13.5,13.0,65.9,Sota caballo,386,2025,0
SAR-630,630 - Sota caballo,SAR,630,SAR-2025-0630,48.0,34.0,1853.1,Sota caballo,386,2025,0
SAR-631,631 - Sota caballo,SAR,631,SAR-2025-0631,63.9,34.0,3321.8,Sota caballo,386,2025,0
SAR-632,632 - Sota caballo,SAR,632,SAR-2025-0632,55.5,35.0,2548.8,Sota caballo,386,2025,0
SAR-633,633 - Sota caballo,SAR,633,SAR-2025-0633,47.2,35.0,1831.6,Sota caballo,386,2025,0
SAR-634,634 - Sota caballo,SAR,634,SAR-2025-0634,36.6,20.0,705.0,Sota caballo,386,2025,0
SAR-635,635 - Sota caballo,SAR,635,SAR-2025-0635,44.7,20.0,1060.0,Sota caballo,386,2025,0
SAR-636,636 - Sota caballo,SAR,636,SAR-2025-0636,49.2,20.0,1289.0,Sota caballo,386,2025,0
SAR-637,637 - Sota caballo,SAR,637,SAR-2025-0637,48.6,31.6,1795.3,Sota caballo,386,2025,0
SAR-638,638 - Sota caballo,SAR,638,SAR-2025-0638,46.8,31.6,1662.3,Sota caballo,386,2025,0
SAR-639,639 - Sota caballo,SAR,639,SAR-2025-0639,28.4,31.6,600.1,Sota caballo,386,2025,0
SAR-640,640 - Sota caballo,SAR,640,SAR-2025-0640,18.9,31.6,261.5,Sota caballo,386,2025,0
SAR-642,642 - Sota caballo,SAR,642,SAR-2025-0642,53.0,25.3,1801.8,Sota caballo,386,2025,0
SAR-643,643 - Sota caballo,SAR,643,SAR-2025-0643,56.2,14.4,1309.1,Sota caballo,386,2025,0
SAR-644,644 - Sota caballo,SAR,644,SAR-2025-0644,26.0,24.0,404.5,Sota caballo,386,2025,0
SAR-645,645 - Sota caballo,SAR,645,SAR-2025-0645,49.3,30.8,1811.9,Sota caballo,386,2025,0
SAR-646,646 - Sota caballo,SAR,646,SAR-2025-0646,38.0,29.5,1030.2,Sota caballo,386,2025,0
SAR-647,647 - Sota caballo,SAR,647,SAR-2025-0647,16.8,10.3,85.9,Sota caballo,386,2025,0
SAR-648,648 - Sota caballo,SAR,648,SAR-2025-0648,37.5,28.1,965.5,Sota caballo,386,2025,0
SAR-649,649 - Sota caballo,SAR,649,SAR-2025-0649,44.8,29.5,1441.3,Sota caballo,386,2025,0
SAR-650,650 - Sota caballo,SAR,650,SAR-2025-0650,10.9,6.1,23.6,Sota caballo,386,2025,0
SAR-651,651 - Sota caballo,SAR,651,SAR-2025-0651,17.9,15.4,133.7,Sota caballo,386,2025,0
SAR-652,652 - Sota caballo,SAR,652,SAR-2025-0652,12.9,15.4,68.5,Sota caballo,386,2025,0
SAR-653,653 - Sota caballo,SAR,653,SAR-2025-0653,15.2,15.4,95.8,Sota caballo,386,2025,0
SAR-654,654 - Sota caballo,SAR,654,SAR-2025-0654,18.8,15.4,147.8,Sota caballo,386,2025,0
SAR-655,655 - Sota caballo,SAR,655,SAR-2025-0655,20.9,15.4,183.4,Sota caballo,386,2025,0
SAR-656,656 - Sota caballo,SAR,656,SAR-2025-0656,46.3,20.0,1138.8,Sota caballo,386,2025,0
SAR-657,657 - Sota caballo,SAR,657,SAR-2025-0657,33.0,26.3,706.5,Sota caballo,386,2025,0
SAR-658,658 - Sota caballo,SAR,658,SAR-2025-0658,36.2,27.5,883.4,Sota caballo,386,2025,0
SAR-659,659 - Sota caballo,SAR,659,SAR-2025-0659,41.7,32.5,1342.8,Sota caballo,386,2025,0
SAR-660,660 - Sota caballo,SAR,660,SAR-2025-0660,35.0,25.0,765.7,Sota caballo,386,2025,0
SAR-661,661 - Sota caballo,SAR,661,SAR-2025-0661,82.6,34.5,5671.8,Sota caballo,386,2025,0
SAR-662,662 - Sota caballo,SAR,662,SAR-2025-0662,50.4,33.5,2023.6,Sota caballo,386,2025,0
SAR-663,663 - Sota caballo,SAR,663,SAR-2025-0663,41.7,37.0,1485.5,Sota caballo,386,2025,0
SAR-664,664 - Sota caballo,SAR,664,SAR-2025-0664,43.0,39.0,1647.7,Sota caballo,386,2025,0
SAR-665,665 - Sota caballo,SAR,665,SAR-2025-0665,37.4,38.5,1227.2,Sota caballo,386,2025,0
SAR-666,666 - Sota caballo,SAR,666,SAR-2025-0666,46.3,37.5,1858.3,Sota caballo,386,2025,0
SAR-667,667 - Laurel negro,SAR,667,SAR-2025-0667,86.0,39.0,6351.9,Laurel negro,11,2025,0
SAR-668,668 - Burio,SAR,668,SAR-2025-0668,27.4,19.0,375.3,Burio,198,2025,0
SAR-669,669 - Sota caballo,SAR,669,SAR-2025-0669,38.0,18.2,707.2,Sota caballo,386,2025,0
SAR-670,670 - Sota caballo,SAR,670,SAR-2025-0670,2.8,18.2,3.5,Sota caballo,386,2025,0
SAR-671,671 - Hule,SAR,671,SAR-2025-0671,14.2,11.7,67.3,Hule,84,2025,0
SAR-672,672 - Burio,SAR,672,SAR-2025-0672,13.0,13.5,62.8,Burio,198,2025,0
SAR-673,673 - Sota caballo,SAR,673,SAR-2025-0673,31.2,23.0,567.6,Sota caballo,386,2025,0
SAR-674,674 - Sota caballo,SAR,674,SAR-2025-0674,22.1,20.0,251.9,Sota caballo,386,2025,0
SAR-675,675 - pichepan,SAR,675,SAR-2025-0675,2.8,5.0,1.3,pichepan,115,2025,0
SAR-676,676 - Sota caballo,SAR,676,SAR-2025-0676,14.0,7.6,46.7,Sota caballo,386,2025,0
SAR-90,90 - Espavel,SAR,90,SAR-2024-0090,41.8,23.0,979.2,Espavel,13,2024,0
SAR-713,713 - Burio,SAR,713,SAR-2023-0713,32.1,18.5,512.9,Burio,198,2023,0
SAR-266,266 - quizarrá negro,SAR,266,SAR-2023-0266,28.1,26.9,523.3,quizarrá negro,305,2023,0
SAR-355,355 - Nance,SAR,355,SAR-2023-0355,21.3,13.0,168.8,Nance,63,2023,0
SAR-358,358 - Laurel negro,SAR,358,SAR-2023-0358,22.0,18.3,220.6,Laurel negro,11,2023,0
SAR-378,378 - Laurel negro,SAR,378,SAR-2023-0378,37.9,25.0,853.1,Laurel negro,11,2023,0
SAR-2,2 - Llama del bosque,SAR,2,SAR-2023-0002,32.8,12.5,394.9,Llama del bosque,331,2023,0
SAR-3,3 - Cinamomun,SAR,3,SAR-2023-0003,20.5,5.0,74.2,Cinamomun,99,2023,0
SAR-535,535 - higuerón,SAR,535,SAR-2023-0535,35.8,12.7,478.0,higuerón,172,2023,0
SAR-16,16 - mamón chino,SAR,16,SAR-2023-0016,21.8,11.5,160.8,mamón chino,265,2023,0
SAR-792,792 - Fruta dorada,SAR,792,SAR-2023-0792,26.9,12.0,255.3,Fruta dorada,369,2023,0
SAR-533,533 - poró,SAR,533,SAR-2023-0533,16.5,8.5,72.0,poró,152,2023,0
SAR-25,25 - mamón chino,SAR,25,SAR-2023-0025,16.0,7.0,58.1,mamón chino,265,2023,0
SAR-794,794 - Fruta dorada,SAR,794,SAR-2023-0794,32.3,14.0,418.1,Fruta dorada,369,2023,0
SAR-130,130 - Sota caballo,SAR,130,SAR-2023-0130,19.0,11.7,123.1,Sota caballo,386,2023,0
SAR-139,139 - Nance,SAR,139,SAR-2023-0139,18.0,5.9,64.7,Nance,63,2023,0
SAR-779,779 - Balsa,SAR,779,SAR-2023-0779,30.2,16.5,414.3,Balsa,267,2023,0
SAR-148,148 - Sota caballo,SAR,148,SAR-2023-0148,51.7,15.9,1205.0,Sota caballo,386,2023,0
SAR-469,469 - Balsa,SAR,469,SAR-2023-0469,44.5,23.5,1203.2,Balsa,267,2023,0
SAR-136,136 - Uruca,SAR,136,SAR-2022-0136,79.0,25.1,4083.9,Uruca,359,2022,0
SAR-222,222 - Laurel negro,SAR,222,SAR-2022-0222,57.8,20.0,1695.9,Laurel negro,11,2022,0
SAR-149,149 - Sota caballo,SAR,149,SAR-2022-0149,22.0,1.4,31.8,Sota caballo,386,2022,0
SAR-487,487 - Llama del bosque,SAR,487,SAR-2022-0487,22.2,7.1,114.6,Llama del bosque,331,2022,0
SAR-485,485 - Llama del bosque,SAR,485,SAR-2022-0485,19.1,8.0,92.6,Llama del bosque,331,2022,0
SAR-711,711 - Burio,SAR,711,SAR-2022-0711,18.3,15.4,141.3,Burio,198,2022,0
SAR-164,164 - Manglillo,SAR,164,SAR-2022-0164,19.0,10.0,109.0,Manglillo,243,2022,0
SAR-165,165 - aguacatillo,SAR,165,SAR-2022-0165,69.2,30.6,3637.2,aguacatillo,272,2022,0
SAR-166,166 - murta,SAR,166,SAR-2022-0166,14.5,9.0,57.8,murta,257,2022,0
SAR-551,551 - guarumo,SAR,551,SAR-2022-0551,36.5,19.8,702.7,guarumo,86,2022,0
SAR-184,184 - Laurel negro,SAR,184,SAR-2022-0184,40.4,29.7,1111.4,Laurel negro,11,2022,0
SAR-173,173 - sangrillo,SAR,173,SAR-2021-0173,27.7,10.0,235.1,sangrillo,301,2021,0
SAR-177,177 - Hule,SAR,177,SAR-2021-0177,14.7,10.0,64.6,Hule,84,2021,0
SAR-464,"464 - capulín blanco, vara blanca",SAR,464,SAR-2021-0464,39.9,24.0,979.0,"capulín blanco, vara blanca",356,2021,0
SAR-470,"470 - capulín blanco, vara blanca",SAR,470,SAR-2021-0470,23.8,16.0,248.8,"capulín blanco, vara blanca",356,2021,0
SAR-510,510 - guabo machete,SAR,510,SAR-2021-0510,25.3,9.1,181.6,guabo machete,218,2021,0
SAR-514,514 - almendro montaña,SAR,514,SAR-2021-0514,10.7,8.2,28.9,almendro montaña,142,2021,0
SAR-555,555 - Poro,SAR,555,SAR-2021-0555,18.7,7.5,84.3,Poro,153,2021,0
SAR-557,557 - Poro,SAR,557,SAR-2021-0557,17.3,9.0,82.9,Poro,153,2021,0
SAR-560,560 - Poro,SAR,560,SAR-2021-0560,14.8,8.0,55.0,Poro,153,2021,0
SAR-561,561 - Poro,SAR,561,SAR-2021-0561,13.4,7.3,41.8,Poro,153,2021,0
SAR-564,564 - Poro,SAR,564,SAR-2021-0564,13.3,9.7,51.4,Poro,153,2021,0
SAR-562,562 - Poro,SAR,562,SAR-2021-0562,14.0,10.0,58.4,Poro,153,2021,0
SAR-163,163 - Aguacate,SAR,163,SAR-2019-0163,23.4,,4.0,Aguacate,389,2019,0
SAR-162,162 - Aguacate,SAR,162,SAR-2019-0162,24.5,,4.4,Aguacate,389,2019,0
SAR-160,160 - Sangrillo,SAR,160,SAR-2019-0160,61.2,,13.8,Sangrillo,390,2019,0
SAR-478,478 - Fruta dorada,SAR,478,SAR-2019-0478,14.7,4.0,22.8,Fruta dorada,369,2019,0
SAR-476,476 - Capulin,SAR,476,SAR-2019-0476,41.7,19.0,670.3,Capulin,139,2019,0
SAR-112,112 - Laurel negro,SAR,112,SAR-2019-0112,15.5,11.0,52.3,Laurel negro,11,2019,0
SAR-117,117 - Sacagundí,SAR,117,SAR-2019-0117,20.0,3.0,32.0,Sacagundí,324,2019,0
SAR-118,118 - Sacagundí,SAR,118,SAR-2019-0118,13.0,3.0,13.3,Sacagundí,324,2019,0
SAR-468,468 - Balsa,SAR,468,SAR-2019-0468,32.6,20.0,185.8,Balsa,267,2019,0
SAR-467,467 - Guarumo,SAR,467,SAR-2019-0467,22.4,16.0,95.7,Guarumo,88,2019,0
SAR-140,140 - Acasia,SAR,140,SAR-2019-0140,54.2,14.0,1064.3,Acasia,33,2019,0
SAR-150,150 - Sota caballo,SAR,150,SAR-2019-0150,24.4,6.0,130.0,Sota caballo,386,2019,0
SAR-167,167 - Burio,SAR,167,SAR-2019-0167,38.5,19.0,250.6,Burio,202,2019,0
SAR-187,187 - Hule,SAR,187,SAR-2019-0187,54.2,25.0,878.5,Hule,84,2019,0
SAR-448,448 - Fruta dorada,SAR,448,SAR-2019-0448,15.9,5.0,31.8,Fruta dorada,369,2019,0
SAR-204,204 - Laurel negro,SAR,204,SAR-2019-0204,23.5,14.0,147.6,Laurel negro,11,2019,0
SAR-205,205 - Capulin,SAR,205,SAR-2019-0205,19.0,7.0,49.6,Capulin,357,2019,0
SAR-209,209 - Capulin,SAR,209,SAR-2019-0209,12.1,7.0,19.7,Capulin,357,2019,0
SAR-218,218 - Guacimo blanco,SAR,218,SAR-2019-0218,43.5,20.0,760.4,Guacimo blanco,238,2019,0
SAR-219,219 - Guacimo blanco,SAR,219,SAR-2019-0219,24.2,15.0,183.7,Guacimo blanco,238,2019,0
SAR-220,220 - Cafecillo,SAR,220,SAR-2019-0220,17.2,8.0,56.1,Cafecillo,169,2019,0
SAR-354,354 - Guayaba,SAR,354,SAR-2019-0354,11.3,5.0,20.5,Guayaba,297,2019,0
SAR-306,306 - Gavilan,SAR,306,SAR-2019-0306,14.0,7.0,32.6,Gavilan,278,2019,0
SAR-298,298 - Laurel negro,SAR,298,SAR-2019-0298,21.7,10.0,96.5,Laurel negro,11,2019,0
SAR-291,291 - Gavilan,SAR,291,SAR-2019-0291,14.0,4.0,21.1,Gavilan,278,2019,0
SAR-240,240 - Guabillo,SAR,240,SAR-2019-0240,32.0,10.0,270.0,Guabillo,215,2019,0
SAR-241,241 - Guabillo,SAR,241,SAR-2019-0241,24.1,6.0,101.7,Guabillo,215,2019,0
SAR-242,242 - Guabillo,SAR,242,SAR-2019-0242,22.4,6.0,87.6,Guabillo,215,2019,0
SAR-466,466 - Balsa,SAR,466,SAR-2018-0466,25.6,18.0,104.5,Balsa,267,2018,0
SAR-183,183 - Burio,SAR,183,SAR-2018-0183,36.7,14.0,179.2,Burio,202,2018,0
SAR-215,215 - Hule,SAR,215,SAR-2018-0215,33.8,20.0,281.8,Hule,84,2018,0
VLI-42,42 - Nance,VLI,42,VLI-2025-0042,23.2,13.0,198.9,Nance,63,2025,0
VLI-70,70 - Cedro amargo,VLI,70,VLI-2025-0070,41.8,18.0,787.7,Cedro amargo,9,2025,0
VLI-15,15 - cedro maría,VLI,15,VLI-2025-0015,22.1,17.9,231.1,cedro maría,70,2025,0
VLI-31,31 - Amarillon,VLI,31,VLI-2025-0031,24.6,17.0,276.2,Amarillon,349,2025,0
VLI-69,69 - Cedro amargo,VLI,69,VLI-2025-0069,47.5,20.5,1131.4,Cedro amargo,9,2025,0
VLI-41,41 - Amarillon,VLI,41,VLI-2025-0041,28.8,10.0,252.0,Amarillon,349,2025,0
VLI-63,63 - Amarillon,VLI,63,VLI-2025-0063,48.5,24.0,1442.9,Amarillon,349,2025,0
VLI-38,38 - Amarillon,VLI,38,VLI-2025-0038,16.2,13.6,99.0,Amarillon,349,2025,0
VLI-37,37 - Nance,VLI,37,VLI-2025-0037,27.0,13.5,279.1,Nance,63,2025,0
VLI-64,64 - Amarillon,VLI,64,VLI-2025-0064,44.2,23.0,1155.1,Amarillon,349,2025,0
VLI-56,56 - Acasia,VLI,56,VLI-2025-0056,23.4,14.4,219.2,Acasia,33,2025,0
VLI-61,61 - Aguacate,VLI,61,VLI-2025-0061,17.1,,2.4,Aguacate,279,2025,0
VLI-36,36 - Amarillon,VLI,36,VLI-2025-0036,28.4,14.4,325.3,Amarillon,349,2025,0
VLI-18,18 - cedro maría,VLI,18,VLI-2025-0018,24.0,18.4,279.3,cedro maría,70,2025,0
VLI-10,10 - No registrado,VLI,10,VLI-2025-0010,30.8,23.4,560.3,No registrado,250,2025,0
VLI-79,79 - No identificada,VLI,79,VLI-2025-0079,14.5,8.0,49.0,No identificada,388,2025,0
VLI-17,17 - Pochote,VLI,17,VLI-2025-0017,33.3,11.7,370.9,Pochote,4,2025,0
VLI-45,45 - Ceiba,VLI,45,VLI-2025-0045,99.7,13.6,4031.6,Ceiba,92,2025,0
VLI-19,19 - cedro maría,VLI,19,VLI-2025-0019,18.2,13.6,125.5,cedro maría,70,2025,0
VLI-3,3 - Lengua de vaca,VLI,3,VLI-2025-0003,20.5,21.2,226.2,Lengua de vaca,251,2025,0
VLI-78,78 - Pochote,VLI,78,VLI-2025-0078,31.0,16.0,409.1,Pochote,4,2025,0
VLI-46,46 - Amarillon,VLI,46,VLI-2025-0046,37.0,17.5,649.6,Amarillon,349,2025,0
VLI-8,8 - No registrado,VLI,8,VLI-2025-0008,15.2,19.2,113.7,No registrado,250,2025,0
VLI-65,65 - Amarillon,VLI,65,VLI-2025-0065,39.7,19.0,799.6,Amarillon,349,2025,0
VLI-26,26 - Amarillon,VLI,26,VLI-2025-0026,19.4,15.5,158.3,Amarillon,349,2025,0
VLI-21,21 - Guabillo,VLI,21,VLI-2025-0021,31.2,19.9,507.1,Guabillo,219,2025,0
VLI-47,47 - Cedro amargo,VLI,47,VLI-2025-0047,42.3,24.0,1009.8,Cedro amargo,9,2025,0
VLI-1,1 - Amarillon,VLI,1,VLI-2025-0001,36.2,26.1,848.2,Amarillon,349,2025,0
VLI-16,16 - cedro maría,VLI,16,VLI-2025-0016,27.9,18.0,373.3,cedro maría,70,2025,0
VLI-48,48 - Amarillon,VLI,48,VLI-2025-0048,14.9,11.0,70.8,Amarillon,349,2025,0
VLI-22,22 - No registrado,VLI,22,VLI-2025-0022,31.1,20.3,511.6,No registrado,250,2025,0
VLI-14,14 - Ceiba,VLI,14,VLI-2025-0014,78.1,15.9,2767.1,Ceiba,92,2025,0
VLI-49,49 - Amarillon,VLI,49,VLI-2025-0049,33.4,18.4,548.2,Amarillon,349,2025,0
VLI-73,73 - Pochote,VLI,73,VLI-2025-0073,66.2,22.0,2464.0,Pochote,4,2025,0
VLI-23,23 - No registrado,VLI,23,VLI-2025-0023,30.0,30.0,644.4,No registrado,250,2025,0
VLI-50,50 - Amarillon,VLI,50,VLI-2025-0050,28.1,20.9,425.5,Amarillon,349,2025,0
VLI-24,24 - cedro maría,VLI,24,VLI-2025-0024,19.3,15.0,152.7,cedro maría,70,2025,0
VLI-27,27 - Amarillon,VLI,27,VLI-2025-0027,16.9,15.6,120.1,Amarillon,349,2025,0
VLI-4,4 - cedro maría,VLI,4,VLI-2025-0004,18.8,17.8,165.4,cedro maría,70,2025,0
VLI-51,51 - Amarillon,VLI,51,VLI-2025-0051,19.5,15.0,156.0,Amarillon,349,2025,0
VLI-5,5 - Lengua de vaca,VLI,5,VLI-2025-0005,30.1,22.8,523.9,Lengua de vaca,251,2025,0
VLI-72,72 - Pochote,VLI,72,VLI-2025-0072,74.0,13.0,2052.7,Pochote,4,2025,0
VLI-77,77 - Pochote,VLI,77,VLI-2025-0077,43.4,16.0,812.6,Pochote,4,2025,0
VLI-2,2 - Nance,VLI,2,VLI-2025-0002,28.7,20.8,442.6,Nance,63,2025,0
VLI-52,52 - Amarillon,VLI,52,VLI-2025-0052,22.4,19.2,250.8,Amarillon,349,2025,0
VLI-28,28 - Amarillon,VLI,28,VLI-2025-0028,25.0,15.5,265.6,Amarillon,349,2025,0
VLI-25,25 - Amarillon,VLI,25,VLI-2025-0025,21.2,9.0,124.2,Amarillon,349,2025,0
VLI-9,9 - No registrado,VLI,9,VLI-2025-0009,27.2,22.3,418.8,No registrado,250,2025,0
VLI-34,34 - Amarillon,VLI,34,VLI-2025-0034,18.2,16.4,145.3,Amarillon,349,2025,0
VLI-53,53 - Amarillon,VLI,53,VLI-2025-0053,28.9,19.2,421.8,Amarillon,349,2025,0
VLI-29,29 - Amarillon,VLI,29,VLI-2025-0029,28.0,14.8,322.9,Amarillon,349,2025,0
VLI-54,54 - Acasia,VLI,54,VLI-2025-0054,30.6,17.3,437.0,Acasia,33,2025,0
VLI-12,12 - No registrado,VLI,12,VLI-2025-0012,41.1,21.6,948.3,No registrado,250,2025,0
VLI-30,30 - Amarillon,VLI,30,VLI-2025-0030,16.4,13.2,99.2,Amarillon,349,2025,0
VLI-75,75 - Pochote,VLI,75,VLI-2025-0075,23.3,13.0,194.3,Pochote,4,2025,0
VLI-55,55 - Acasia,VLI,55,VLI-2025-0055,32.9,23.7,647.4,Acasia,33,2025,0
VLI-71,71 - Pochote,VLI,71,VLI-2025-0071,46.9,13.0,809.7,Pochote,4,2025,0
VLI-11,11 - No registrado,VLI,11,VLI-2025-0011,16.3,20.0,135.4,No registrado,250,2025,0
VLI-66,66 - guanacaste macho,VLI,66,VLI-2025-0066,44.3,20.0,1040.7,guanacaste macho,148,2025,0
VLI-32,32 - Amarillon,VLI,32,VLI-2025-0032,20.8,15.4,181.6,Amarillon,349,2025,0
VLI-76,76 - Pochote,VLI,76,VLI-2025-0076,74.0,22.0,3092.6,Pochote,4,2025,0
VLI-6,6 - cedro maría,VLI,6,VLI-2025-0006,18.5,19.5,171.9,cedro maría,70,2025,0
VLI-74,74 - Pochote,VLI,74,VLI-2025-0074,37.8,15.5,598.0,Pochote,4,2025,0
VLI-13,13 - cedro maría,VLI,13,VLI-2025-0013,27.0,17.5,341.6,cedro maría,70,2025,0
VLI-67,67 - Ceiba,VLI,67,VLI-2025-0067,159.0,28.0,18334.4,Ceiba,92,2025,0
VLI-33,33 - Amarillon,VLI,33,VLI-2025-0033,40.0,18.9,808.6,Amarillon,349,2025,0
VLI-59,59 - Amarillon,VLI,59,VLI-2025-0059,30.9,18.7,473.7,Amarillon,349,2025,0
VLI-58,58 - Nance,VLI,58,VLI-2025-0058,20.0,15.1,165.1,Nance,63,2025,0
VLI-35,35 - Amarillon,VLI,35,VLI-2025-0035,21.7,16.5,208.9,Amarillon,349,2025,0
VLI-7,7 - No registrado,VLI,7,VLI-2025-0007,31.8,21.3,555.8,No registrado,250,2025,0
VLI-57,57 - Amarillon,VLI,57,VLI-2025-0057,16.4,14.6,107.3,Amarillon,349,2025,0
VLI-68,68 - Aguacate,VLI,68,VLI-2025-0068,24.8,10.4,191.5,Aguacate,279,2025,0
VLI-60,60 - Amarillon,VLI,60,VLI-2025-0060,38.1,19.5,750.2,Amarillon,349,2025,0
VLI-44,44 - Amarillon,VLI,44,VLI-2025-0044,20.5,15.8,179.9,Amarillon,349,2025,0
VLI-43,43 - Nance,VLI,43,VLI-2025-0043,26.7,12.0,248.9,Nance,63,2025,0
VLI-62,62 - Amarillon,VLI,62,VLI-2025-0062,23.5,6.9,124.6,Amarillon,349,2025,0
VLI-20,20 - cedro maría,VLI,20,VLI-2024-0020,25.9,20.1,349.6,cedro maría,70,2024,0
VLI-39,39 - Amarillon,VLI,39,VLI-2022-0039,21.9,14.5,194.5,Amarillon,349,2022,0
VLI-40,40 - Amarillon,VLI,40,VLI-2022-0040,23.0,15.8,229.8,Amarillon,349,2022,0
